   ▲ Next.js 15.5.18

   Creating an optimized production build ...
<w> [webpack.cache.PackFileCacheStrategy] Skipped not serializable cache item 'Compilation/modules|javascript/auto|/private/tmp/bagger-phase2d-staging-admission/node_modules/next/dist/build/webpack/loaders/next-flight-css-loader.js??ruleSet[1].rules[14].oneOf[5].use[0]!/private/tmp/bagger-phase2d-staging-admission/node_modules/next/dist/build/webpack/loaders/css-loader/src/index.js??ruleSet[1].rules[14].oneOf[5].use[1]!/private/tmp/bagger-phase2d-staging-admission/node_modules/next/dist/build/webpack/loaders/postcss-loader/src/index.js??ruleSet[1].rules[14].oneOf[5].use[2]!/private/var/folders/1l/c2bdsd7114l3tgslqq4np9qc0000gn/T/bagger-r2-application-nX3ajh/app/historical.module.css|rsc': No serializer registered for Warning
<w> while serializing webpack/lib/cache/PackFileCacheStrategy.PackContentItems -> webpack/lib/NormalModule -> Array { 1 items } -> webpack/lib/ModuleWarning -> Warning
<w> [webpack.cache.PackFileCacheStrategy] Skipped not serializable cache item 'Compilation/modules|javascript/auto|/private/tmp/bagger-phase2d-staging-admission/node_modules/next/dist/build/webpack/loaders/next-flight-css-loader.js??ruleSet[1].rules[14].oneOf[5].use[0]!/private/tmp/bagger-phase2d-staging-admission/node_modules/next/dist/build/webpack/loaders/css-loader/src/index.js??ruleSet[1].rules[14].oneOf[5].use[1]!/private/tmp/bagger-phase2d-staging-admission/node_modules/next/dist/build/webpack/loaders/postcss-loader/src/index.js??ruleSet[1].rules[14].oneOf[5].use[2]!/private/var/folders/1l/c2bdsd7114l3tgslqq4np9qc0000gn/T/bagger-r2-application-nX3ajh/app/draft/draft.module.css|rsc': No serializer registered for Warning
<w> while serializing webpack/lib/cache/PackFileCacheStrategy.PackContentItems -> webpack/lib/NormalModule -> Array { 1 items } -> webpack/lib/ModuleWarning -> Warning
<w> [webpack.cache.PackFileCacheStrategy] Skipped not serializable cache item 'Compilation/modules|javascript/auto|/private/tmp/bagger-phase2d-staging-admission/node_modules/next/dist/build/webpack/loaders/next-flight-css-loader.js??ruleSet[1].rules[14].oneOf[5].use[0]!/private/tmp/bagger-phase2d-staging-admission/node_modules/next/dist/build/webpack/loaders/css-loader/src/index.js??ruleSet[1].rules[14].oneOf[5].use[1]!/private/tmp/bagger-phase2d-staging-admission/node_modules/next/dist/build/webpack/loaders/postcss-loader/src/index.js??ruleSet[1].rules[14].oneOf[5].use[2]!/private/var/folders/1l/c2bdsd7114l3tgslqq4np9qc0000gn/T/bagger-r2-application-nX3ajh/app/live/live.module.css|rsc': No serializer registered for Warning
<w> while serializing webpack/lib/cache/PackFileCacheStrategy.PackContentItems -> webpack/lib/NormalModule -> Array { 1 items } -> webpack/lib/ModuleWarning -> Warning
<w> [webpack.cache.PackFileCacheStrategy] Skipped not serializable cache item 'Compilation/modules|javascript/auto|/private/tmp/bagger-phase2d-staging-admission/node_modules/next/dist/build/webpack/loaders/next-flight-css-loader.js??ruleSet[1].rules[14].oneOf[5].use[0]!/private/tmp/bagger-phase2d-staging-admission/node_modules/next/dist/build/webpack/loaders/css-loader/src/index.js??ruleSet[1].rules[14].oneOf[5].use[1]!/private/tmp/bagger-phase2d-staging-admission/node_modules/next/dist/build/webpack/loaders/postcss-loader/src/index.js??ruleSet[1].rules[14].oneOf[5].use[2]!/private/var/folders/1l/c2bdsd7114l3tgslqq4np9qc0000gn/T/bagger-r2-application-nX3ajh/app/history/historical-match-row.module.css|rsc': No serializer registered for Warning
<w> while serializing webpack/lib/cache/PackFileCacheStrategy.PackContentItems -> webpack/lib/NormalModule -> Array { 1 items } -> webpack/lib/ModuleWarning -> Warning
<w> [webpack.cache.PackFileCacheStrategy] Skipped not serializable cache item 'Compilation/modules|javascript/auto|/private/tmp/bagger-phase2d-staging-admission/node_modules/next/dist/build/webpack/loaders/next-flight-css-loader.js??ruleSet[1].rules[14].oneOf[5].use[0]!/private/tmp/bagger-phase2d-staging-admission/node_modules/next/dist/build/webpack/loaders/css-loader/src/index.js??ruleSet[1].rules[14].oneOf[5].use[1]!/private/tmp/bagger-phase2d-staging-admission/node_modules/next/dist/build/webpack/loaders/postcss-loader/src/index.js??ruleSet[1].rules[14].oneOf[5].use[2]!/private/var/folders/1l/c2bdsd7114l3tgslqq4np9qc0000gn/T/bagger-r2-application-nX3ajh/app/draft/draft.module.css|ssr': No serializer registered for Warning
<w> while serializing webpack/lib/cache/PackFileCacheStrategy.PackContentItems -> webpack/lib/NormalModule -> Array { 1 items } -> webpack/lib/ModuleWarning -> Warning
<w> [webpack.cache.PackFileCacheStrategy] Skipped not serializable cache item 'Compilation/modules|javascript/auto|/private/tmp/bagger-phase2d-staging-admission/node_modules/next/dist/build/webpack/loaders/next-flight-css-loader.js??ruleSet[1].rules[14].oneOf[5].use[0]!/private/tmp/bagger-phase2d-staging-admission/node_modules/next/dist/build/webpack/loaders/css-loader/src/index.js??ruleSet[1].rules[14].oneOf[5].use[1]!/private/tmp/bagger-phase2d-staging-admission/node_modules/next/dist/build/webpack/loaders/postcss-loader/src/index.js??ruleSet[1].rules[14].oneOf[5].use[2]!/private/var/folders/1l/c2bdsd7114l3tgslqq4np9qc0000gn/T/bagger-r2-application-nX3ajh/app/live/live.module.css|ssr': No serializer registered for Warning
<w> while serializing webpack/lib/cache/PackFileCacheStrategy.PackContentItems -> webpack/lib/NormalModule -> Array { 1 items } -> webpack/lib/ModuleWarning -> Warning
<w> [webpack.cache.PackFileCacheStrategy] Skipped not serializable cache item 'Compilation/modules|javascript/auto|/private/tmp/bagger-phase2d-staging-admission/node_modules/next/dist/build/webpack/loaders/next-flight-css-loader.js??ruleSet[1].rules[14].oneOf[5].use[0]!/private/tmp/bagger-phase2d-staging-admission/node_modules/next/dist/build/webpack/loaders/css-loader/src/index.js??ruleSet[1].rules[14].oneOf[5].use[1]!/private/tmp/bagger-phase2d-staging-admission/node_modules/next/dist/build/webpack/loaders/postcss-loader/src/index.js??ruleSet[1].rules[14].oneOf[5].use[2]!/private/var/folders/1l/c2bdsd7114l3tgslqq4np9qc0000gn/T/bagger-r2-application-nX3ajh/app/historical.module.css|ssr': No serializer registered for Warning
<w> while serializing webpack/lib/cache/PackFileCacheStrategy.PackContentItems -> webpack/lib/NormalModule -> Array { 1 items } -> webpack/lib/ModuleWarning -> Warning
<w> [webpack.cache.PackFileCacheStrategy] Skipped not serializable cache item 'Compilation/modules|javascript/auto|/private/tmp/bagger-phase2d-staging-admission/node_modules/next/dist/build/webpack/loaders/next-flight-css-loader.js??ruleSet[1].rules[14].oneOf[5].use[0]!/private/tmp/bagger-phase2d-staging-admission/node_modules/next/dist/build/webpack/loaders/css-loader/src/index.js??ruleSet[1].rules[14].oneOf[5].use[1]!/private/tmp/bagger-phase2d-staging-admission/node_modules/next/dist/build/webpack/loaders/postcss-loader/src/index.js??ruleSet[1].rules[14].oneOf[5].use[2]!/private/var/folders/1l/c2bdsd7114l3tgslqq4np9qc0000gn/T/bagger-r2-application-nX3ajh/app/odds-center/odds.module.css|ssr': No serializer registered for Warning
<w> while serializing webpack/lib/cache/PackFileCacheStrategy.PackContentItems -> webpack/lib/NormalModule -> Array { 1 items } -> webpack/lib/ModuleWarning -> Warning
<w> [webpack.cache.PackFileCacheStrategy] Skipped not serializable cache item 'Compilation/modules|javascript/auto|/private/tmp/bagger-phase2d-staging-admission/node_modules/next/dist/build/webpack/loaders/next-flight-css-loader.js??ruleSet[1].rules[14].oneOf[5].use[0]!/private/tmp/bagger-phase2d-staging-admission/node_modules/next/dist/build/webpack/loaders/css-loader/src/index.js??ruleSet[1].rules[14].oneOf[5].use[1]!/private/tmp/bagger-phase2d-staging-admission/node_modules/next/dist/build/webpack/loaders/postcss-loader/src/index.js??ruleSet[1].rules[14].oneOf[5].use[2]!/private/var/folders/1l/c2bdsd7114l3tgslqq4np9qc0000gn/T/bagger-r2-application-nX3ajh/app/war-room/war-room.module.css|ssr': No serializer registered for Warning
<w> while serializing webpack/lib/cache/PackFileCacheStrategy.PackContentItems -> webpack/lib/NormalModule -> Array { 2 items } -> webpack/lib/ModuleWarning -> Warning
<w> [webpack.cache.PackFileCacheStrategy] Skipped not serializable cache item 'Compilation/modules|javascript/auto|/private/tmp/bagger-phase2d-staging-admission/node_modules/next/dist/build/webpack/loaders/next-flight-css-loader.js??ruleSet[1].rules[14].oneOf[5].use[0]!/private/tmp/bagger-phase2d-staging-admission/node_modules/next/dist/build/webpack/loaders/css-loader/src/index.js??ruleSet[1].rules[14].oneOf[5].use[1]!/private/tmp/bagger-phase2d-staging-admission/node_modules/next/dist/build/webpack/loaders/postcss-loader/src/index.js??ruleSet[1].rules[14].oneOf[5].use[2]!/private/var/folders/1l/c2bdsd7114l3tgslqq4np9qc0000gn/T/bagger-r2-application-nX3ajh/app/admin/admin-center.module.css|ssr': No serializer registered for Warning
<w> while serializing webpack/lib/cache/PackFileCacheStrategy.PackContentItems -> webpack/lib/NormalModule -> Array { 1 items } -> webpack/lib/ModuleWarning -> Warning
<w> [webpack.cache.PackFileCacheStrategy] Skipped not serializable cache item 'Compilation/modules|javascript/auto|/private/tmp/bagger-phase2d-staging-admission/node_modules/next/dist/build/webpack/loaders/next-flight-css-loader.js??ruleSet[1].rules[14].oneOf[5].use[0]!/private/tmp/bagger-phase2d-staging-admission/node_modules/next/dist/build/webpack/loaders/css-loader/src/index.js??ruleSet[1].rules[14].oneOf[5].use[1]!/private/tmp/bagger-phase2d-staging-admission/node_modules/next/dist/build/webpack/loaders/postcss-loader/src/index.js??ruleSet[1].rules[14].oneOf[5].use[2]!/private/var/folders/1l/c2bdsd7114l3tgslqq4np9qc0000gn/T/bagger-r2-application-nX3ajh/app/admin/director/ProductionFutureYearAdministrationPanel.module.css|ssr': No serializer registered for Warning
<w> while serializing webpack/lib/cache/PackFileCacheStrategy.PackContentItems -> webpack/lib/NormalModule -> Array { 1 items } -> webpack/lib/ModuleWarning -> Warning
<w> [webpack.cache.PackFileCacheStrategy] Skipped not serializable cache item 'Compilation/modules|javascript/auto|/private/tmp/bagger-phase2d-staging-admission/node_modules/next/dist/build/webpack/loaders/next-flight-css-loader.js??ruleSet[1].rules[14].oneOf[5].use[0]!/private/tmp/bagger-phase2d-staging-admission/node_modules/next/dist/build/webpack/loaders/css-loader/src/index.js??ruleSet[1].rules[14].oneOf[5].use[1]!/private/tmp/bagger-phase2d-staging-admission/node_modules/next/dist/build/webpack/loaders/postcss-loader/src/index.js??ruleSet[1].rules[14].oneOf[5].use[2]!/private/var/folders/1l/c2bdsd7114l3tgslqq4np9qc0000gn/T/bagger-r2-application-nX3ajh/app/admin/player-passport-admin.module.css|ssr': No serializer registered for Warning
<w> while serializing webpack/lib/cache/PackFileCacheStrategy.PackContentItems -> webpack/lib/NormalModule -> Array { 1 items } -> webpack/lib/ModuleWarning -> Warning
<w> [webpack.cache.PackFileCacheStrategy] Skipped not serializable cache item 'Compilation/modules|javascript/auto|/private/tmp/bagger-phase2d-staging-admission/node_modules/next/dist/build/webpack/loaders/next-flight-css-loader.js??ruleSet[1].rules[14].oneOf[5].use[0]!/private/tmp/bagger-phase2d-staging-admission/node_modules/next/dist/build/webpack/loaders/css-loader/src/index.js??ruleSet[1].rules[14].oneOf[5].use[1]!/private/tmp/bagger-phase2d-staging-admission/node_modules/next/dist/build/webpack/loaders/postcss-loader/src/index.js??ruleSet[1].rules[14].oneOf[5].use[2]!/private/var/folders/1l/c2bdsd7114l3tgslqq4np9qc0000gn/T/bagger-r2-application-nX3ajh/app/admin/cms-manager.module.css|ssr': No serializer registered for Warning
<w> while serializing webpack/lib/cache/PackFileCacheStrategy.PackContentItems -> webpack/lib/NormalModule -> Array { 1 items } -> webpack/lib/ModuleWarning -> Warning
<w> [webpack.cache.PackFileCacheStrategy] Skipped not serializable cache item 'Compilation/modules|javascript/auto|/private/tmp/bagger-phase2d-staging-admission/node_modules/next/dist/build/webpack/loaders/next-flight-css-loader.js??ruleSet[1].rules[14].oneOf[5].use[0]!/private/tmp/bagger-phase2d-staging-admission/node_modules/next/dist/build/webpack/loaders/css-loader/src/index.js??ruleSet[1].rules[14].oneOf[5].use[1]!/private/tmp/bagger-phase2d-staging-admission/node_modules/next/dist/build/webpack/loaders/postcss-loader/src/index.js??ruleSet[1].rules[14].oneOf[5].use[2]!/private/var/folders/1l/c2bdsd7114l3tgslqq4np9qc0000gn/T/bagger-r2-application-nX3ajh/app/admin/director/net-skins-entries.module.css|ssr': No serializer registered for Warning
<w> while serializing webpack/lib/cache/PackFileCacheStrategy.PackContentItems -> webpack/lib/NormalModule -> Array { 1 items } -> webpack/lib/ModuleWarning -> Warning
 ⚠ Compiled with warnings in 7.7s

./app/admin/admin-center.module.css
Warning

(1:1045) autoprefixer: end value has mixed support, consider using flex-end instead

Import trace for requested module:
./app/admin/admin-center.module.css
./app/admin/AdminCenter.js

./app/admin/cms-manager.module.css
Warning

(1:674) autoprefixer: end value has mixed support, consider using flex-end instead

Import trace for requested module:
./app/admin/cms-manager.module.css
./app/admin/CmsManager.js
./app/admin/AdminCenter.js

./app/admin/director/ProductionFutureYearAdministrationPanel.module.css
Warning

(1:3693) autoprefixer: end value has mixed support, consider using flex-end instead

Import trace for requested module:
./app/admin/director/ProductionFutureYearAdministrationPanel.module.css
./app/admin/director/ProductionFutureYearAdministrationPanel.js
./app/admin/director/ProductionDirectorConsole.js

./app/admin/director/net-skins-entries.module.css
Warning

(24:53) autoprefixer: end value has mixed support, consider using flex-end instead

Import trace for requested module:
./app/admin/director/net-skins-entries.module.css
./app/admin/director/ProductionNetSkinsEntries.js
./app/admin/director/ProductionDirectorOperations.js
./app/admin/director/ProductionDirectorConsole.js

./app/admin/player-passport-admin.module.css
Warning

(1:108) autoprefixer: end value has mixed support, consider using flex-end instead

Import trace for requested module:
./app/admin/player-passport-admin.module.css
./app/admin/PlayerPassportAdmin.js
./app/admin/AdminCenter.js

./app/draft/draft.module.css
Warning

(1:1661) autoprefixer: end value has mixed support, consider using flex-end instead

Import trace for requested module:
./app/draft/draft.module.css
./app/draft/DraftExperience.js
./app/draft/page.js

./app/draft/draft.module.css
Warning

(1:1661) autoprefixer: end value has mixed support, consider using flex-end instead

Import trace for requested module:
./app/draft/draft.module.css
./app/draft/DraftAnalysisSummary.js

./app/historical.module.css
Warning

(2285:3) autoprefixer: end value has mixed support, consider using flex-end instead

Import trace for requested module:
./app/historical.module.css
./app/board-of-governors/page.js

./app/historical.module.css
Warning

(2285:3) autoprefixer: end value has mixed support, consider using flex-end instead

Import trace for requested module:
./app/historical.module.css
./app/history/HistoryBackToTop.js

./app/history/historical-match-row.module.css
Warning

(1:1188) autoprefixer: end value has mixed support, consider using flex-end instead

Import trace for requested module:
./app/history/historical-match-row.module.css
./app/history/HistoricalMatchRow.js
./app/history/[year]/round/[round]/page.js

./app/live/live.module.css
Warning

(155:3) autoprefixer: end value has mixed support, consider using flex-end instead

Import trace for requested module:
./app/live/live.module.css
./app/PublicMatchCard.js
./app/history/[year]/team/[side]/page.js

./app/live/live.module.css
Warning

(155:3) autoprefixer: end value has mixed support, consider using flex-end instead

Import trace for requested module:
./app/live/live.module.css
./app/me/ParticipantProfile.js

./app/odds-center/odds.module.css
Warning

(1:1051) autoprefixer: end value has mixed support, consider using flex-end instead

Import trace for requested module:
./app/odds-center/odds.module.css
./app/odds-center/OddsCenter.js

./app/war-room/war-room.module.css
Warning

(5:240) autoprefixer: end value has mixed support, consider using flex-end instead

Import trace for requested module:
./app/war-room/war-room.module.css
./app/war-room/WarRoom.js

./app/war-room/war-room.module.css
Warning

(19:50) autoprefixer: end value has mixed support, consider using flex-end instead

Import trace for requested module:
./app/war-room/war-room.module.css
./app/war-room/WarRoom.js

<w> [webpack.cache.PackFileCacheStrategy] Skipped not serializable cache item 'Compilation/modules|/private/tmp/bagger-phase2d-staging-admission/node_modules/next/dist/build/webpack/loaders/css-loader/src/index.js??ruleSet[1].rules[14].oneOf[5].use[2]!/private/tmp/bagger-phase2d-staging-admission/node_modules/next/dist/build/webpack/loaders/postcss-loader/src/index.js??ruleSet[1].rules[14].oneOf[5].use[3]!/private/var/folders/1l/c2bdsd7114l3tgslqq4np9qc0000gn/T/bagger-r2-application-nX3ajh/app/historical.module.css': No serializer registered for Warning
<w> while serializing webpack/lib/cache/PackFileCacheStrategy.PackContentItems -> webpack/lib/NormalModule -> Array { 1 items } -> webpack/lib/ModuleWarning -> Warning
<w> [webpack.cache.PackFileCacheStrategy] Skipped not serializable cache item 'Compilation/modules|/private/tmp/bagger-phase2d-staging-admission/node_modules/next/dist/build/webpack/loaders/css-loader/src/index.js??ruleSet[1].rules[14].oneOf[5].use[2]!/private/tmp/bagger-phase2d-staging-admission/node_modules/next/dist/build/webpack/loaders/postcss-loader/src/index.js??ruleSet[1].rules[14].oneOf[5].use[3]!/private/var/folders/1l/c2bdsd7114l3tgslqq4np9qc0000gn/T/bagger-r2-application-nX3ajh/app/draft/draft.module.css': No serializer registered for Warning
<w> while serializing webpack/lib/cache/PackFileCacheStrategy.PackContentItems -> webpack/lib/NormalModule -> Array { 1 items } -> webpack/lib/ModuleWarning -> Warning
<w> [webpack.cache.PackFileCacheStrategy] Skipped not serializable cache item 'Compilation/modules|/private/tmp/bagger-phase2d-staging-admission/node_modules/next/dist/build/webpack/loaders/css-loader/src/index.js??ruleSet[1].rules[14].oneOf[5].use[2]!/private/tmp/bagger-phase2d-staging-admission/node_modules/next/dist/build/webpack/loaders/postcss-loader/src/index.js??ruleSet[1].rules[14].oneOf[5].use[3]!/private/var/folders/1l/c2bdsd7114l3tgslqq4np9qc0000gn/T/bagger-r2-application-nX3ajh/app/history/historical-match-row.module.css': No serializer registered for Warning
<w> while serializing webpack/lib/cache/PackFileCacheStrategy.PackContentItems -> webpack/lib/NormalModule -> Array { 1 items } -> webpack/lib/ModuleWarning -> Warning
<w> [webpack.cache.PackFileCacheStrategy] Skipped not serializable cache item 'Compilation/modules|/private/tmp/bagger-phase2d-staging-admission/node_modules/next/dist/build/webpack/loaders/css-loader/src/index.js??ruleSet[1].rules[14].oneOf[5].use[2]!/private/tmp/bagger-phase2d-staging-admission/node_modules/next/dist/build/webpack/loaders/postcss-loader/src/index.js??ruleSet[1].rules[14].oneOf[5].use[3]!/private/var/folders/1l/c2bdsd7114l3tgslqq4np9qc0000gn/T/bagger-r2-application-nX3ajh/app/live/live.module.css': No serializer registered for Warning
<w> while serializing webpack/lib/cache/PackFileCacheStrategy.PackContentItems -> webpack/lib/NormalModule -> Array { 1 items } -> webpack/lib/ModuleWarning -> Warning
<w> [webpack.cache.PackFileCacheStrategy] Skipped not serializable cache item 'Compilation/modules|/private/tmp/bagger-phase2d-staging-admission/node_modules/next/dist/build/webpack/loaders/css-loader/src/index.js??ruleSet[1].rules[14].oneOf[5].use[2]!/private/tmp/bagger-phase2d-staging-admission/node_modules/next/dist/build/webpack/loaders/postcss-loader/src/index.js??ruleSet[1].rules[14].oneOf[5].use[3]!/private/var/folders/1l/c2bdsd7114l3tgslqq4np9qc0000gn/T/bagger-r2-application-nX3ajh/app/odds-center/odds.module.css': No serializer registered for Warning
<w> while serializing webpack/lib/cache/PackFileCacheStrategy.PackContentItems -> webpack/lib/NormalModule -> Array { 1 items } -> webpack/lib/ModuleWarning -> Warning
<w> [webpack.cache.PackFileCacheStrategy] Skipped not serializable cache item 'Compilation/modules|/private/tmp/bagger-phase2d-staging-admission/node_modules/next/dist/build/webpack/loaders/css-loader/src/index.js??ruleSet[1].rules[14].oneOf[5].use[2]!/private/tmp/bagger-phase2d-staging-admission/node_modules/next/dist/build/webpack/loaders/postcss-loader/src/index.js??ruleSet[1].rules[14].oneOf[5].use[3]!/private/var/folders/1l/c2bdsd7114l3tgslqq4np9qc0000gn/T/bagger-r2-application-nX3ajh/app/war-room/war-room.module.css': No serializer registered for Warning
<w> while serializing webpack/lib/cache/PackFileCacheStrategy.PackContentItems -> webpack/lib/NormalModule -> Array { 2 items } -> webpack/lib/ModuleWarning -> Warning
<w> [webpack.cache.PackFileCacheStrategy] Skipped not serializable cache item 'Compilation/modules|/private/tmp/bagger-phase2d-staging-admission/node_modules/next/dist/build/webpack/loaders/css-loader/src/index.js??ruleSet[1].rules[14].oneOf[5].use[2]!/private/tmp/bagger-phase2d-staging-admission/node_modules/next/dist/build/webpack/loaders/postcss-loader/src/index.js??ruleSet[1].rules[14].oneOf[5].use[3]!/private/var/folders/1l/c2bdsd7114l3tgslqq4np9qc0000gn/T/bagger-r2-application-nX3ajh/app/admin/admin-center.module.css': No serializer registered for Warning
<w> while serializing webpack/lib/cache/PackFileCacheStrategy.PackContentItems -> webpack/lib/NormalModule -> Array { 1 items } -> webpack/lib/ModuleWarning -> Warning
<w> [webpack.cache.PackFileCacheStrategy] Skipped not serializable cache item 'Compilation/modules|/private/tmp/bagger-phase2d-staging-admission/node_modules/next/dist/build/webpack/loaders/css-loader/src/index.js??ruleSet[1].rules[14].oneOf[5].use[2]!/private/tmp/bagger-phase2d-staging-admission/node_modules/next/dist/build/webpack/loaders/postcss-loader/src/index.js??ruleSet[1].rules[14].oneOf[5].use[3]!/private/var/folders/1l/c2bdsd7114l3tgslqq4np9qc0000gn/T/bagger-r2-application-nX3ajh/app/admin/cms-manager.module.css': No serializer registered for Warning
<w> while serializing webpack/lib/cache/PackFileCacheStrategy.PackContentItems -> webpack/lib/NormalModule -> Array { 1 items } -> webpack/lib/ModuleWarning -> Warning
<w> [webpack.cache.PackFileCacheStrategy] Skipped not serializable cache item 'Compilation/modules|/private/tmp/bagger-phase2d-staging-admission/node_modules/next/dist/build/webpack/loaders/css-loader/src/index.js??ruleSet[1].rules[14].oneOf[5].use[2]!/private/tmp/bagger-phase2d-staging-admission/node_modules/next/dist/build/webpack/loaders/postcss-loader/src/index.js??ruleSet[1].rules[14].oneOf[5].use[3]!/private/var/folders/1l/c2bdsd7114l3tgslqq4np9qc0000gn/T/bagger-r2-application-nX3ajh/app/admin/player-passport-admin.module.css': No serializer registered for Warning
<w> while serializing webpack/lib/cache/PackFileCacheStrategy.PackContentItems -> webpack/lib/NormalModule -> Array { 1 items } -> webpack/lib/ModuleWarning -> Warning
<w> [webpack.cache.PackFileCacheStrategy] Skipped not serializable cache item 'Compilation/modules|/private/tmp/bagger-phase2d-staging-admission/node_modules/next/dist/build/webpack/loaders/css-loader/src/index.js??ruleSet[1].rules[14].oneOf[5].use[2]!/private/tmp/bagger-phase2d-staging-admission/node_modules/next/dist/build/webpack/loaders/postcss-loader/src/index.js??ruleSet[1].rules[14].oneOf[5].use[3]!/private/var/folders/1l/c2bdsd7114l3tgslqq4np9qc0000gn/T/bagger-r2-application-nX3ajh/app/admin/director/ProductionFutureYearAdministrationPanel.module.css': No serializer registered for Warning
<w> while serializing webpack/lib/cache/PackFileCacheStrategy.PackContentItems -> webpack/lib/NormalModule -> Array { 1 items } -> webpack/lib/ModuleWarning -> Warning
<w> [webpack.cache.PackFileCacheStrategy] Skipped not serializable cache item 'Compilation/modules|/private/tmp/bagger-phase2d-staging-admission/node_modules/next/dist/build/webpack/loaders/css-loader/src/index.js??ruleSet[1].rules[14].oneOf[5].use[2]!/private/tmp/bagger-phase2d-staging-admission/node_modules/next/dist/build/webpack/loaders/postcss-loader/src/index.js??ruleSet[1].rules[14].oneOf[5].use[3]!/private/var/folders/1l/c2bdsd7114l3tgslqq4np9qc0000gn/T/bagger-r2-application-nX3ajh/app/admin/director/net-skins-entries.module.css': No serializer registered for Warning
<w> while serializing webpack/lib/cache/PackFileCacheStrategy.PackContentItems -> webpack/lib/NormalModule -> Array { 1 items } -> webpack/lib/ModuleWarning -> Warning
 ⚠ Compiled with warnings in 2.8s

./app/admin/admin-center.module.css.webpack[javascript/auto]!=!../../../../../../tmp/bagger-phase2d-staging-admission/node_modules/next/dist/build/webpack/loaders/css-loader/src/index.js??ruleSet[1].rules[14].oneOf[5].use[2]!../../../../../../tmp/bagger-phase2d-staging-admission/node_modules/next/dist/build/webpack/loaders/postcss-loader/src/index.js??ruleSet[1].rules[14].oneOf[5].use[3]!./app/admin/admin-center.module.css
Warning

(1:1045) autoprefixer: end value has mixed support, consider using flex-end instead

Import trace for requested module:
./app/admin/admin-center.module.css.webpack[javascript/auto]!=!../../../../../../tmp/bagger-phase2d-staging-admission/node_modules/next/dist/build/webpack/loaders/css-loader/src/index.js??ruleSet[1].rules[14].oneOf[5].use[2]!../../../../../../tmp/bagger-phase2d-staging-admission/node_modules/next/dist/build/webpack/loaders/postcss-loader/src/index.js??ruleSet[1].rules[14].oneOf[5].use[3]!./app/admin/admin-center.module.css
./app/admin/admin-center.module.css
./app/admin/AdminCenter.js

./app/admin/cms-manager.module.css.webpack[javascript/auto]!=!../../../../../../tmp/bagger-phase2d-staging-admission/node_modules/next/dist/build/webpack/loaders/css-loader/src/index.js??ruleSet[1].rules[14].oneOf[5].use[2]!../../../../../../tmp/bagger-phase2d-staging-admission/node_modules/next/dist/build/webpack/loaders/postcss-loader/src/index.js??ruleSet[1].rules[14].oneOf[5].use[3]!./app/admin/cms-manager.module.css
Warning

(1:674) autoprefixer: end value has mixed support, consider using flex-end instead

Import trace for requested module:
./app/admin/cms-manager.module.css.webpack[javascript/auto]!=!../../../../../../tmp/bagger-phase2d-staging-admission/node_modules/next/dist/build/webpack/loaders/css-loader/src/index.js??ruleSet[1].rules[14].oneOf[5].use[2]!../../../../../../tmp/bagger-phase2d-staging-admission/node_modules/next/dist/build/webpack/loaders/postcss-loader/src/index.js??ruleSet[1].rules[14].oneOf[5].use[3]!./app/admin/cms-manager.module.css
./app/admin/cms-manager.module.css
./app/admin/CmsManager.js
./app/admin/AdminCenter.js

./app/admin/director/ProductionFutureYearAdministrationPanel.module.css.webpack[javascript/auto]!=!../../../../../../tmp/bagger-phase2d-staging-admission/node_modules/next/dist/build/webpack/loaders/css-loader/src/index.js??ruleSet[1].rules[14].oneOf[5].use[2]!../../../../../../tmp/bagger-phase2d-staging-admission/node_modules/next/dist/build/webpack/loaders/postcss-loader/src/index.js??ruleSet[1].rules[14].oneOf[5].use[3]!./app/admin/director/ProductionFutureYearAdministrationPanel.module.css
Warning

(1:3693) autoprefixer: end value has mixed support, consider using flex-end instead

Import trace for requested module:
./app/admin/director/ProductionFutureYearAdministrationPanel.module.css.webpack[javascript/auto]!=!../../../../../../tmp/bagger-phase2d-staging-admission/node_modules/next/dist/build/webpack/loaders/css-loader/src/index.js??ruleSet[1].rules[14].oneOf[5].use[2]!../../../../../../tmp/bagger-phase2d-staging-admission/node_modules/next/dist/build/webpack/loaders/postcss-loader/src/index.js??ruleSet[1].rules[14].oneOf[5].use[3]!./app/admin/director/ProductionFutureYearAdministrationPanel.module.css
./app/admin/director/ProductionFutureYearAdministrationPanel.module.css
./app/admin/director/ProductionFutureYearAdministrationPanel.js
./app/admin/director/ProductionDirectorConsole.js

./app/admin/director/net-skins-entries.module.css.webpack[javascript/auto]!=!../../../../../../tmp/bagger-phase2d-staging-admission/node_modules/next/dist/build/webpack/loaders/css-loader/src/index.js??ruleSet[1].rules[14].oneOf[5].use[2]!../../../../../../tmp/bagger-phase2d-staging-admission/node_modules/next/dist/build/webpack/loaders/postcss-loader/src/index.js??ruleSet[1].rules[14].oneOf[5].use[3]!./app/admin/director/net-skins-entries.module.css
Warning

(24:53) autoprefixer: end value has mixed support, consider using flex-end instead

Import trace for requested module:
./app/admin/director/net-skins-entries.module.css.webpack[javascript/auto]!=!../../../../../../tmp/bagger-phase2d-staging-admission/node_modules/next/dist/build/webpack/loaders/css-loader/src/index.js??ruleSet[1].rules[14].oneOf[5].use[2]!../../../../../../tmp/bagger-phase2d-staging-admission/node_modules/next/dist/build/webpack/loaders/postcss-loader/src/index.js??ruleSet[1].rules[14].oneOf[5].use[3]!./app/admin/director/net-skins-entries.module.css
./app/admin/director/net-skins-entries.module.css
./app/admin/director/ProductionNetSkinsEntries.js
./app/admin/director/CanonicalDirectorOperations.js
./app/admin/director/CanonicalDirectorConsole.js

./app/admin/player-passport-admin.module.css.webpack[javascript/auto]!=!../../../../../../tmp/bagger-phase2d-staging-admission/node_modules/next/dist/build/webpack/loaders/css-loader/src/index.js??ruleSet[1].rules[14].oneOf[5].use[2]!../../../../../../tmp/bagger-phase2d-staging-admission/node_modules/next/dist/build/webpack/loaders/postcss-loader/src/index.js??ruleSet[1].rules[14].oneOf[5].use[3]!./app/admin/player-passport-admin.module.css
Warning

(1:108) autoprefixer: end value has mixed support, consider using flex-end instead

Import trace for requested module:
./app/admin/player-passport-admin.module.css.webpack[javascript/auto]!=!../../../../../../tmp/bagger-phase2d-staging-admission/node_modules/next/dist/build/webpack/loaders/css-loader/src/index.js??ruleSet[1].rules[14].oneOf[5].use[2]!../../../../../../tmp/bagger-phase2d-staging-admission/node_modules/next/dist/build/webpack/loaders/postcss-loader/src/index.js??ruleSet[1].rules[14].oneOf[5].use[3]!./app/admin/player-passport-admin.module.css
./app/admin/player-passport-admin.module.css
./app/admin/PlayerPassportAdmin.js
./app/admin/AdminCenter.js

./app/draft/draft.module.css.webpack[javascript/auto]!=!../../../../../../tmp/bagger-phase2d-staging-admission/node_modules/next/dist/build/webpack/loaders/css-loader/src/index.js??ruleSet[1].rules[14].oneOf[5].use[2]!../../../../../../tmp/bagger-phase2d-staging-admission/node_modules/next/dist/build/webpack/loaders/postcss-loader/src/index.js??ruleSet[1].rules[14].oneOf[5].use[3]!./app/draft/draft.module.css
Warning

(1:1661) autoprefixer: end value has mixed support, consider using flex-end instead

Import trace for requested module:
./app/draft/draft.module.css.webpack[javascript/auto]!=!../../../../../../tmp/bagger-phase2d-staging-admission/node_modules/next/dist/build/webpack/loaders/css-loader/src/index.js??ruleSet[1].rules[14].oneOf[5].use[2]!../../../../../../tmp/bagger-phase2d-staging-admission/node_modules/next/dist/build/webpack/loaders/postcss-loader/src/index.js??ruleSet[1].rules[14].oneOf[5].use[3]!./app/draft/draft.module.css
./app/draft/draft.module.css

./app/historical.module.css.webpack[javascript/auto]!=!../../../../../../tmp/bagger-phase2d-staging-admission/node_modules/next/dist/build/webpack/loaders/css-loader/src/index.js??ruleSet[1].rules[14].oneOf[5].use[2]!../../../../../../tmp/bagger-phase2d-staging-admission/node_modules/next/dist/build/webpack/loaders/postcss-loader/src/index.js??ruleSet[1].rules[14].oneOf[5].use[3]!./app/historical.module.css
Warning

(2285:3) autoprefixer: end value has mixed support, consider using flex-end instead

Import trace for requested module:
./app/historical.module.css.webpack[javascript/auto]!=!../../../../../../tmp/bagger-phase2d-staging-admission/node_modules/next/dist/build/webpack/loaders/css-loader/src/index.js??ruleSet[1].rules[14].oneOf[5].use[2]!../../../../../../tmp/bagger-phase2d-staging-admission/node_modules/next/dist/build/webpack/loaders/postcss-loader/src/index.js??ruleSet[1].rules[14].oneOf[5].use[3]!./app/historical.module.css
./app/historical.module.css

./app/history/historical-match-row.module.css.webpack[javascript/auto]!=!../../../../../../tmp/bagger-phase2d-staging-admission/node_modules/next/dist/build/webpack/loaders/css-loader/src/index.js??ruleSet[1].rules[14].oneOf[5].use[2]!../../../../../../tmp/bagger-phase2d-staging-admission/node_modules/next/dist/build/webpack/loaders/postcss-loader/src/index.js??ruleSet[1].rules[14].oneOf[5].use[3]!./app/history/historical-match-row.module.css
Warning

(1:1188) autoprefixer: end value has mixed support, consider using flex-end instead

Import trace for requested module:
./app/history/historical-match-row.module.css.webpack[javascript/auto]!=!../../../../../../tmp/bagger-phase2d-staging-admission/node_modules/next/dist/build/webpack/loaders/css-loader/src/index.js??ruleSet[1].rules[14].oneOf[5].use[2]!../../../../../../tmp/bagger-phase2d-staging-admission/node_modules/next/dist/build/webpack/loaders/postcss-loader/src/index.js??ruleSet[1].rules[14].oneOf[5].use[3]!./app/history/historical-match-row.module.css
./app/history/historical-match-row.module.css

./app/live/live.module.css.webpack[javascript/auto]!=!../../../../../../tmp/bagger-phase2d-staging-admission/node_modules/next/dist/build/webpack/loaders/css-loader/src/index.js??ruleSet[1].rules[14].oneOf[5].use[2]!../../../../../../tmp/bagger-phase2d-staging-admission/node_modules/next/dist/build/webpack/loaders/postcss-loader/src/index.js??ruleSet[1].rules[14].oneOf[5].use[3]!./app/live/live.module.css
Warning

(155:3) autoprefixer: end value has mixed support, consider using flex-end instead

Import trace for requested module:
./app/live/live.module.css.webpack[javascript/auto]!=!../../../../../../tmp/bagger-phase2d-staging-admission/node_modules/next/dist/build/webpack/loaders/css-loader/src/index.js??ruleSet[1].rules[14].oneOf[5].use[2]!../../../../../../tmp/bagger-phase2d-staging-admission/node_modules/next/dist/build/webpack/loaders/postcss-loader/src/index.js??ruleSet[1].rules[14].oneOf[5].use[3]!./app/live/live.module.css
./app/live/live.module.css

./app/odds-center/odds.module.css.webpack[javascript/auto]!=!../../../../../../tmp/bagger-phase2d-staging-admission/node_modules/next/dist/build/webpack/loaders/css-loader/src/index.js??ruleSet[1].rules[14].oneOf[5].use[2]!../../../../../../tmp/bagger-phase2d-staging-admission/node_modules/next/dist/build/webpack/loaders/postcss-loader/src/index.js??ruleSet[1].rules[14].oneOf[5].use[3]!./app/odds-center/odds.module.css
Warning

(1:1051) autoprefixer: end value has mixed support, consider using flex-end instead

Import trace for requested module:
./app/odds-center/odds.module.css.webpack[javascript/auto]!=!../../../../../../tmp/bagger-phase2d-staging-admission/node_modules/next/dist/build/webpack/loaders/css-loader/src/index.js??ruleSet[1].rules[14].oneOf[5].use[2]!../../../../../../tmp/bagger-phase2d-staging-admission/node_modules/next/dist/build/webpack/loaders/postcss-loader/src/index.js??ruleSet[1].rules[14].oneOf[5].use[3]!./app/odds-center/odds.module.css
./app/odds-center/odds.module.css
./app/odds-center/OddsCenter.js

./app/war-room/war-room.module.css.webpack[javascript/auto]!=!../../../../../../tmp/bagger-phase2d-staging-admission/node_modules/next/dist/build/webpack/loaders/css-loader/src/index.js??ruleSet[1].rules[14].oneOf[5].use[2]!../../../../../../tmp/bagger-phase2d-staging-admission/node_modules/next/dist/build/webpack/loaders/postcss-loader/src/index.js??ruleSet[1].rules[14].oneOf[5].use[3]!./app/war-room/war-room.module.css
Warning

(5:240) autoprefixer: end value has mixed support, consider using flex-end instead

Import trace for requested module:
./app/war-room/war-room.module.css.webpack[javascript/auto]!=!../../../../../../tmp/bagger-phase2d-staging-admission/node_modules/next/dist/build/webpack/loaders/css-loader/src/index.js??ruleSet[1].rules[14].oneOf[5].use[2]!../../../../../../tmp/bagger-phase2d-staging-admission/node_modules/next/dist/build/webpack/loaders/postcss-loader/src/index.js??ruleSet[1].rules[14].oneOf[5].use[3]!./app/war-room/war-room.module.css
./app/war-room/war-room.module.css
./app/war-room/WarRoom.js

./app/war-room/war-room.module.css.webpack[javascript/auto]!=!../../../../../../tmp/bagger-phase2d-staging-admission/node_modules/next/dist/build/webpack/loaders/css-loader/src/index.js??ruleSet[1].rules[14].oneOf[5].use[2]!../../../../../../tmp/bagger-phase2d-staging-admission/node_modules/next/dist/build/webpack/loaders/postcss-loader/src/index.js??ruleSet[1].rules[14].oneOf[5].use[3]!./app/war-room/war-room.module.css
Warning

(19:50) autoprefixer: end value has mixed support, consider using flex-end instead

Import trace for requested module:
./app/war-room/war-room.module.css.webpack[javascript/auto]!=!../../../../../../tmp/bagger-phase2d-staging-admission/node_modules/next/dist/build/webpack/loaders/css-loader/src/index.js??ruleSet[1].rules[14].oneOf[5].use[2]!../../../../../../tmp/bagger-phase2d-staging-admission/node_modules/next/dist/build/webpack/loaders/postcss-loader/src/index.js??ruleSet[1].rules[14].oneOf[5].use[3]!./app/war-room/war-room.module.css
./app/war-room/war-room.module.css
./app/war-room/WarRoom.js

 ✓ Compiled successfully in 10.5s
   Linting and checking validity of types ...
   Collecting page data ...
   Generating static pages (0/19) ...
   Generating static pages (4/19) 
   Generating static pages (9/19) 
   Generating static pages (14/19) 
 ✓ Generating static pages (19/19)
   Finalizing page optimization ...
   Collecting build traces ...

Route (app)                                                           Size  First Load JS
┌ ƒ /                                                              4.42 kB         115 kB
├ ○ /_not-found                                                    1.01 kB         104 kB
├ ○ /activate                                                      1.93 kB         108 kB
├ ƒ /admin                                                         24.6 kB         141 kB
├ ○ /admin/data-health                                               472 B         103 kB
├ ƒ /admin/director                                                 127 kB         278 kB
├ ƒ /admin/director/completed-history                              2.06 kB         113 kB
├ ƒ /admin/director/game-center-readiness                            414 B         151 kB
├ ƒ /admin/live-matches                                              472 B         103 kB
├ ○ /admin/publish-odds                                              472 B         103 kB
├ ƒ /admin/source-audit                                            1.01 kB         104 kB
├ ƒ /admin/step11-6-production-google-writer-fence                 6.51 kB         114 kB
├ ƒ /admin/step12-production-google-writer-provider-fence          5.24 kB         112 kB
├ ƒ /admin/tournament-guide                                          472 B         103 kB
├ ƒ /api/admin/cms                                                   472 B         103 kB
├ ƒ /api/admin/data-authority-certification                          472 B         103 kB
├ ƒ /api/admin/draft-projection                                      472 B         103 kB
├ ƒ /api/admin/production-calcutta-v1                                472 B         103 kB
├ ƒ /api/admin/production-director-synchronization                   472 B         103 kB
├ ƒ /api/admin/production-maintenance-precommit-deployment-rebind    472 B         103 kB
├ ƒ /api/admin/production-net-skins-v1                               472 B         103 kB
├ ƒ /api/admin/production-odds-calculations                          472 B         103 kB
├ ƒ /api/admin/scorecard-calibration                                 472 B         103 kB
├ ƒ /api/admin/session                                               472 B         103 kB
├ ƒ /api/admin/step11-6-production-google-writer-fence               472 B         103 kB
├ ƒ /api/admin/step11-production-google-certificate                  472 B         103 kB
├ ƒ /api/admin/step11-production-google-metadata                     472 B         103 kB
├ ƒ /api/admin/step11-scoring-rehearsal                              472 B         103 kB
├ ƒ /api/admin/tournament                                            472 B         103 kB
├ ƒ /api/admin/war-room-calculation-parity                           472 B         103 kB
├ ƒ /api/admin/war-room-input-parity                                 472 B         103 kB
├ ƒ /api/auth/hooks/send-sms                                         472 B         103 kB
├ ƒ /api/captains-briefing                                           472 B         103 kB
├ ƒ /api/cron/account-deletion                                       472 B         103 kB
├ ƒ /api/cron/future-match-google-compatibility                      472 B         103 kB
├ ƒ /api/cron/guide-sync                                             472 B         103 kB
├ ƒ /api/cron/guide-sync/diagnostics                                 472 B         103 kB
├ ƒ /api/cron/round-scorecards-archive                               472 B         103 kB
├ ƒ /api/cron/scoring-google-outbox                                  472 B         103 kB
├ ƒ /api/director                                                    472 B         103 kB
├ ƒ /api/director/access                                             472 B         103 kB
├ ƒ /api/director/canonical-odds                                     472 B         103 kB
├ ƒ /api/director/canonical-operations                               472 B         103 kB
├ ƒ /api/director/canonical-overview                                 472 B         103 kB
├ ƒ /api/director/completed-history                                  472 B         103 kB
├ ƒ /api/director/draft                                              472 B         103 kB
├ ƒ /api/director/entitlement                                        472 B         103 kB
├ ƒ /api/director/future-tournaments                                 472 B         103 kB
├ ƒ /api/director/future-tournaments/google-writer                   472 B         103 kB
├ ƒ /api/director/guide                                              472 B         103 kB
├ ƒ /api/director/guide-content                                      472 B         103 kB
├ ƒ /api/director/handicaps                                          472 B         103 kB
├ ƒ /api/director/identity-shadow-diagnostics                        472 B         103 kB
├ ƒ /api/director/impersonation                                      472 B         103 kB
├ ƒ /api/director/net-skins-entries                                  472 B         103 kB
├ ƒ /api/director/notifications/sandbox                              472 B         103 kB
├ ƒ /api/director/odds-publication                                   472 B         103 kB
├ ƒ /api/director/participant-identity                               472 B         103 kB
├ ƒ /api/director/players-access                                     472 B         103 kB
├ ƒ /api/director/prediction-settings                                472 B         103 kB
├ ƒ /api/director/production-overview                                472 B         103 kB
├ ƒ /api/director/reset-preview                                      472 B         103 kB
├ ƒ /api/director/round-scoring                                      472 B         103 kB
├ ƒ /api/director/scoring-authority                                  472 B         103 kB
├ ƒ /api/director/scoring-shadow                                     472 B         103 kB
├ ƒ /api/director/scoring-shadow/benchmark                           472 B         103 kB
├ ƒ /api/director/scoring-shadow/phase2-dry-run                      472 B         103 kB
├ ƒ /api/director/tournament-awards                                  472 B         103 kB
├ ƒ /api/director/tournament-setup                                   472 B         103 kB
├ ƒ /api/draft-analysis                                              472 B         103 kB
├ ƒ /api/draft-analytics                                             472 B         103 kB
├ ƒ /api/entry                                                       472 B         103 kB
├ ƒ /api/game-center/[matchId]                                       472 B         103 kB
├ ƒ /api/leaderboards/calcutta                                       472 B         103 kB
├ ƒ /api/leaderboards/core                                           472 B         103 kB
├ ƒ /api/leaderboards/insights                                       472 B         103 kB
├ ƒ /api/leaderboards/net-skins                                      472 B         103 kB
├ ƒ /api/live                                                        472 B         103 kB
├ ƒ /api/live-matches                                                472 B         103 kB
├ ƒ /api/mobile/v1/account/deletion                                  472 B         103 kB
├ ƒ /api/mobile/v1/auth/captcha                                      472 B         103 kB
├ ƒ /api/mobile/v1/auth/certification/renew                          472 B         103 kB
├ ƒ /api/mobile/v1/auth/otp/certify                                  472 B         103 kB
├ ƒ /api/mobile/v1/auth/otp/phone                                    472 B         103 kB
├ ƒ /api/mobile/v1/auth/otp/request                                  472 B         103 kB
├ ƒ /api/mobile/v1/calcutta                                          472 B         103 kB
├ ƒ /api/mobile/v1/guide                                             472 B         103 kB
├ ƒ /api/mobile/v1/health                                            472 B         103 kB
├ ƒ /api/mobile/v1/history                                           472 B         103 kB
├ ƒ /api/mobile/v1/history/[year]                                    472 B         103 kB
├ ƒ /api/mobile/v1/leaders                                           472 B         103 kB
├ ƒ /api/mobile/v1/matches                                           472 B         103 kB
├ ƒ /api/mobile/v1/matches/[matchId]                                 472 B         103 kB
├ ƒ /api/mobile/v1/net-skins                                         472 B         103 kB
├ ƒ /api/mobile/v1/odds                                              472 B         103 kB
├ ƒ /api/mobile/v1/passport                                          472 B         103 kB
├ ƒ /api/mobile/v1/portrait-policy                                   472 B         103 kB
├ ƒ /api/mobile/v1/records                                           472 B         103 kB
├ ƒ /api/mobile/v1/schedule                                          472 B         103 kB
├ ƒ /api/mobile/v1/scoring/current                                   472 B         103 kB
├ ƒ /api/mobile/v1/scoring/finalize                                  472 B         103 kB
├ ƒ /api/mobile/v1/scoring/hole                                      472 B         103 kB
├ ƒ /api/mobile/v1/scoring/mutation-status                           472 B         103 kB
├ ƒ /api/mobile/v1/session                                           472 B         103 kB
├ ƒ /api/mobile/v1/today                                             472 B         103 kB
├ ƒ /api/my-match                                                    472 B         103 kB
├ ƒ /api/odds/calculations                                           472 B         103 kB
├ ƒ /api/odds/inputs                                                 472 B         103 kB
├ ƒ /api/odds/prediction-settings                                    472 B         103 kB
├ ƒ /api/odds/publication-operations                                 472 B         103 kB
├ ƒ /api/odds/publish                                                472 B         103 kB
├ ƒ /api/odds/publish-preview                                        472 B         103 kB
├ ƒ /api/participant/auth/diagnostics                                472 B         103 kB
├ ƒ /api/participant/auth/otp/request                                472 B         103 kB
├ ƒ /api/participant/auth/otp/verify                                 472 B         103 kB
├ ƒ /api/participant/auth/phone                                      472 B         103 kB
├ ƒ /api/participant/auth/phone-enrollment                           472 B         103 kB
├ ƒ /api/participant/auth/phone-login-proof                          472 B         103 kB
├ ƒ /api/participant/auth/session                                    472 B         103 kB
├ ƒ /api/participant/context                                         472 B         103 kB
├ ƒ /api/participant/home                                            472 B         103 kB
├ ƒ /api/participant/tournament-guide                                472 B         103 kB
├ ƒ /api/player-passport/activation                                  472 B         103 kB
├ ƒ /api/player-passport/admin                                       472 B         103 kB
├ ƒ /api/player-passport/initialize                                  472 B         103 kB
├ ƒ /api/player-passport/matches                                     472 B         103 kB
├ ƒ /api/player-passport/notifications                               472 B         103 kB
├ ƒ /api/player-passport/readiness                                   472 B         103 kB
├ ƒ /api/player-passport/session                                     472 B         103 kB
├ ƒ /api/preview-environment                                         472 B         103 kB
├ ƒ /api/preview-reliability                                         472 B         103 kB
├ ƒ /api/scoring/access                                              472 B         103 kB
├ ƒ /api/scoring/current                                             472 B         103 kB
├ ƒ /api/scoring/diagnostics                                         472 B         103 kB
├ ƒ /api/scoring/matches                                             472 B         103 kB
├ ƒ /api/scoring/matches/[matchId]                                   472 B         103 kB
├ ƒ /api/scoring/mutation-status                                     472 B         103 kB
├ ƒ /api/scoring/session                                             472 B         103 kB
├ ƒ /api/spectator/[resource]                                        472 B         103 kB
├ ƒ /api/spectator/golf/[...path]                                    472 B         103 kB
├ ƒ /api/tournament-guide                                            472 B         103 kB
├ ƒ /api/tournament-guide/schema                                     472 B         103 kB
├ ƒ /api/tournament/foundation                                       472 B         103 kB
├ ƒ /api/tournament/live                                             472 B         103 kB
├ ƒ /api/tournament/secondary                                        472 B         103 kB
├ ○ /app                                                             472 B         103 kB
├ ƒ /app/courses                                                     145 B         118 kB
├ ƒ /app/courses/[courseId]                                        1.36 kB         118 kB
├ ƒ /app/courses/[courseId]/holes/[holeNumber]                      4.4 kB         115 kB
├ ƒ /app/guide                                                     4.18 kB         115 kB
├ ƒ /app/guide/[section]                                             146 B         121 kB
├ ƒ /app/history                                                     143 B         118 kB
├ ƒ /app/history/[year]                                             2.7 kB         119 kB
├ ƒ /app/history/[year]/round/[round]                                152 B         126 kB
├ ƒ /app/history/[year]/team/[side]                                4.05 kB         125 kB
├ ƒ /app/leaderboards                                                30 kB         146 kB
├ ƒ /app/odds                                                        135 B         117 kB
├ ƒ /app/players                                                     140 B         117 kB
├ ƒ /app/players/[slug]                                              151 B         127 kB
├ ƒ /app/tournament                                                  215 B         145 kB
├ ○ /apple-icon.png                                                    0 B            0 B
├ ƒ /board-of-governors                                              139 B         117 kB
├ ƒ /champions                                                     6.57 kB         117 kB
├ ƒ /champions/[year]                                              6.73 kB         118 kB
├ ƒ /compare                                                       11.4 kB         122 kB
├ ƒ /courses                                                         145 B         118 kB
├ ƒ /courses/[courseId]                                            1.36 kB         118 kB
├ ƒ /courses/[courseId]/holes/[holeNumber]                          4.4 kB         115 kB
├ ƒ /data-health                                                     638 B         111 kB
├ ƒ /draft                                                           912 B         118 kB
├ ƒ /draft/[year]                                                    912 B         118 kB
├ ƒ /draft/analytics                                               6.41 kB         123 kB
├ ƒ /enter                                                         1.74 kB         105 kB
├ ƒ /follow/[[...path]]                                            8.17 kB         117 kB
├ ƒ /game-center/[matchId]                                         11.3 kB         118 kB
├ ƒ /history                                                         142 B         118 kB
├ ƒ /history/[year]                                                 2.7 kB         119 kB
├ ƒ /history/[year]/round/[round]                                    152 B         126 kB
├ ƒ /history/[year]/team/[side]                                    4.05 kB         125 kB
├ ƒ /home                                                          18.2 kB         137 kB
├ ○ /icon.png                                                          0 B            0 B
├ ƒ /live                                                            232 B         149 kB
├ ○ /manifest.webmanifest                                            472 B         103 kB
├ ƒ /me                                                             8.8 kB         115 kB
├ ƒ /me/verify-mobile                                              2.92 kB         109 kB
├ ƒ /my-match                                                        147 B         141 kB
├ ƒ /odds-center                                                     135 B         117 kB
├ ○ /odds-center/admin                                               472 B         103 kB
├ ƒ /participant-auth                                              13.1 kB         116 kB
├ ƒ /players                                                         140 B         117 kB
├ ƒ /players/[slug]                                                  151 B         127 kB
├ ○ /privacy                                                         171 B         106 kB
├ ƒ /ratings                                                       1.31 kB         112 kB
├ ƒ /records                                                        4.4 kB         115 kB
├ ƒ /records/[slug]                                                8.57 kB         119 kB
├ ○ /robots.txt                                                      472 B         103 kB
├ ○ /rules                                                           472 B         103 kB
├ ƒ /score                                                           147 B         141 kB
├ ƒ /score/access/[token]                                            472 B         103 kB
├ ○ /sitemap.xml                                                     472 B         103 kB
├ ƒ /statistics                                                    4.25 kB         115 kB
├ ƒ /statistics/handicaps                                            140 B         117 kB
├ ƒ /statistics/partnerships                                         140 B         117 kB
├ ƒ /statistics/rivalries                                            139 B         117 kB
├ ○ /support                                                         171 B         106 kB
├ ƒ /tournament-guide                                              4.18 kB         115 kB
├ ƒ /tournament-guide/[section]                                      146 B         121 kB
├ ƒ /war-room                                                      18.6 kB         135 kB
├ ƒ /war-room/lineup-optimizer                                     5.25 kB         122 kB
├ ƒ /war-room/simulator                                              472 B         103 kB
└ ƒ /war-room/team-intelligence                                    8.57 kB         125 kB
+ First Load JS shared by all                                       103 kB
  ├ chunks/1547-c7ee97a2117cbca9.js                                  46 kB
  ├ chunks/7a57e81c-045bb389ab8ee4ac.js                            54.2 kB
  └ other shared chunks (total)                                    2.68 kB


○  (Static)   prerendered as static content
ƒ  (Dynamic)  server-rendered on demand


   ▲ Next.js 15.5.18
   - Local:        http://127.0.0.1:62037
   - Network:      http://127.0.0.1:62037

 ✓ Starting...
 ✓ Ready in 161ms
(node:68397) ExperimentalWarning: localStorage is not available because --localstorage-file was not provided.
(Use `node --trace-warnings ...` to show where the warning was created)
{"schema_version":1,"timestamp":"2026-10-03T02:15:07.772Z","event":"RPC","request_id":"81fce991-abb6-449c-9aa0-3b88764cb508","correlation_id":"81fce991-abb6-449c-9aa0-3b88764cb508","route":"/api/tournament/live","domain":"TOURNAMENT_READ","feature":"TOURNAMENT_READ","release":null,"release_source":"UNAVAILABLE","activation":null,"activation_source":"UNAVAILABLE","sha":"cccccccccccccccccccccccccccccccccccccccc","operation_id":null,"mutation_id":null,"job_id":null,"match_id":null,"round":null,"target_count":null,"authority_revision":null,"authority_fingerprint":null,"latency_ms":23.929,"http_status":200,"query_family":"read_certification_runtime_context_v1","phase":"rpc_transport","outcome":"NOT_APPLICABLE","error_class":null,"domain_error_code":null,"sqlstate":null,"canonical_readback":"NOT_OBSERVED","dropped_events":0}
{"schema_version":1,"timestamp":"2026-10-03T02:15:07.772Z","event":"RPC","request_id":"81fce991-abb6-449c-9aa0-3b88764cb508","correlation_id":"81fce991-abb6-449c-9aa0-3b88764cb508","route":"/api/tournament/live","domain":"TOURNAMENT_READ","feature":"TOURNAMENT_READ","release":null,"release_source":"UNAVAILABLE","activation":null,"activation_source":"UNAVAILABLE","sha":"cccccccccccccccccccccccccccccccccccccccc","operation_id":null,"mutation_id":null,"job_id":null,"match_id":null,"round":null,"target_count":null,"authority_revision":null,"authority_fingerprint":null,"latency_ms":10.225,"http_status":200,"query_family":"read_certification_runtime_context_v1","phase":"rpc_transport","outcome":"NOT_APPLICABLE","error_class":null,"domain_error_code":null,"sqlstate":null,"canonical_readback":"NOT_OBSERVED","dropped_events":0}
{"schema_version":1,"timestamp":"2026-10-03T02:15:07.802Z","event":"RPC","request_id":"81fce991-abb6-449c-9aa0-3b88764cb508","correlation_id":"81fce991-abb6-449c-9aa0-3b88764cb508","route":"/api/tournament/live","domain":"TOURNAMENT_READ","feature":"TOURNAMENT_READ","release":null,"release_source":"UNAVAILABLE","activation":1,"activation_source":"AUTHORITY_READ","sha":"cccccccccccccccccccccccccccccccccccccccc","operation_id":null,"mutation_id":null,"job_id":null,"match_id":null,"round":null,"target_count":null,"authority_revision":null,"authority_fingerprint":null,"latency_ms":29.781,"http_status":200,"query_family":"read_certification_projection_v1","phase":"rpc_transport","outcome":"NOT_APPLICABLE","error_class":null,"domain_error_code":null,"sqlstate":null,"canonical_readback":"NOT_OBSERVED","dropped_events":0}
{"schema_version":1,"timestamp":"2026-10-03T02:15:07.803Z","event":"RPC","request_id":"81fce991-abb6-449c-9aa0-3b88764cb508","correlation_id":"81fce991-abb6-449c-9aa0-3b88764cb508","route":"/api/tournament/live","domain":"TOURNAMENT_READ","feature":"TOURNAMENT_READ","release":null,"release_source":"UNAVAILABLE","activation":1,"activation_source":"AUTHORITY_READ","sha":"cccccccccccccccccccccccccccccccccccccccc","operation_id":null,"mutation_id":null,"job_id":null,"match_id":null,"round":null,"target_count":null,"authority_revision":null,"authority_fingerprint":null,"latency_ms":12.147,"http_status":200,"query_family":"read_certification_projection_v1","phase":"rpc_transport","outcome":"NOT_APPLICABLE","error_class":"INTERNAL_ERROR","domain_error_code":null,"sqlstate":null,"canonical_readback":"NOT_OBSERVED","dropped_events":0}
{"schema_version":1,"timestamp":"2026-10-03T02:15:07.816Z","event":"RPC","request_id":"81fce991-abb6-449c-9aa0-3b88764cb508","correlation_id":"81fce991-abb6-449c-9aa0-3b88764cb508","route":"/api/tournament/live","domain":"TOURNAMENT_READ","feature":"TOURNAMENT_READ","release":null,"release_source":"UNAVAILABLE","activation":1,"activation_source":"AUTHORITY_READ","sha":"cccccccccccccccccccccccccccccccccccccccc","operation_id":null,"mutation_id":null,"job_id":null,"match_id":null,"round":null,"target_count":null,"authority_revision":null,"authority_fingerprint":null,"latency_ms":9.948,"http_status":200,"query_family":"read_certification_runtime_context_v1","phase":"rpc_transport","outcome":"NOT_APPLICABLE","error_class":null,"domain_error_code":null,"sqlstate":null,"canonical_readback":"NOT_OBSERVED","dropped_events":0}
{"schema_version":1,"timestamp":"2026-10-03T02:15:07.827Z","event":"RPC","request_id":"81fce991-abb6-449c-9aa0-3b88764cb508","correlation_id":"81fce991-abb6-449c-9aa0-3b88764cb508","route":"/api/tournament/live","domain":"TOURNAMENT_READ","feature":"TOURNAMENT_READ","release":null,"release_source":"UNAVAILABLE","activation":1,"activation_source":"AUTHORITY_READ","sha":"cccccccccccccccccccccccccccccccccccccccc","operation_id":null,"mutation_id":null,"job_id":null,"match_id":null,"round":null,"target_count":null,"authority_revision":null,"authority_fingerprint":null,"latency_ms":11.107,"http_status":200,"query_family":"read_certification_projection_v1","phase":"rpc_transport","outcome":"NOT_APPLICABLE","error_class":null,"domain_error_code":null,"sqlstate":null,"canonical_readback":"NOT_OBSERVED","dropped_events":0}
{"schema_version":1,"timestamp":"2026-10-03T02:15:07.828Z","event":"REQUEST","request_id":"81fce991-abb6-449c-9aa0-3b88764cb508","correlation_id":"81fce991-abb6-449c-9aa0-3b88764cb508","route":"/api/tournament/live","domain":"TOURNAMENT_READ","feature":"TOURNAMENT_READ","release":null,"release_source":"UNAVAILABLE","activation":1,"activation_source":"AUTHORITY_READ","sha":"cccccccccccccccccccccccccccccccccccccccc","operation_id":null,"mutation_id":null,"job_id":null,"match_id":null,"round":null,"target_count":null,"authority_revision":null,"authority_fingerprint":null,"latency_ms":81.316,"http_status":200,"query_family":null,"phase":null,"outcome":"NOT_APPLICABLE","error_class":null,"domain_error_code":null,"sqlstate":null,"canonical_readback":"NOT_OBSERVED","dropped_events":0}
Runtime performance {
  operation: 'GET /api/live',
  totalMs: 0,
  blocked: true,
  source: 'supabase'
}
{"schema_version":1,"timestamp":"2026-10-03T02:15:07.832Z","event":"REQUEST","request_id":"875c31f5-45d5-424c-a303-a18c42e9601d","correlation_id":"875c31f5-45d5-424c-a303-a18c42e9601d","route":"/api/live","domain":"TOURNAMENT_READ","feature":"TOURNAMENT_READ","release":null,"release_source":"UNAVAILABLE","activation":null,"activation_source":"UNAVAILABLE","sha":"cccccccccccccccccccccccccccccccccccccccc","operation_id":null,"mutation_id":null,"job_id":null,"match_id":null,"round":null,"target_count":null,"authority_revision":null,"authority_fingerprint":null,"latency_ms":0.634,"http_status":409,"query_family":null,"phase":null,"outcome":"NOT_APPLICABLE","error_class":"CONFLICT","domain_error_code":null,"sqlstate":null,"canonical_readback":"NOT_OBSERVED","dropped_events":0}
{"schema_version":1,"timestamp":"2026-10-03T02:15:07.838Z","event":"REQUEST","request_id":"713723e5-12d4-4486-8d53-8da1397478be","correlation_id":"713723e5-12d4-4486-8d53-8da1397478be","route":"/api/director/canonical-operations","domain":"DIRECTOR","feature":"DIRECTOR","release":null,"release_source":"UNAVAILABLE","activation":null,"activation_source":"UNAVAILABLE","sha":"cccccccccccccccccccccccccccccccccccccccc","operation_id":null,"mutation_id":null,"job_id":null,"match_id":null,"round":null,"target_count":null,"authority_revision":null,"authority_fingerprint":null,"latency_ms":2.674,"http_status":403,"query_family":null,"phase":null,"outcome":"NOT_APPLICABLE","error_class":"AUTHORIZATION_DENIED","domain_error_code":null,"sqlstate":null,"canonical_readback":"NOT_OBSERVED","dropped_events":0}
{"schema_version":1,"timestamp":"2026-10-03T02:15:07.855Z","event":"RPC","request_id":"2a8b5a69-f1b5-4428-96ce-e6b9c5281078","correlation_id":"2a8b5a69-f1b5-4428-96ce-e6b9c5281078","route":"/api/director/canonical-operations","domain":"TOURNAMENT_READ","feature":"DIRECTOR","release":null,"release_source":"UNAVAILABLE","activation":null,"activation_source":"UNAVAILABLE","sha":"cccccccccccccccccccccccccccccccccccccccc","operation_id":null,"mutation_id":null,"job_id":null,"match_id":null,"round":null,"target_count":null,"authority_revision":null,"authority_fingerprint":null,"latency_ms":10.243,"http_status":200,"query_family":"read_certification_runtime_context_v1","phase":"rpc_transport","outcome":"NOT_APPLICABLE","error_class":null,"domain_error_code":null,"sqlstate":null,"canonical_readback":"NOT_OBSERVED","dropped_events":0}
{"schema_version":1,"timestamp":"2026-10-03T02:15:07.865Z","event":"RPC","request_id":"2a8b5a69-f1b5-4428-96ce-e6b9c5281078","correlation_id":"2a8b5a69-f1b5-4428-96ce-e6b9c5281078","route":"/api/director/canonical-operations","domain":"TOURNAMENT_READ","feature":"DIRECTOR","release":null,"release_source":"UNAVAILABLE","activation":null,"activation_source":"UNAVAILABLE","sha":"cccccccccccccccccccccccccccccccccccccccc","operation_id":null,"mutation_id":null,"job_id":null,"match_id":null,"round":null,"target_count":null,"authority_revision":null,"authority_fingerprint":null,"latency_ms":9.516,"http_status":200,"query_family":"read_certification_runtime_context_v1","phase":"rpc_transport","outcome":"NOT_APPLICABLE","error_class":null,"domain_error_code":null,"sqlstate":null,"canonical_readback":"NOT_OBSERVED","dropped_events":0}
{"schema_version":1,"timestamp":"2026-10-03T02:15:07.877Z","event":"RPC","request_id":"2a8b5a69-f1b5-4428-96ce-e6b9c5281078","correlation_id":"2a8b5a69-f1b5-4428-96ce-e6b9c5281078","route":"/api/director/canonical-operations","domain":"TOURNAMENT_READ","feature":"DIRECTOR","release":null,"release_source":"UNAVAILABLE","activation":null,"activation_source":"UNAVAILABLE","sha":"cccccccccccccccccccccccccccccccccccccccc","operation_id":null,"mutation_id":null,"job_id":null,"match_id":null,"round":null,"target_count":null,"authority_revision":null,"authority_fingerprint":null,"latency_ms":11.161,"http_status":200,"query_family":"read_certification_projection_v1","phase":"rpc_transport","outcome":"NOT_APPLICABLE","error_class":null,"domain_error_code":null,"sqlstate":null,"canonical_readback":"NOT_OBSERVED","dropped_events":0}
{"schema_version":1,"timestamp":"2026-10-03T02:15:07.877Z","event":"REQUEST","request_id":"2a8b5a69-f1b5-4428-96ce-e6b9c5281078","correlation_id":"2a8b5a69-f1b5-4428-96ce-e6b9c5281078","route":"/api/director/canonical-operations","domain":"DIRECTOR","feature":"DIRECTOR","release":null,"release_source":"UNAVAILABLE","activation":null,"activation_source":"UNAVAILABLE","sha":"cccccccccccccccccccccccccccccccccccccccc","operation_id":null,"mutation_id":null,"job_id":null,"match_id":null,"round":null,"target_count":null,"authority_revision":null,"authority_fingerprint":null,"latency_ms":35.437,"http_status":403,"query_family":null,"phase":null,"outcome":"NOT_APPLICABLE","error_class":"AUTHORIZATION_DENIED","domain_error_code":null,"sqlstate":null,"canonical_readback":"NOT_OBSERVED","dropped_events":0}
{"schema_version":1,"timestamp":"2026-10-03T02:15:07.890Z","event":"RPC","request_id":"fe9a0bed-b959-4f74-b2a0-3b0be69096d9","correlation_id":"fe9a0bed-b959-4f74-b2a0-3b0be69096d9","route":"/api/director/canonical-operations","domain":"TOURNAMENT_READ","feature":"DIRECTOR","release":null,"release_source":"UNAVAILABLE","activation":null,"activation_source":"UNAVAILABLE","sha":"cccccccccccccccccccccccccccccccccccccccc","operation_id":null,"mutation_id":null,"job_id":null,"match_id":null,"round":null,"target_count":null,"authority_revision":null,"authority_fingerprint":null,"latency_ms":9.425,"http_status":200,"query_family":"read_certification_runtime_context_v1","phase":"rpc_transport","outcome":"NOT_APPLICABLE","error_class":null,"domain_error_code":null,"sqlstate":null,"canonical_readback":"NOT_OBSERVED","dropped_events":0}
{"schema_version":1,"timestamp":"2026-10-03T02:15:07.899Z","event":"RPC","request_id":"fe9a0bed-b959-4f74-b2a0-3b0be69096d9","correlation_id":"fe9a0bed-b959-4f74-b2a0-3b0be69096d9","route":"/api/director/canonical-operations","domain":"TOURNAMENT_READ","feature":"DIRECTOR","release":null,"release_source":"UNAVAILABLE","activation":null,"activation_source":"UNAVAILABLE","sha":"cccccccccccccccccccccccccccccccccccccccc","operation_id":null,"mutation_id":null,"job_id":null,"match_id":null,"round":null,"target_count":null,"authority_revision":null,"authority_fingerprint":null,"latency_ms":9.159,"http_status":200,"query_family":"read_certification_runtime_context_v1","phase":"rpc_transport","outcome":"NOT_APPLICABLE","error_class":null,"domain_error_code":null,"sqlstate":null,"canonical_readback":"NOT_OBSERVED","dropped_events":0}
{"schema_version":1,"timestamp":"2026-10-03T02:15:07.910Z","event":"RPC","request_id":"fe9a0bed-b959-4f74-b2a0-3b0be69096d9","correlation_id":"fe9a0bed-b959-4f74-b2a0-3b0be69096d9","route":"/api/director/canonical-operations","domain":"TOURNAMENT_READ","feature":"DIRECTOR","release":null,"release_source":"UNAVAILABLE","activation":null,"activation_source":"UNAVAILABLE","sha":"cccccccccccccccccccccccccccccccccccccccc","operation_id":null,"mutation_id":null,"job_id":null,"match_id":null,"round":null,"target_count":null,"authority_revision":null,"authority_fingerprint":null,"latency_ms":10.807,"http_status":200,"query_family":"read_certification_projection_v1","phase":"rpc_transport","outcome":"NOT_APPLICABLE","error_class":null,"domain_error_code":null,"sqlstate":null,"canonical_readback":"NOT_OBSERVED","dropped_events":0}
{"schema_version":1,"timestamp":"2026-10-03T02:15:07.919Z","event":"RPC","request_id":"fe9a0bed-b959-4f74-b2a0-3b0be69096d9","correlation_id":"fe9a0bed-b959-4f74-b2a0-3b0be69096d9","route":"/api/director/canonical-operations","domain":"ROUND_CONTROL","feature":"DIRECTOR","release":null,"release_source":"UNAVAILABLE","activation":null,"activation_source":"UNAVAILABLE","sha":"cccccccccccccccccccccccccccccccccccccccc","operation_id":null,"mutation_id":null,"job_id":null,"match_id":null,"round":null,"target_count":null,"authority_revision":null,"authority_fingerprint":null,"latency_ms":8.842,"http_status":200,"query_family":"read_certification_runtime_context_v1","phase":"rpc_transport","outcome":"NOT_APPLICABLE","error_class":null,"domain_error_code":null,"sqlstate":null,"canonical_readback":"NOT_OBSERVED","dropped_events":0}
{"schema_version":1,"timestamp":"2026-10-03T02:15:07.980Z","event":"RPC","request_id":"fe9a0bed-b959-4f74-b2a0-3b0be69096d9","correlation_id":"fe9a0bed-b959-4f74-b2a0-3b0be69096d9","route":"/api/director/canonical-operations","domain":"ROUND_CONTROL","feature":"DIRECTOR","release":null,"release_source":"UNAVAILABLE","activation":null,"activation_source":"UNAVAILABLE","sha":"cccccccccccccccccccccccccccccccccccccccc","operation_id":null,"mutation_id":null,"job_id":null,"match_id":null,"round":null,"target_count":null,"authority_revision":null,"authority_fingerprint":null,"latency_ms":59.72,"http_status":200,"query_family":"read_certification_operation_v1","phase":"rpc_transport","outcome":"NOT_APPLICABLE","error_class":null,"domain_error_code":null,"sqlstate":null,"canonical_readback":"NOT_OBSERVED","dropped_events":0}
{"schema_version":1,"timestamp":"2026-10-03T02:15:07.980Z","event":"REQUEST","request_id":"fe9a0bed-b959-4f74-b2a0-3b0be69096d9","correlation_id":"fe9a0bed-b959-4f74-b2a0-3b0be69096d9","route":"/api/director/canonical-operations","domain":"DIRECTOR","feature":"DIRECTOR","release":null,"release_source":"UNAVAILABLE","activation":null,"activation_source":"UNAVAILABLE","sha":"cccccccccccccccccccccccccccccccccccccccc","operation_id":null,"mutation_id":null,"job_id":null,"match_id":null,"round":null,"target_count":null,"authority_revision":null,"authority_fingerprint":null,"latency_ms":100.788,"http_status":200,"query_family":null,"phase":null,"outcome":"NOT_APPLICABLE","error_class":null,"domain_error_code":null,"sqlstate":null,"canonical_readback":"NOT_OBSERVED","dropped_events":0}
{"schema_version":1,"timestamp":"2026-10-03T02:15:07.994Z","event":"RPC","request_id":"4f5f4c31-3471-4400-b062-6a522a031334","correlation_id":"4f5f4c31-3471-4400-b062-6a522a031334","route":"/api/leaderboards/core","domain":"TOURNAMENT_READ","feature":"TOURNAMENT_READ","release":null,"release_source":"UNAVAILABLE","activation":null,"activation_source":"UNAVAILABLE","sha":"cccccccccccccccccccccccccccccccccccccccc","operation_id":null,"mutation_id":null,"job_id":null,"match_id":null,"round":null,"target_count":null,"authority_revision":null,"authority_fingerprint":null,"latency_ms":10.02,"http_status":200,"query_family":"read_certification_runtime_context_v1","phase":"rpc_transport","outcome":"NOT_APPLICABLE","error_class":null,"domain_error_code":null,"sqlstate":null,"canonical_readback":"NOT_OBSERVED","dropped_events":0}
{"schema_version":1,"timestamp":"2026-10-03T02:15:08.006Z","event":"RPC","request_id":"4f5f4c31-3471-4400-b062-6a522a031334","correlation_id":"4f5f4c31-3471-4400-b062-6a522a031334","route":"/api/leaderboards/core","domain":"TOURNAMENT_READ","feature":"TOURNAMENT_READ","release":null,"release_source":"UNAVAILABLE","activation":null,"activation_source":"UNAVAILABLE","sha":"cccccccccccccccccccccccccccccccccccccccc","operation_id":null,"mutation_id":null,"job_id":null,"match_id":null,"round":null,"target_count":null,"authority_revision":null,"authority_fingerprint":null,"latency_ms":12.19,"http_status":200,"query_family":"read_certification_projection_v1","phase":"rpc_transport","outcome":"NOT_APPLICABLE","error_class":null,"domain_error_code":null,"sqlstate":null,"canonical_readback":"NOT_OBSERVED","dropped_events":0}
{"schema_version":1,"timestamp":"2026-10-03T02:15:08.015Z","event":"RPC","request_id":"4f5f4c31-3471-4400-b062-6a522a031334","correlation_id":"4f5f4c31-3471-4400-b062-6a522a031334","route":"/api/leaderboards/core","domain":"TOURNAMENT_READ","feature":"TOURNAMENT_READ","release":null,"release_source":"UNAVAILABLE","activation":null,"activation_source":"UNAVAILABLE","sha":"cccccccccccccccccccccccccccccccccccccccc","operation_id":null,"mutation_id":null,"job_id":null,"match_id":null,"round":null,"target_count":null,"authority_revision":null,"authority_fingerprint":null,"latency_ms":8.906,"http_status":200,"query_family":"read_certification_runtime_context_v1","phase":"rpc_transport","outcome":"NOT_APPLICABLE","error_class":null,"domain_error_code":null,"sqlstate":null,"canonical_readback":"NOT_OBSERVED","dropped_events":0}
{"schema_version":1,"timestamp":"2026-10-03T02:15:08.031Z","event":"RPC","request_id":"4f5f4c31-3471-4400-b062-6a522a031334","correlation_id":"4f5f4c31-3471-4400-b062-6a522a031334","route":"/api/leaderboards/core","domain":"TOURNAMENT_READ","feature":"TOURNAMENT_READ","release":null,"release_source":"UNAVAILABLE","activation":1,"activation_source":"AUTHORITY_READ","sha":"cccccccccccccccccccccccccccccccccccccccc","operation_id":null,"mutation_id":null,"job_id":null,"match_id":null,"round":null,"target_count":null,"authority_revision":null,"authority_fingerprint":null,"latency_ms":15.537,"http_status":200,"query_family":"read_certification_projection_v1","phase":"rpc_transport","outcome":"NOT_APPLICABLE","error_class":null,"domain_error_code":null,"sqlstate":null,"canonical_readback":"NOT_OBSERVED","dropped_events":0}
{"schema_version":1,"timestamp":"2026-10-03T02:15:08.037Z","event":"REQUEST","request_id":"4f5f4c31-3471-4400-b062-6a522a031334","correlation_id":"4f5f4c31-3471-4400-b062-6a522a031334","route":"/api/leaderboards/core","domain":"TOURNAMENT_READ","feature":"TOURNAMENT_READ","release":null,"release_source":"UNAVAILABLE","activation":1,"activation_source":"AUTHORITY_READ","sha":"cccccccccccccccccccccccccccccccccccccccc","operation_id":null,"mutation_id":null,"job_id":null,"match_id":null,"round":null,"target_count":null,"authority_revision":null,"authority_fingerprint":null,"latency_ms":55.243,"http_status":200,"query_family":null,"phase":null,"outcome":"NOT_APPLICABLE","error_class":null,"domain_error_code":null,"sqlstate":null,"canonical_readback":"NOT_OBSERVED","dropped_events":0}
{"schema_version":1,"timestamp":"2026-10-03T02:15:08.051Z","event":"RPC","request_id":"13f7fc8e-262b-4390-b32f-9519d4b25ee1","correlation_id":"13f7fc8e-262b-4390-b32f-9519d4b25ee1","route":"/api/director/canonical-odds","domain":"TOURNAMENT_READ","feature":"ODDS","release":null,"release_source":"UNAVAILABLE","activation":null,"activation_source":"UNAVAILABLE","sha":"cccccccccccccccccccccccccccccccccccccccc","operation_id":null,"mutation_id":null,"job_id":null,"match_id":null,"round":null,"target_count":null,"authority_revision":null,"authority_fingerprint":null,"latency_ms":9.675,"http_status":200,"query_family":"read_certification_runtime_context_v1","phase":"rpc_transport","outcome":"NOT_APPLICABLE","error_class":null,"domain_error_code":null,"sqlstate":null,"canonical_readback":"NOT_OBSERVED","dropped_events":0}
{"schema_version":1,"timestamp":"2026-10-03T02:15:08.060Z","event":"RPC","request_id":"13f7fc8e-262b-4390-b32f-9519d4b25ee1","correlation_id":"13f7fc8e-262b-4390-b32f-9519d4b25ee1","route":"/api/director/canonical-odds","domain":"TOURNAMENT_READ","feature":"ODDS","release":null,"release_source":"UNAVAILABLE","activation":null,"activation_source":"UNAVAILABLE","sha":"cccccccccccccccccccccccccccccccccccccccc","operation_id":null,"mutation_id":null,"job_id":null,"match_id":null,"round":null,"target_count":null,"authority_revision":null,"authority_fingerprint":null,"latency_ms":9.126,"http_status":200,"query_family":"read_certification_runtime_context_v1","phase":"rpc_transport","outcome":"NOT_APPLICABLE","error_class":null,"domain_error_code":null,"sqlstate":null,"canonical_readback":"NOT_OBSERVED","dropped_events":0}
{"schema_version":1,"timestamp":"2026-10-03T02:15:08.071Z","event":"RPC","request_id":"13f7fc8e-262b-4390-b32f-9519d4b25ee1","correlation_id":"13f7fc8e-262b-4390-b32f-9519d4b25ee1","route":"/api/director/canonical-odds","domain":"TOURNAMENT_READ","feature":"ODDS","release":null,"release_source":"UNAVAILABLE","activation":null,"activation_source":"UNAVAILABLE","sha":"cccccccccccccccccccccccccccccccccccccccc","operation_id":null,"mutation_id":null,"job_id":null,"match_id":null,"round":null,"target_count":null,"authority_revision":null,"authority_fingerprint":null,"latency_ms":10.657,"http_status":200,"query_family":"read_certification_projection_v1","phase":"rpc_transport","outcome":"NOT_APPLICABLE","error_class":null,"domain_error_code":null,"sqlstate":null,"canonical_readback":"NOT_OBSERVED","dropped_events":0}
{"schema_version":1,"timestamp":"2026-10-03T02:15:08.080Z","event":"RPC","request_id":"13f7fc8e-262b-4390-b32f-9519d4b25ee1","correlation_id":"13f7fc8e-262b-4390-b32f-9519d4b25ee1","route":"/api/director/canonical-odds","domain":"ROUND_CONTROL","feature":"ODDS","release":null,"release_source":"UNAVAILABLE","activation":null,"activation_source":"UNAVAILABLE","sha":"cccccccccccccccccccccccccccccccccccccccc","operation_id":null,"mutation_id":null,"job_id":null,"match_id":null,"round":null,"target_count":null,"authority_revision":null,"authority_fingerprint":null,"latency_ms":8.825,"http_status":200,"query_family":"read_certification_runtime_context_v1","phase":"rpc_transport","outcome":"NOT_APPLICABLE","error_class":null,"domain_error_code":null,"sqlstate":null,"canonical_readback":"NOT_OBSERVED","dropped_events":0}
{"schema_version":1,"timestamp":"2026-10-03T02:15:08.093Z","event":"RPC","request_id":"13f7fc8e-262b-4390-b32f-9519d4b25ee1","correlation_id":"13f7fc8e-262b-4390-b32f-9519d4b25ee1","route":"/api/director/canonical-odds","domain":"ROUND_CONTROL","feature":"ODDS","release":null,"release_source":"UNAVAILABLE","activation":null,"activation_source":"UNAVAILABLE","sha":"cccccccccccccccccccccccccccccccccccccccc","operation_id":null,"mutation_id":null,"job_id":null,"match_id":null,"round":null,"target_count":null,"authority_revision":null,"authority_fingerprint":null,"latency_ms":12.891,"http_status":200,"query_family":"dispatch_certification_odds_v1","phase":"rpc_transport","outcome":"COMMITTED","error_class":null,"domain_error_code":null,"sqlstate":null,"canonical_readback":"NOT_OBSERVED","dropped_events":0}
{"schema_version":1,"timestamp":"2026-10-03T02:15:08.106Z","event":"RPC","request_id":"13f7fc8e-262b-4390-b32f-9519d4b25ee1","correlation_id":"13f7fc8e-262b-4390-b32f-9519d4b25ee1","route":"/api/director/canonical-odds","domain":"ROUND_CONTROL","feature":"ODDS","release":null,"release_source":"UNAVAILABLE","activation":null,"activation_source":"UNAVAILABLE","sha":"cccccccccccccccccccccccccccccccccccccccc","operation_id":null,"mutation_id":null,"job_id":null,"match_id":null,"round":null,"target_count":null,"authority_revision":null,"authority_fingerprint":null,"latency_ms":12.693,"http_status":200,"query_family":"dispatch_certification_odds_v1","phase":"rpc_transport","outcome":"COMMITTED","error_class":null,"domain_error_code":null,"sqlstate":null,"canonical_readback":"NOT_OBSERVED","dropped_events":0}
{"schema_version":1,"timestamp":"2026-10-03T02:15:08.106Z","event":"REQUEST","request_id":"13f7fc8e-262b-4390-b32f-9519d4b25ee1","correlation_id":"13f7fc8e-262b-4390-b32f-9519d4b25ee1","route":"/api/director/canonical-odds","domain":"ODDS","feature":"ODDS","release":null,"release_source":"UNAVAILABLE","activation":null,"activation_source":"UNAVAILABLE","sha":"cccccccccccccccccccccccccccccccccccccccc","operation_id":null,"mutation_id":null,"job_id":null,"match_id":null,"round":null,"target_count":null,"authority_revision":null,"authority_fingerprint":null,"latency_ms":66.402,"http_status":200,"query_family":null,"phase":null,"outcome":"NOT_APPLICABLE","error_class":null,"domain_error_code":null,"sqlstate":null,"canonical_readback":"NOT_OBSERVED","dropped_events":0}
{"schema_version":1,"timestamp":"2026-10-03T02:15:08.109Z","event":"REQUEST","request_id":"3d25f9ea-2012-49b3-8919-2512bb12787e","correlation_id":"3d25f9ea-2012-49b3-8919-2512bb12787e","route":"/api/director/canonical-odds","domain":"ODDS","feature":"ODDS","release":null,"release_source":"UNAVAILABLE","activation":null,"activation_source":"UNAVAILABLE","sha":"cccccccccccccccccccccccccccccccccccccccc","operation_id":null,"mutation_id":null,"job_id":null,"match_id":null,"round":null,"target_count":null,"authority_revision":null,"authority_fingerprint":null,"latency_ms":0.056,"http_status":403,"query_family":null,"phase":null,"outcome":"NOT_APPLICABLE","error_class":"AUTHORIZATION_DENIED","domain_error_code":null,"sqlstate":null,"canonical_readback":"NOT_OBSERVED","dropped_events":0}
{"schema_version":1,"timestamp":"2026-10-03T02:15:08.121Z","event":"RPC","request_id":"53b8ae75-9cf9-4d34-9bd1-c7e2277414fc","correlation_id":"53b8ae75-9cf9-4d34-9bd1-c7e2277414fc","route":"/api/director/canonical-operations","domain":"TOURNAMENT_READ","feature":"DIRECTOR","release":null,"release_source":"UNAVAILABLE","activation":null,"activation_source":"UNAVAILABLE","sha":"cccccccccccccccccccccccccccccccccccccccc","operation_id":null,"mutation_id":null,"job_id":null,"match_id":null,"round":null,"target_count":null,"authority_revision":null,"authority_fingerprint":null,"latency_ms":9.398,"http_status":200,"query_family":"read_certification_runtime_context_v1","phase":"rpc_transport","outcome":"NOT_APPLICABLE","error_class":null,"domain_error_code":null,"sqlstate":null,"canonical_readback":"NOT_OBSERVED","dropped_events":0}
{"schema_version":1,"timestamp":"2026-10-03T02:15:08.131Z","event":"RPC","request_id":"53b8ae75-9cf9-4d34-9bd1-c7e2277414fc","correlation_id":"53b8ae75-9cf9-4d34-9bd1-c7e2277414fc","route":"/api/director/canonical-operations","domain":"TOURNAMENT_READ","feature":"DIRECTOR","release":null,"release_source":"UNAVAILABLE","activation":null,"activation_source":"UNAVAILABLE","sha":"cccccccccccccccccccccccccccccccccccccccc","operation_id":null,"mutation_id":null,"job_id":null,"match_id":null,"round":null,"target_count":null,"authority_revision":null,"authority_fingerprint":null,"latency_ms":9.173,"http_status":200,"query_family":"read_certification_runtime_context_v1","phase":"rpc_transport","outcome":"NOT_APPLICABLE","error_class":null,"domain_error_code":null,"sqlstate":null,"canonical_readback":"NOT_OBSERVED","dropped_events":0}
{"schema_version":1,"timestamp":"2026-10-03T02:15:08.142Z","event":"RPC","request_id":"53b8ae75-9cf9-4d34-9bd1-c7e2277414fc","correlation_id":"53b8ae75-9cf9-4d34-9bd1-c7e2277414fc","route":"/api/director/canonical-operations","domain":"TOURNAMENT_READ","feature":"DIRECTOR","release":null,"release_source":"UNAVAILABLE","activation":null,"activation_source":"UNAVAILABLE","sha":"cccccccccccccccccccccccccccccccccccccccc","operation_id":null,"mutation_id":null,"job_id":null,"match_id":null,"round":null,"target_count":null,"authority_revision":null,"authority_fingerprint":null,"latency_ms":11.324,"http_status":200,"query_family":"read_certification_projection_v1","phase":"rpc_transport","outcome":"NOT_APPLICABLE","error_class":null,"domain_error_code":null,"sqlstate":null,"canonical_readback":"NOT_OBSERVED","dropped_events":0}
{"schema_version":1,"timestamp":"2026-10-03T02:15:08.152Z","event":"RPC","request_id":"53b8ae75-9cf9-4d34-9bd1-c7e2277414fc","correlation_id":"53b8ae75-9cf9-4d34-9bd1-c7e2277414fc","route":"/api/director/canonical-operations","domain":"ROUND_CONTROL","feature":"DIRECTOR","release":null,"release_source":"UNAVAILABLE","activation":null,"activation_source":"UNAVAILABLE","sha":"cccccccccccccccccccccccccccccccccccccccc","operation_id":null,"mutation_id":null,"job_id":null,"match_id":null,"round":null,"target_count":null,"authority_revision":null,"authority_fingerprint":null,"latency_ms":9.032,"http_status":200,"query_family":"read_certification_runtime_context_v1","phase":"rpc_transport","outcome":"NOT_APPLICABLE","error_class":null,"domain_error_code":null,"sqlstate":null,"canonical_readback":"NOT_OBSERVED","dropped_events":0}
{"schema_version":1,"timestamp":"2026-10-03T02:15:08.210Z","event":"RPC","request_id":"53b8ae75-9cf9-4d34-9bd1-c7e2277414fc","correlation_id":"53b8ae75-9cf9-4d34-9bd1-c7e2277414fc","route":"/api/director/canonical-operations","domain":"ROUND_CONTROL","feature":"DIRECTOR","release":null,"release_source":"UNAVAILABLE","activation":null,"activation_source":"UNAVAILABLE","sha":"cccccccccccccccccccccccccccccccccccccccc","operation_id":null,"mutation_id":null,"job_id":null,"match_id":null,"round":null,"target_count":null,"authority_revision":null,"authority_fingerprint":null,"latency_ms":58.208,"http_status":200,"query_family":"read_certification_operation_v1","phase":"rpc_transport","outcome":"NOT_APPLICABLE","error_class":null,"domain_error_code":null,"sqlstate":null,"canonical_readback":"NOT_OBSERVED","dropped_events":0}
{"schema_version":1,"timestamp":"2026-10-03T02:15:08.211Z","event":"REQUEST","request_id":"53b8ae75-9cf9-4d34-9bd1-c7e2277414fc","correlation_id":"53b8ae75-9cf9-4d34-9bd1-c7e2277414fc","route":"/api/director/canonical-operations","domain":"DIRECTOR","feature":"DIRECTOR","release":null,"release_source":"UNAVAILABLE","activation":null,"activation_source":"UNAVAILABLE","sha":"cccccccccccccccccccccccccccccccccccccccc","operation_id":null,"mutation_id":null,"job_id":null,"match_id":null,"round":null,"target_count":null,"authority_revision":null,"authority_fingerprint":null,"latency_ms":100.315,"http_status":200,"query_family":null,"phase":null,"outcome":"NOT_APPLICABLE","error_class":null,"domain_error_code":null,"sqlstate":null,"canonical_readback":"NOT_OBSERVED","dropped_events":0}
{"schema_version":1,"timestamp":"2026-10-03T02:15:08.224Z","event":"RPC","request_id":"30fb5024-276f-4705-8d37-baaa74019952","correlation_id":"30fb5024-276f-4705-8d37-baaa74019952","route":"/api/director/canonical-operations","domain":"TOURNAMENT_READ","feature":"DIRECTOR","release":null,"release_source":"UNAVAILABLE","activation":null,"activation_source":"UNAVAILABLE","sha":"cccccccccccccccccccccccccccccccccccccccc","operation_id":null,"mutation_id":null,"job_id":null,"match_id":null,"round":null,"target_count":null,"authority_revision":null,"authority_fingerprint":null,"latency_ms":10.122,"http_status":200,"query_family":"read_certification_runtime_context_v1","phase":"rpc_transport","outcome":"NOT_APPLICABLE","error_class":null,"domain_error_code":null,"sqlstate":null,"canonical_readback":"NOT_OBSERVED","dropped_events":0}
{"schema_version":1,"timestamp":"2026-10-03T02:15:08.234Z","event":"RPC","request_id":"30fb5024-276f-4705-8d37-baaa74019952","correlation_id":"30fb5024-276f-4705-8d37-baaa74019952","route":"/api/director/canonical-operations","domain":"TOURNAMENT_READ","feature":"DIRECTOR","release":null,"release_source":"UNAVAILABLE","activation":null,"activation_source":"UNAVAILABLE","sha":"cccccccccccccccccccccccccccccccccccccccc","operation_id":null,"mutation_id":null,"job_id":null,"match_id":null,"round":null,"target_count":null,"authority_revision":null,"authority_fingerprint":null,"latency_ms":9.212,"http_status":200,"query_family":"read_certification_runtime_context_v1","phase":"rpc_transport","outcome":"NOT_APPLICABLE","error_class":null,"domain_error_code":null,"sqlstate":null,"canonical_readback":"NOT_OBSERVED","dropped_events":0}
{"schema_version":1,"timestamp":"2026-10-03T02:15:08.245Z","event":"RPC","request_id":"30fb5024-276f-4705-8d37-baaa74019952","correlation_id":"30fb5024-276f-4705-8d37-baaa74019952","route":"/api/director/canonical-operations","domain":"TOURNAMENT_READ","feature":"DIRECTOR","release":null,"release_source":"UNAVAILABLE","activation":null,"activation_source":"UNAVAILABLE","sha":"cccccccccccccccccccccccccccccccccccccccc","operation_id":null,"mutation_id":null,"job_id":null,"match_id":null,"round":null,"target_count":null,"authority_revision":null,"authority_fingerprint":null,"latency_ms":10.716,"http_status":200,"query_family":"read_certification_projection_v1","phase":"rpc_transport","outcome":"NOT_APPLICABLE","error_class":null,"domain_error_code":null,"sqlstate":null,"canonical_readback":"NOT_OBSERVED","dropped_events":0}
{"schema_version":1,"timestamp":"2026-10-03T02:15:08.254Z","event":"RPC","request_id":"30fb5024-276f-4705-8d37-baaa74019952","correlation_id":"30fb5024-276f-4705-8d37-baaa74019952","route":"/api/director/canonical-operations","domain":"ROUND_CONTROL","feature":"DIRECTOR","release":null,"release_source":"UNAVAILABLE","activation":null,"activation_source":"UNAVAILABLE","sha":"cccccccccccccccccccccccccccccccccccccccc","operation_id":null,"mutation_id":null,"job_id":null,"match_id":null,"round":null,"target_count":null,"authority_revision":null,"authority_fingerprint":null,"latency_ms":8.821,"http_status":200,"query_family":"read_certification_runtime_context_v1","phase":"rpc_transport","outcome":"NOT_APPLICABLE","error_class":null,"domain_error_code":null,"sqlstate":null,"canonical_readback":"NOT_OBSERVED","dropped_events":0}
{"schema_version":1,"timestamp":"2026-10-03T02:15:08.263Z","event":"RPC","request_id":"30fb5024-276f-4705-8d37-baaa74019952","correlation_id":"30fb5024-276f-4705-8d37-baaa74019952","route":"/api/director/canonical-operations","domain":"ROUND_CONTROL","feature":"DIRECTOR","release":null,"release_source":"UNAVAILABLE","activation":null,"activation_source":"UNAVAILABLE","sha":"cccccccccccccccccccccccccccccccccccccccc","operation_id":null,"mutation_id":null,"job_id":null,"match_id":null,"round":null,"target_count":null,"authority_revision":null,"authority_fingerprint":null,"latency_ms":8.618,"http_status":200,"query_family":"read_certification_runtime_context_v1","phase":"rpc_transport","outcome":"NOT_APPLICABLE","error_class":null,"domain_error_code":null,"sqlstate":null,"canonical_readback":"NOT_OBSERVED","dropped_events":0}
{"schema_version":1,"timestamp":"2026-10-03T02:15:08.321Z","event":"RPC","request_id":"30fb5024-276f-4705-8d37-baaa74019952","correlation_id":"30fb5024-276f-4705-8d37-baaa74019952","route":"/api/director/canonical-operations","domain":"ROUND_CONTROL","feature":"DIRECTOR","release":null,"release_source":"UNAVAILABLE","activation":null,"activation_source":"UNAVAILABLE","sha":"cccccccccccccccccccccccccccccccccccccccc","operation_id":null,"mutation_id":null,"job_id":null,"match_id":null,"round":null,"target_count":null,"authority_revision":null,"authority_fingerprint":null,"latency_ms":57.504,"http_status":200,"query_family":"read_certification_operation_v1","phase":"rpc_transport","outcome":"NOT_APPLICABLE","error_class":null,"domain_error_code":null,"sqlstate":null,"canonical_readback":"NOT_OBSERVED","dropped_events":0}
{"schema_version":1,"timestamp":"2026-10-03T02:15:08.337Z","event":"RPC","request_id":"30fb5024-276f-4705-8d37-baaa74019952","correlation_id":"30fb5024-276f-4705-8d37-baaa74019952","route":"/api/director/canonical-operations","domain":"ROUND_CONTROL","feature":"DIRECTOR","release":null,"release_source":"UNAVAILABLE","activation":null,"activation_source":"UNAVAILABLE","sha":"cccccccccccccccccccccccccccccccccccccccc","operation_id":"ffbe55f1-3812-4034-a443-ec0bffcc5d00","match_id":"2026-R1-6","mutation_id":null,"job_id":null,"round":null,"target_count":null,"authority_revision":null,"authority_fingerprint":null,"latency_ms":14.856,"http_status":200,"query_family":"admit_certification_operation_v1","phase":"rpc_transport","outcome":"COMMITTED","error_class":null,"domain_error_code":null,"sqlstate":null,"canonical_readback":"NOT_OBSERVED","dropped_events":0}
{"schema_version":1,"timestamp":"2026-10-03T02:15:08.368Z","event":"RPC","request_id":"30fb5024-276f-4705-8d37-baaa74019952","correlation_id":"30fb5024-276f-4705-8d37-baaa74019952","route":"/api/director/canonical-operations","domain":"ROUND_CONTROL","feature":"DIRECTOR","release":null,"release_source":"UNAVAILABLE","activation":null,"activation_source":"UNAVAILABLE","sha":"cccccccccccccccccccccccccccccccccccccccc","operation_id":"ffbe55f1-3812-4034-a443-ec0bffcc5d00","match_id":"2026-R1-6","mutation_id":null,"job_id":null,"round":null,"target_count":null,"authority_revision":null,"authority_fingerprint":null,"latency_ms":30.487,"http_status":200,"query_family":"execute_certification_operation_v1","phase":"rpc_transport","outcome":"COMMITTED","error_class":null,"domain_error_code":null,"sqlstate":null,"canonical_readback":"NOT_OBSERVED","dropped_events":0}
{"schema_version":1,"timestamp":"2026-10-03T02:15:08.378Z","event":"RPC","request_id":"30fb5024-276f-4705-8d37-baaa74019952","correlation_id":"30fb5024-276f-4705-8d37-baaa74019952","route":"/api/director/canonical-operations","domain":"ROUND_CONTROL","feature":"DIRECTOR","release":null,"release_source":"UNAVAILABLE","activation":null,"activation_source":"UNAVAILABLE","sha":"cccccccccccccccccccccccccccccccccccccccc","operation_id":"ffbe55f1-3812-4034-a443-ec0bffcc5d00","match_id":"2026-R1-6","mutation_id":null,"job_id":null,"round":null,"target_count":null,"authority_revision":null,"authority_fingerprint":null,"latency_ms":9.719,"http_status":200,"query_family":"read_certification_runtime_context_v1","phase":"rpc_transport","outcome":"NOT_APPLICABLE","error_class":null,"domain_error_code":null,"sqlstate":null,"canonical_readback":"NOT_OBSERVED","dropped_events":0}
{"schema_version":1,"timestamp":"2026-10-03T02:15:08.436Z","event":"RPC","request_id":"30fb5024-276f-4705-8d37-baaa74019952","correlation_id":"30fb5024-276f-4705-8d37-baaa74019952","route":"/api/director/canonical-operations","domain":"ROUND_CONTROL","feature":"DIRECTOR","release":null,"release_source":"UNAVAILABLE","activation":null,"activation_source":"UNAVAILABLE","sha":"cccccccccccccccccccccccccccccccccccccccc","operation_id":"ffbe55f1-3812-4034-a443-ec0bffcc5d00","match_id":"2026-R1-6","mutation_id":null,"job_id":null,"round":null,"target_count":null,"authority_revision":null,"authority_fingerprint":null,"latency_ms":58.437,"http_status":200,"query_family":"read_certification_operation_v1","phase":"rpc_transport","outcome":"NOT_APPLICABLE","error_class":null,"domain_error_code":null,"sqlstate":null,"canonical_readback":"NOT_OBSERVED","dropped_events":0}
{"schema_version":1,"timestamp":"2026-10-03T02:15:08.437Z","event":"REQUEST","request_id":"30fb5024-276f-4705-8d37-baaa74019952","correlation_id":"30fb5024-276f-4705-8d37-baaa74019952","route":"/api/director/canonical-operations","domain":"DIRECTOR","feature":"DIRECTOR","release":null,"release_source":"UNAVAILABLE","activation":null,"activation_source":"UNAVAILABLE","sha":"cccccccccccccccccccccccccccccccccccccccc","operation_id":"ffbe55f1-3812-4034-a443-ec0bffcc5d00","match_id":"2026-R1-6","mutation_id":null,"job_id":null,"round":null,"target_count":null,"authority_revision":null,"authority_fingerprint":null,"latency_ms":223.573,"http_status":200,"query_family":null,"phase":null,"outcome":"NOT_APPLICABLE","error_class":null,"domain_error_code":null,"sqlstate":null,"canonical_readback":"NOT_OBSERVED","dropped_events":0}
{"schema_version":1,"timestamp":"2026-10-03T02:15:08.456Z","event":"RPC","request_id":"cceddfc6-1085-4dcf-92e3-2abe2757a2c9","correlation_id":"cceddfc6-1085-4dcf-92e3-2abe2757a2c9","route":"/api/director/canonical-operations","domain":"TOURNAMENT_READ","feature":"DIRECTOR","release":null,"release_source":"UNAVAILABLE","activation":null,"activation_source":"UNAVAILABLE","sha":"cccccccccccccccccccccccccccccccccccccccc","operation_id":null,"mutation_id":null,"job_id":null,"match_id":null,"round":null,"target_count":null,"authority_revision":null,"authority_fingerprint":null,"latency_ms":9.657,"http_status":200,"query_family":"read_certification_runtime_context_v1","phase":"rpc_transport","outcome":"NOT_APPLICABLE","error_class":null,"domain_error_code":null,"sqlstate":null,"canonical_readback":"NOT_OBSERVED","dropped_events":0}
{"schema_version":1,"timestamp":"2026-10-03T02:15:08.466Z","event":"RPC","request_id":"cceddfc6-1085-4dcf-92e3-2abe2757a2c9","correlation_id":"cceddfc6-1085-4dcf-92e3-2abe2757a2c9","route":"/api/director/canonical-operations","domain":"TOURNAMENT_READ","feature":"DIRECTOR","release":null,"release_source":"UNAVAILABLE","activation":null,"activation_source":"UNAVAILABLE","sha":"cccccccccccccccccccccccccccccccccccccccc","operation_id":null,"mutation_id":null,"job_id":null,"match_id":null,"round":null,"target_count":null,"authority_revision":null,"authority_fingerprint":null,"latency_ms":9.042,"http_status":200,"query_family":"read_certification_runtime_context_v1","phase":"rpc_transport","outcome":"NOT_APPLICABLE","error_class":null,"domain_error_code":null,"sqlstate":null,"canonical_readback":"NOT_OBSERVED","dropped_events":0}
{"schema_version":1,"timestamp":"2026-10-03T02:15:08.476Z","event":"RPC","request_id":"cceddfc6-1085-4dcf-92e3-2abe2757a2c9","correlation_id":"cceddfc6-1085-4dcf-92e3-2abe2757a2c9","route":"/api/director/canonical-operations","domain":"TOURNAMENT_READ","feature":"DIRECTOR","release":null,"release_source":"UNAVAILABLE","activation":null,"activation_source":"UNAVAILABLE","sha":"cccccccccccccccccccccccccccccccccccccccc","operation_id":null,"mutation_id":null,"job_id":null,"match_id":null,"round":null,"target_count":null,"authority_revision":null,"authority_fingerprint":null,"latency_ms":10.66,"http_status":200,"query_family":"read_certification_projection_v1","phase":"rpc_transport","outcome":"NOT_APPLICABLE","error_class":null,"domain_error_code":null,"sqlstate":null,"canonical_readback":"NOT_OBSERVED","dropped_events":0}
{"schema_version":1,"timestamp":"2026-10-03T02:15:08.486Z","event":"RPC","request_id":"cceddfc6-1085-4dcf-92e3-2abe2757a2c9","correlation_id":"cceddfc6-1085-4dcf-92e3-2abe2757a2c9","route":"/api/director/canonical-operations","domain":"ROUND_CONTROL","feature":"DIRECTOR","release":null,"release_source":"UNAVAILABLE","activation":null,"activation_source":"UNAVAILABLE","sha":"cccccccccccccccccccccccccccccccccccccccc","operation_id":null,"mutation_id":null,"job_id":null,"match_id":null,"round":null,"target_count":null,"authority_revision":null,"authority_fingerprint":null,"latency_ms":8.88,"http_status":200,"query_family":"read_certification_runtime_context_v1","phase":"rpc_transport","outcome":"NOT_APPLICABLE","error_class":null,"domain_error_code":null,"sqlstate":null,"canonical_readback":"NOT_OBSERVED","dropped_events":0}
{"schema_version":1,"timestamp":"2026-10-03T02:15:08.495Z","event":"RPC","request_id":"cceddfc6-1085-4dcf-92e3-2abe2757a2c9","correlation_id":"cceddfc6-1085-4dcf-92e3-2abe2757a2c9","route":"/api/director/canonical-operations","domain":"ROUND_CONTROL","feature":"DIRECTOR","release":null,"release_source":"UNAVAILABLE","activation":null,"activation_source":"UNAVAILABLE","sha":"cccccccccccccccccccccccccccccccccccccccc","operation_id":null,"mutation_id":null,"job_id":null,"match_id":null,"round":null,"target_count":null,"authority_revision":null,"authority_fingerprint":null,"latency_ms":8.694,"http_status":200,"query_family":"read_certification_runtime_context_v1","phase":"rpc_transport","outcome":"NOT_APPLICABLE","error_class":null,"domain_error_code":null,"sqlstate":null,"canonical_readback":"NOT_OBSERVED","dropped_events":0}
{"schema_version":1,"timestamp":"2026-10-03T02:15:08.553Z","event":"RPC","request_id":"cceddfc6-1085-4dcf-92e3-2abe2757a2c9","correlation_id":"cceddfc6-1085-4dcf-92e3-2abe2757a2c9","route":"/api/director/canonical-operations","domain":"ROUND_CONTROL","feature":"DIRECTOR","release":null,"release_source":"UNAVAILABLE","activation":null,"activation_source":"UNAVAILABLE","sha":"cccccccccccccccccccccccccccccccccccccccc","operation_id":null,"mutation_id":null,"job_id":null,"match_id":null,"round":null,"target_count":null,"authority_revision":null,"authority_fingerprint":null,"latency_ms":58.661,"http_status":200,"query_family":"read_certification_operation_v1","phase":"rpc_transport","outcome":"NOT_APPLICABLE","error_class":null,"domain_error_code":null,"sqlstate":null,"canonical_readback":"NOT_OBSERVED","dropped_events":0}
{"schema_version":1,"timestamp":"2026-10-03T02:15:08.568Z","event":"RPC","request_id":"cceddfc6-1085-4dcf-92e3-2abe2757a2c9","correlation_id":"cceddfc6-1085-4dcf-92e3-2abe2757a2c9","route":"/api/director/canonical-operations","domain":"ROUND_CONTROL","feature":"DIRECTOR","release":null,"release_source":"UNAVAILABLE","activation":null,"activation_source":"UNAVAILABLE","sha":"cccccccccccccccccccccccccccccccccccccccc","operation_id":"fa8f7fae-1d61-4007-ac15-86e0b91ea870","match_id":"2026-R1-6","mutation_id":null,"job_id":null,"round":null,"target_count":null,"authority_revision":null,"authority_fingerprint":null,"latency_ms":13.912,"http_status":200,"query_family":"admit_certification_operation_v1","phase":"rpc_transport","outcome":"COMMITTED","error_class":null,"domain_error_code":null,"sqlstate":null,"canonical_readback":"NOT_OBSERVED","dropped_events":0}
{"schema_version":1,"timestamp":"2026-10-03T02:15:08.591Z","event":"RPC","request_id":"cceddfc6-1085-4dcf-92e3-2abe2757a2c9","correlation_id":"cceddfc6-1085-4dcf-92e3-2abe2757a2c9","route":"/api/director/canonical-operations","domain":"ROUND_CONTROL","feature":"DIRECTOR","release":null,"release_source":"UNAVAILABLE","activation":null,"activation_source":"UNAVAILABLE","sha":"cccccccccccccccccccccccccccccccccccccccc","operation_id":"fa8f7fae-1d61-4007-ac15-86e0b91ea870","match_id":"2026-R1-6","mutation_id":null,"job_id":null,"round":null,"target_count":null,"authority_revision":null,"authority_fingerprint":null,"latency_ms":23.083,"http_status":200,"query_family":"execute_certification_operation_v1","phase":"rpc_transport","outcome":"COMMITTED","error_class":null,"domain_error_code":null,"sqlstate":null,"canonical_readback":"NOT_OBSERVED","dropped_events":0}
{"schema_version":1,"timestamp":"2026-10-03T02:15:08.601Z","event":"RPC","request_id":"cceddfc6-1085-4dcf-92e3-2abe2757a2c9","correlation_id":"cceddfc6-1085-4dcf-92e3-2abe2757a2c9","route":"/api/director/canonical-operations","domain":"ROUND_CONTROL","feature":"DIRECTOR","release":null,"release_source":"UNAVAILABLE","activation":null,"activation_source":"UNAVAILABLE","sha":"cccccccccccccccccccccccccccccccccccccccc","operation_id":"fa8f7fae-1d61-4007-ac15-86e0b91ea870","match_id":"2026-R1-6","mutation_id":null,"job_id":null,"round":null,"target_count":null,"authority_revision":null,"authority_fingerprint":null,"latency_ms":9.625,"http_status":200,"query_family":"read_certification_runtime_context_v1","phase":"rpc_transport","outcome":"NOT_APPLICABLE","error_class":null,"domain_error_code":null,"sqlstate":null,"canonical_readback":"NOT_OBSERVED","dropped_events":0}
{"schema_version":1,"timestamp":"2026-10-03T02:15:08.658Z","event":"RPC","request_id":"cceddfc6-1085-4dcf-92e3-2abe2757a2c9","correlation_id":"cceddfc6-1085-4dcf-92e3-2abe2757a2c9","route":"/api/director/canonical-operations","domain":"ROUND_CONTROL","feature":"DIRECTOR","release":null,"release_source":"UNAVAILABLE","activation":null,"activation_source":"UNAVAILABLE","sha":"cccccccccccccccccccccccccccccccccccccccc","operation_id":"fa8f7fae-1d61-4007-ac15-86e0b91ea870","match_id":"2026-R1-6","mutation_id":null,"job_id":null,"round":null,"target_count":null,"authority_revision":null,"authority_fingerprint":null,"latency_ms":56.63,"http_status":200,"query_family":"read_certification_operation_v1","phase":"rpc_transport","outcome":"NOT_APPLICABLE","error_class":null,"domain_error_code":null,"sqlstate":null,"canonical_readback":"NOT_OBSERVED","dropped_events":0}
{"schema_version":1,"timestamp":"2026-10-03T02:15:08.658Z","event":"REQUEST","request_id":"cceddfc6-1085-4dcf-92e3-2abe2757a2c9","correlation_id":"cceddfc6-1085-4dcf-92e3-2abe2757a2c9","route":"/api/director/canonical-operations","domain":"DIRECTOR","feature":"DIRECTOR","release":null,"release_source":"UNAVAILABLE","activation":null,"activation_source":"UNAVAILABLE","sha":"cccccccccccccccccccccccccccccccccccccccc","operation_id":"fa8f7fae-1d61-4007-ac15-86e0b91ea870","match_id":"2026-R1-6","mutation_id":null,"job_id":null,"round":null,"target_count":null,"authority_revision":null,"authority_fingerprint":null,"latency_ms":212.295,"http_status":200,"query_family":null,"phase":null,"outcome":"NOT_APPLICABLE","error_class":null,"domain_error_code":null,"sqlstate":null,"canonical_readback":"NOT_OBSERVED","dropped_events":0}
{"schema_version":1,"timestamp":"2026-10-03T02:15:08.678Z","event":"RPC","request_id":"65847b20-14b9-4f5d-991c-8ec90807a5d7","correlation_id":"65847b20-14b9-4f5d-991c-8ec90807a5d7","route":"/api/director/canonical-operations","domain":"TOURNAMENT_READ","feature":"DIRECTOR","release":null,"release_source":"UNAVAILABLE","activation":null,"activation_source":"UNAVAILABLE","sha":"cccccccccccccccccccccccccccccccccccccccc","operation_id":null,"mutation_id":null,"job_id":null,"match_id":null,"round":null,"target_count":null,"authority_revision":null,"authority_fingerprint":null,"latency_ms":9.822,"http_status":200,"query_family":"read_certification_runtime_context_v1","phase":"rpc_transport","outcome":"NOT_APPLICABLE","error_class":null,"domain_error_code":null,"sqlstate":null,"canonical_readback":"NOT_OBSERVED","dropped_events":0}
{"schema_version":1,"timestamp":"2026-10-03T02:15:08.687Z","event":"RPC","request_id":"65847b20-14b9-4f5d-991c-8ec90807a5d7","correlation_id":"65847b20-14b9-4f5d-991c-8ec90807a5d7","route":"/api/director/canonical-operations","domain":"TOURNAMENT_READ","feature":"DIRECTOR","release":null,"release_source":"UNAVAILABLE","activation":null,"activation_source":"UNAVAILABLE","sha":"cccccccccccccccccccccccccccccccccccccccc","operation_id":null,"mutation_id":null,"job_id":null,"match_id":null,"round":null,"target_count":null,"authority_revision":null,"authority_fingerprint":null,"latency_ms":8.926,"http_status":200,"query_family":"read_certification_runtime_context_v1","phase":"rpc_transport","outcome":"NOT_APPLICABLE","error_class":null,"domain_error_code":null,"sqlstate":null,"canonical_readback":"NOT_OBSERVED","dropped_events":0}
{"schema_version":1,"timestamp":"2026-10-03T02:15:08.697Z","event":"RPC","request_id":"65847b20-14b9-4f5d-991c-8ec90807a5d7","correlation_id":"65847b20-14b9-4f5d-991c-8ec90807a5d7","route":"/api/director/canonical-operations","domain":"TOURNAMENT_READ","feature":"DIRECTOR","release":null,"release_source":"UNAVAILABLE","activation":null,"activation_source":"UNAVAILABLE","sha":"cccccccccccccccccccccccccccccccccccccccc","operation_id":null,"mutation_id":null,"job_id":null,"match_id":null,"round":null,"target_count":null,"authority_revision":null,"authority_fingerprint":null,"latency_ms":10.419,"http_status":200,"query_family":"read_certification_projection_v1","phase":"rpc_transport","outcome":"NOT_APPLICABLE","error_class":null,"domain_error_code":null,"sqlstate":null,"canonical_readback":"NOT_OBSERVED","dropped_events":0}
{"schema_version":1,"timestamp":"2026-10-03T02:15:08.707Z","event":"RPC","request_id":"65847b20-14b9-4f5d-991c-8ec90807a5d7","correlation_id":"65847b20-14b9-4f5d-991c-8ec90807a5d7","route":"/api/director/canonical-operations","domain":"ROUND_CONTROL","feature":"DIRECTOR","release":null,"release_source":"UNAVAILABLE","activation":null,"activation_source":"UNAVAILABLE","sha":"cccccccccccccccccccccccccccccccccccccccc","operation_id":null,"mutation_id":null,"job_id":null,"match_id":null,"round":null,"target_count":null,"authority_revision":null,"authority_fingerprint":null,"latency_ms":9.339,"http_status":200,"query_family":"read_certification_runtime_context_v1","phase":"rpc_transport","outcome":"NOT_APPLICABLE","error_class":null,"domain_error_code":null,"sqlstate":null,"canonical_readback":"NOT_OBSERVED","dropped_events":0}
{"schema_version":1,"timestamp":"2026-10-03T02:15:08.716Z","event":"RPC","request_id":"65847b20-14b9-4f5d-991c-8ec90807a5d7","correlation_id":"65847b20-14b9-4f5d-991c-8ec90807a5d7","route":"/api/director/canonical-operations","domain":"ROUND_CONTROL","feature":"DIRECTOR","release":null,"release_source":"UNAVAILABLE","activation":null,"activation_source":"UNAVAILABLE","sha":"cccccccccccccccccccccccccccccccccccccccc","operation_id":null,"mutation_id":null,"job_id":null,"match_id":null,"round":null,"target_count":null,"authority_revision":null,"authority_fingerprint":null,"latency_ms":8.833,"http_status":200,"query_family":"read_certification_runtime_context_v1","phase":"rpc_transport","outcome":"NOT_APPLICABLE","error_class":null,"domain_error_code":null,"sqlstate":null,"canonical_readback":"NOT_OBSERVED","dropped_events":0}
{"schema_version":1,"timestamp":"2026-10-03T02:15:08.772Z","event":"RPC","request_id":"65847b20-14b9-4f5d-991c-8ec90807a5d7","correlation_id":"65847b20-14b9-4f5d-991c-8ec90807a5d7","route":"/api/director/canonical-operations","domain":"ROUND_CONTROL","feature":"DIRECTOR","release":null,"release_source":"UNAVAILABLE","activation":null,"activation_source":"UNAVAILABLE","sha":"cccccccccccccccccccccccccccccccccccccccc","operation_id":null,"mutation_id":null,"job_id":null,"match_id":null,"round":null,"target_count":null,"authority_revision":null,"authority_fingerprint":null,"latency_ms":56.082,"http_status":200,"query_family":"read_certification_operation_v1","phase":"rpc_transport","outcome":"NOT_APPLICABLE","error_class":null,"domain_error_code":null,"sqlstate":null,"canonical_readback":"NOT_OBSERVED","dropped_events":0}
{"schema_version":1,"timestamp":"2026-10-03T02:15:08.786Z","event":"RPC","request_id":"65847b20-14b9-4f5d-991c-8ec90807a5d7","correlation_id":"65847b20-14b9-4f5d-991c-8ec90807a5d7","route":"/api/director/canonical-operations","domain":"ROUND_CONTROL","feature":"DIRECTOR","release":null,"release_source":"UNAVAILABLE","activation":null,"activation_source":"UNAVAILABLE","sha":"cccccccccccccccccccccccccccccccccccccccc","operation_id":"2ac90f4c-9639-4c40-84e8-13145b06f42f","match_id":"2026-R1-6","mutation_id":null,"job_id":null,"round":null,"target_count":null,"authority_revision":null,"authority_fingerprint":null,"latency_ms":13.747,"http_status":200,"query_family":"admit_certification_operation_v1","phase":"rpc_transport","outcome":"COMMITTED","error_class":null,"domain_error_code":null,"sqlstate":null,"canonical_readback":"NOT_OBSERVED","dropped_events":0}
{"schema_version":1,"timestamp":"2026-10-03T02:15:08.810Z","event":"RPC","request_id":"65847b20-14b9-4f5d-991c-8ec90807a5d7","correlation_id":"65847b20-14b9-4f5d-991c-8ec90807a5d7","route":"/api/director/canonical-operations","domain":"ROUND_CONTROL","feature":"DIRECTOR","release":null,"release_source":"UNAVAILABLE","activation":null,"activation_source":"UNAVAILABLE","sha":"cccccccccccccccccccccccccccccccccccccccc","operation_id":"2ac90f4c-9639-4c40-84e8-13145b06f42f","match_id":"2026-R1-6","mutation_id":null,"job_id":null,"round":null,"target_count":null,"authority_revision":null,"authority_fingerprint":null,"latency_ms":23.369,"http_status":200,"query_family":"execute_certification_operation_v1","phase":"rpc_transport","outcome":"COMMITTED","error_class":null,"domain_error_code":null,"sqlstate":null,"canonical_readback":"NOT_OBSERVED","dropped_events":0}
{"schema_version":1,"timestamp":"2026-10-03T02:15:08.820Z","event":"RPC","request_id":"65847b20-14b9-4f5d-991c-8ec90807a5d7","correlation_id":"65847b20-14b9-4f5d-991c-8ec90807a5d7","route":"/api/director/canonical-operations","domain":"ROUND_CONTROL","feature":"DIRECTOR","release":null,"release_source":"UNAVAILABLE","activation":null,"activation_source":"UNAVAILABLE","sha":"cccccccccccccccccccccccccccccccccccccccc","operation_id":"2ac90f4c-9639-4c40-84e8-13145b06f42f","match_id":"2026-R1-6","mutation_id":null,"job_id":null,"round":null,"target_count":null,"authority_revision":null,"authority_fingerprint":null,"latency_ms":9.315,"http_status":200,"query_family":"read_certification_runtime_context_v1","phase":"rpc_transport","outcome":"NOT_APPLICABLE","error_class":null,"domain_error_code":null,"sqlstate":null,"canonical_readback":"NOT_OBSERVED","dropped_events":0}
{"schema_version":1,"timestamp":"2026-10-03T02:15:08.875Z","event":"RPC","request_id":"65847b20-14b9-4f5d-991c-8ec90807a5d7","correlation_id":"65847b20-14b9-4f5d-991c-8ec90807a5d7","route":"/api/director/canonical-operations","domain":"ROUND_CONTROL","feature":"DIRECTOR","release":null,"release_source":"UNAVAILABLE","activation":null,"activation_source":"UNAVAILABLE","sha":"cccccccccccccccccccccccccccccccccccccccc","operation_id":"2ac90f4c-9639-4c40-84e8-13145b06f42f","match_id":"2026-R1-6","mutation_id":null,"job_id":null,"round":null,"target_count":null,"authority_revision":null,"authority_fingerprint":null,"latency_ms":55.561,"http_status":200,"query_family":"read_certification_operation_v1","phase":"rpc_transport","outcome":"NOT_APPLICABLE","error_class":null,"domain_error_code":null,"sqlstate":null,"canonical_readback":"NOT_OBSERVED","dropped_events":0}
{"schema_version":1,"timestamp":"2026-10-03T02:15:08.876Z","event":"REQUEST","request_id":"65847b20-14b9-4f5d-991c-8ec90807a5d7","correlation_id":"65847b20-14b9-4f5d-991c-8ec90807a5d7","route":"/api/director/canonical-operations","domain":"DIRECTOR","feature":"DIRECTOR","release":null,"release_source":"UNAVAILABLE","activation":null,"activation_source":"UNAVAILABLE","sha":"cccccccccccccccccccccccccccccccccccccccc","operation_id":"2ac90f4c-9639-4c40-84e8-13145b06f42f","match_id":"2026-R1-6","mutation_id":null,"job_id":null,"round":null,"target_count":null,"authority_revision":null,"authority_fingerprint":null,"latency_ms":208.791,"http_status":200,"query_family":null,"phase":null,"outcome":"NOT_APPLICABLE","error_class":null,"domain_error_code":null,"sqlstate":null,"canonical_readback":"NOT_OBSERVED","dropped_events":0}
{"schema_version":1,"timestamp":"2026-10-03T02:15:08.903Z","event":"RPC","request_id":"d3eb0e05-850b-4a08-abc4-dc5db8e9dc93","correlation_id":"d3eb0e05-850b-4a08-abc4-dc5db8e9dc93","route":"/api/scoring/current","domain":"TOURNAMENT_READ","feature":"SCORING","release":null,"release_source":"UNAVAILABLE","activation":null,"activation_source":"UNAVAILABLE","sha":"cccccccccccccccccccccccccccccccccccccccc","operation_id":null,"mutation_id":null,"job_id":null,"match_id":null,"round":null,"target_count":null,"authority_revision":null,"authority_fingerprint":null,"latency_ms":9.721,"http_status":200,"query_family":"read_certification_runtime_context_v1","phase":"rpc_transport","outcome":"NOT_APPLICABLE","error_class":null,"domain_error_code":null,"sqlstate":null,"canonical_readback":"NOT_OBSERVED","dropped_events":0}
{"schema_version":1,"timestamp":"2026-10-03T02:15:08.916Z","event":"RPC","request_id":"d3eb0e05-850b-4a08-abc4-dc5db8e9dc93","correlation_id":"d3eb0e05-850b-4a08-abc4-dc5db8e9dc93","route":"/api/scoring/current","domain":"TOURNAMENT_READ","feature":"SCORING","release":null,"release_source":"UNAVAILABLE","activation":null,"activation_source":"UNAVAILABLE","sha":"cccccccccccccccccccccccccccccccccccccccc","operation_id":null,"mutation_id":null,"job_id":null,"match_id":null,"round":null,"target_count":null,"authority_revision":null,"authority_fingerprint":null,"latency_ms":12.139,"http_status":200,"query_family":"read_certification_projection_v1","phase":"rpc_transport","outcome":"NOT_APPLICABLE","error_class":null,"domain_error_code":null,"sqlstate":null,"canonical_readback":"NOT_OBSERVED","dropped_events":0}
{"schema_version":1,"timestamp":"2026-10-03T02:15:08.925Z","event":"RPC","request_id":"d3eb0e05-850b-4a08-abc4-dc5db8e9dc93","correlation_id":"d3eb0e05-850b-4a08-abc4-dc5db8e9dc93","route":"/api/scoring/current","domain":"TOURNAMENT_READ","feature":"SCORING","release":null,"release_source":"UNAVAILABLE","activation":null,"activation_source":"UNAVAILABLE","sha":"cccccccccccccccccccccccccccccccccccccccc","operation_id":null,"mutation_id":null,"job_id":null,"match_id":null,"round":null,"target_count":null,"authority_revision":null,"authority_fingerprint":null,"latency_ms":8.994,"http_status":200,"query_family":"read_certification_runtime_context_v1","phase":"rpc_transport","outcome":"NOT_APPLICABLE","error_class":null,"domain_error_code":null,"sqlstate":null,"canonical_readback":"NOT_OBSERVED","dropped_events":0}
{"schema_version":1,"timestamp":"2026-10-03T02:15:08.937Z","event":"RPC","request_id":"d3eb0e05-850b-4a08-abc4-dc5db8e9dc93","correlation_id":"d3eb0e05-850b-4a08-abc4-dc5db8e9dc93","route":"/api/scoring/current","domain":"TOURNAMENT_READ","feature":"SCORING","release":null,"release_source":"UNAVAILABLE","activation":null,"activation_source":"UNAVAILABLE","sha":"cccccccccccccccccccccccccccccccccccccccc","operation_id":null,"mutation_id":null,"job_id":null,"match_id":"2026-R1-6","round":null,"target_count":null,"authority_revision":null,"authority_fingerprint":null,"latency_ms":11.281,"http_status":200,"query_family":"read_certification_operation_v1","phase":"rpc_transport","outcome":"NOT_APPLICABLE","error_class":null,"domain_error_code":null,"sqlstate":null,"canonical_readback":"NOT_OBSERVED","dropped_events":0}
{"schema_version":1,"timestamp":"2026-10-03T02:15:08.937Z","event":"PHASE","request_id":"d3eb0e05-850b-4a08-abc4-dc5db8e9dc93","correlation_id":"d3eb0e05-850b-4a08-abc4-dc5db8e9dc93","route":"/api/scoring/current","domain":"AUTHORIZATION","feature":"SCORING","release":null,"release_source":"UNAVAILABLE","activation":null,"activation_source":"UNAVAILABLE","sha":"cccccccccccccccccccccccccccccccccccccccc","operation_id":null,"mutation_id":null,"job_id":null,"match_id":null,"round":null,"target_count":null,"authority_revision":null,"authority_fingerprint":null,"latency_ms":45,"http_status":null,"query_family":null,"phase":"authorization","outcome":"NOT_APPLICABLE","error_class":null,"domain_error_code":null,"sqlstate":null,"canonical_readback":"NOT_OBSERVED","dropped_events":0}
{"schema_version":1,"timestamp":"2026-10-03T02:15:08.946Z","event":"RPC","request_id":"d3eb0e05-850b-4a08-abc4-dc5db8e9dc93","correlation_id":"d3eb0e05-850b-4a08-abc4-dc5db8e9dc93","route":"/api/scoring/current","domain":"TOURNAMENT_READ","feature":"SCORING","release":null,"release_source":"UNAVAILABLE","activation":null,"activation_source":"UNAVAILABLE","sha":"cccccccccccccccccccccccccccccccccccccccc","mutation_id":"4165fc76-7737-4725-a77f-895b4acfcc9a","match_id":"2026-R1-6","operation_id":null,"job_id":null,"round":null,"target_count":null,"authority_revision":null,"authority_fingerprint":null,"latency_ms":8.961,"http_status":200,"query_family":"read_certification_runtime_context_v1","phase":"rpc_transport","outcome":"NOT_APPLICABLE","error_class":null,"domain_error_code":null,"sqlstate":null,"canonical_readback":"NOT_OBSERVED","dropped_events":0}
{"schema_version":1,"timestamp":"2026-10-03T02:15:08.957Z","event":"RPC","request_id":"d3eb0e05-850b-4a08-abc4-dc5db8e9dc93","correlation_id":"d3eb0e05-850b-4a08-abc4-dc5db8e9dc93","route":"/api/scoring/current","domain":"TOURNAMENT_READ","feature":"SCORING","release":null,"release_source":"UNAVAILABLE","activation":null,"activation_source":"UNAVAILABLE","sha":"cccccccccccccccccccccccccccccccccccccccc","mutation_id":"4165fc76-7737-4725-a77f-895b4acfcc9a","match_id":"2026-R1-6","operation_id":null,"job_id":null,"round":null,"target_count":null,"authority_revision":null,"authority_fingerprint":null,"latency_ms":10.16,"http_status":200,"query_family":"read_certification_operation_v1","phase":"rpc_transport","outcome":"NOT_APPLICABLE","error_class":null,"domain_error_code":null,"sqlstate":null,"canonical_readback":"NOT_OBSERVED","dropped_events":0}
{"schema_version":1,"timestamp":"2026-10-03T02:15:08.957Z","event":"PHASE","request_id":"d3eb0e05-850b-4a08-abc4-dc5db8e9dc93","correlation_id":"d3eb0e05-850b-4a08-abc4-dc5db8e9dc93","route":"/api/scoring/current","domain":"SCORING","feature":"SCORING","release":null,"release_source":"UNAVAILABLE","activation":null,"activation_source":"UNAVAILABLE","sha":"cccccccccccccccccccccccccccccccccccccccc","mutation_id":"4165fc76-7737-4725-a77f-895b4acfcc9a","match_id":"2026-R1-6","operation_id":null,"job_id":null,"round":null,"target_count":null,"authority_revision":null,"authority_fingerprint":null,"latency_ms":19.476,"http_status":null,"query_family":null,"phase":"scoring_context","outcome":"NOT_APPLICABLE","error_class":null,"domain_error_code":null,"sqlstate":null,"canonical_readback":"NOT_OBSERVED","dropped_events":0}
{"schema_version":1,"timestamp":"2026-10-03T02:15:08.966Z","event":"RPC","request_id":"d3eb0e05-850b-4a08-abc4-dc5db8e9dc93","correlation_id":"d3eb0e05-850b-4a08-abc4-dc5db8e9dc93","route":"/api/scoring/current","domain":"SCORING","feature":"SCORING","release":null,"release_source":"UNAVAILABLE","activation":null,"activation_source":"UNAVAILABLE","sha":"cccccccccccccccccccccccccccccccccccccccc","mutation_id":"4165fc76-7737-4725-a77f-895b4acfcc9a","match_id":"2026-R1-6","operation_id":null,"job_id":null,"round":null,"target_count":null,"authority_revision":null,"authority_fingerprint":null,"latency_ms":8.754,"http_status":200,"query_family":"read_certification_runtime_context_v1","phase":"rpc_transport","outcome":"NOT_APPLICABLE","error_class":null,"domain_error_code":null,"sqlstate":null,"canonical_readback":"NOT_OBSERVED","dropped_events":0}
{"schema_version":1,"timestamp":"2026-10-03T02:15:08.979Z","event":"RPC","request_id":"d3eb0e05-850b-4a08-abc4-dc5db8e9dc93","correlation_id":"d3eb0e05-850b-4a08-abc4-dc5db8e9dc93","route":"/api/scoring/current","domain":"SCORING","feature":"SCORING","release":null,"release_source":"UNAVAILABLE","activation":null,"activation_source":"UNAVAILABLE","sha":"cccccccccccccccccccccccccccccccccccccccc","mutation_id":"4165fc76-7737-4725-a77f-895b4acfcc9a","match_id":"2026-R1-6","operation_id":"4165fc76-7737-4725-a77f-895b4acfcc9a","job_id":null,"round":null,"target_count":null,"authority_revision":null,"authority_fingerprint":null,"latency_ms":12.737,"http_status":200,"query_family":"admit_certification_operation_v1","phase":"rpc_transport","outcome":"COMMITTED","error_class":null,"domain_error_code":null,"sqlstate":null,"canonical_readback":"NOT_OBSERVED","dropped_events":0}
{"schema_version":1,"timestamp":"2026-10-03T02:15:09.000Z","event":"RPC","request_id":"d3eb0e05-850b-4a08-abc4-dc5db8e9dc93","correlation_id":"d3eb0e05-850b-4a08-abc4-dc5db8e9dc93","route":"/api/scoring/current","domain":"SCORING","feature":"SCORING","release":null,"release_source":"UNAVAILABLE","activation":null,"activation_source":"UNAVAILABLE","sha":"cccccccccccccccccccccccccccccccccccccccc","mutation_id":"4165fc76-7737-4725-a77f-895b4acfcc9a","match_id":"2026-R1-6","operation_id":"4165fc76-7737-4725-a77f-895b4acfcc9a","job_id":null,"round":null,"target_count":null,"authority_revision":null,"authority_fingerprint":null,"latency_ms":21.138,"http_status":200,"query_family":"execute_certification_operation_v1","phase":"rpc_transport","outcome":"COMMITTED","error_class":null,"domain_error_code":null,"sqlstate":null,"canonical_readback":"NOT_OBSERVED","dropped_events":0}
{"schema_version":1,"timestamp":"2026-10-03T02:15:09.000Z","event":"OUTCOME","request_id":"d3eb0e05-850b-4a08-abc4-dc5db8e9dc93","correlation_id":"d3eb0e05-850b-4a08-abc4-dc5db8e9dc93","route":"/api/scoring/current","domain":"SCORING","feature":"SCORING","release":null,"release_source":"UNAVAILABLE","activation":null,"activation_source":"UNAVAILABLE","sha":"cccccccccccccccccccccccccccccccccccccccc","mutation_id":"4165fc76-7737-4725-a77f-895b4acfcc9a","match_id":"2026-R1-6","operation_id":"4165fc76-7737-4725-a77f-895b4acfcc9a","job_id":null,"round":null,"target_count":null,"authority_revision":null,"authority_fingerprint":null,"latency_ms":null,"http_status":null,"query_family":null,"phase":"score_acknowledgement","outcome":"COMMITTED","error_class":null,"domain_error_code":null,"sqlstate":null,"canonical_readback":"NOT_OBSERVED","dropped_events":0}
{"schema_version":1,"timestamp":"2026-10-03T02:15:09.000Z","event":"REQUEST","request_id":"d3eb0e05-850b-4a08-abc4-dc5db8e9dc93","correlation_id":"d3eb0e05-850b-4a08-abc4-dc5db8e9dc93","route":"/api/scoring/current","domain":"SCORING","feature":"SCORING","release":null,"release_source":"UNAVAILABLE","activation":null,"activation_source":"UNAVAILABLE","sha":"cccccccccccccccccccccccccccccccccccccccc","mutation_id":"4165fc76-7737-4725-a77f-895b4acfcc9a","match_id":"2026-R1-6","operation_id":"4165fc76-7737-4725-a77f-895b4acfcc9a","job_id":null,"round":null,"target_count":null,"authority_revision":null,"authority_fingerprint":null,"latency_ms":108.753,"http_status":200,"query_family":null,"phase":null,"outcome":"NOT_APPLICABLE","error_class":null,"domain_error_code":null,"sqlstate":null,"canonical_readback":"NOT_OBSERVED","dropped_events":0}
{"schema_version":1,"timestamp":"2026-10-03T02:15:09.021Z","event":"RPC","request_id":"d3eb0e05-850b-4a08-abc4-dc5db8e9dc93","correlation_id":"d3eb0e05-850b-4a08-abc4-dc5db8e9dc93","route":"/api/scoring/current","domain":"TOURNAMENT_READ","feature":"SCORING","release":null,"release_source":"UNAVAILABLE","activation":null,"activation_source":"UNAVAILABLE","sha":"cccccccccccccccccccccccccccccccccccccccc","mutation_id":"4165fc76-7737-4725-a77f-895b4acfcc9a","match_id":"2026-R1-6","operation_id":"4165fc76-7737-4725-a77f-895b4acfcc9a","job_id":null,"round":null,"target_count":null,"authority_revision":null,"authority_fingerprint":null,"latency_ms":19.993,"http_status":200,"query_family":"read_certification_runtime_context_v1","phase":"rpc_transport","outcome":"NOT_APPLICABLE","error_class":null,"domain_error_code":null,"sqlstate":null,"canonical_readback":"NOT_OBSERVED","dropped_events":0}
{"schema_version":1,"timestamp":"2026-10-03T02:15:09.021Z","event":"RPC","request_id":"d3eb0e05-850b-4a08-abc4-dc5db8e9dc93","correlation_id":"d3eb0e05-850b-4a08-abc4-dc5db8e9dc93","route":"/api/scoring/current","domain":"TOURNAMENT_READ","feature":"SCORING","release":null,"release_source":"UNAVAILABLE","activation":null,"activation_source":"UNAVAILABLE","sha":"cccccccccccccccccccccccccccccccccccccccc","mutation_id":"4165fc76-7737-4725-a77f-895b4acfcc9a","match_id":"2026-R1-6","operation_id":"4165fc76-7737-4725-a77f-895b4acfcc9a","job_id":null,"round":null,"target_count":null,"authority_revision":null,"authority_fingerprint":null,"latency_ms":9.993,"http_status":200,"query_family":"read_certification_runtime_context_v1","phase":"rpc_transport","outcome":"NOT_APPLICABLE","error_class":null,"domain_error_code":null,"sqlstate":null,"canonical_readback":"NOT_OBSERVED","dropped_events":0}
{"schema_version":1,"timestamp":"2026-10-03T02:15:09.040Z","event":"RPC","request_id":"d3eb0e05-850b-4a08-abc4-dc5db8e9dc93","correlation_id":"d3eb0e05-850b-4a08-abc4-dc5db8e9dc93","route":"/api/scoring/current","domain":"TOURNAMENT_READ","feature":"SCORING","release":null,"release_source":"UNAVAILABLE","activation":null,"activation_source":"UNAVAILABLE","sha":"cccccccccccccccccccccccccccccccccccccccc","mutation_id":"4165fc76-7737-4725-a77f-895b4acfcc9a","match_id":"2026-R1-6","operation_id":"4165fc76-7737-4725-a77f-895b4acfcc9a","job_id":null,"round":null,"target_count":null,"authority_revision":null,"authority_fingerprint":null,"latency_ms":18.48,"http_status":200,"query_family":"read_certification_runtime_context_v1","phase":"rpc_transport","outcome":"NOT_APPLICABLE","error_class":null,"domain_error_code":null,"sqlstate":null,"canonical_readback":"NOT_OBSERVED","dropped_events":0}
{"schema_version":1,"timestamp":"2026-10-03T02:15:09.040Z","event":"RPC","request_id":"d3eb0e05-850b-4a08-abc4-dc5db8e9dc93","correlation_id":"d3eb0e05-850b-4a08-abc4-dc5db8e9dc93","route":"/api/scoring/current","domain":"TOURNAMENT_READ","feature":"SCORING","release":null,"release_source":"UNAVAILABLE","activation":null,"activation_source":"UNAVAILABLE","sha":"cccccccccccccccccccccccccccccccccccccccc","mutation_id":"4165fc76-7737-4725-a77f-895b4acfcc9a","match_id":"2026-R1-6","operation_id":"4165fc76-7737-4725-a77f-895b4acfcc9a","job_id":null,"round":null,"target_count":null,"authority_revision":null,"authority_fingerprint":null,"latency_ms":9.184,"http_status":200,"query_family":"read_certification_runtime_context_v1","phase":"rpc_transport","outcome":"NOT_APPLICABLE","error_class":null,"domain_error_code":null,"sqlstate":null,"canonical_readback":"NOT_OBSERVED","dropped_events":0}
{"schema_version":1,"timestamp":"2026-10-03T02:15:09.069Z","event":"RPC","request_id":"d3eb0e05-850b-4a08-abc4-dc5db8e9dc93","correlation_id":"d3eb0e05-850b-4a08-abc4-dc5db8e9dc93","route":"/api/scoring/current","domain":"TOURNAMENT_READ","feature":"SCORING","release":null,"release_source":"UNAVAILABLE","activation":1,"activation_source":"AUTHORITY_READ","sha":"cccccccccccccccccccccccccccccccccccccccc","mutation_id":"4165fc76-7737-4725-a77f-895b4acfcc9a","match_id":"2026-R1-6","operation_id":"4165fc76-7737-4725-a77f-895b4acfcc9a","job_id":null,"round":null,"target_count":null,"authority_revision":null,"authority_fingerprint":null,"latency_ms":29.072,"http_status":200,"query_family":"read_certification_projection_v1","phase":"rpc_transport","outcome":"NOT_APPLICABLE","error_class":null,"domain_error_code":null,"sqlstate":null,"canonical_readback":"NOT_OBSERVED","dropped_events":0}
{"schema_version":1,"timestamp":"2026-10-03T02:15:09.069Z","event":"RPC","request_id":"d3eb0e05-850b-4a08-abc4-dc5db8e9dc93","correlation_id":"d3eb0e05-850b-4a08-abc4-dc5db8e9dc93","route":"/api/scoring/current","domain":"TOURNAMENT_READ","feature":"SCORING","release":null,"release_source":"UNAVAILABLE","activation":1,"activation_source":"AUTHORITY_READ","sha":"cccccccccccccccccccccccccccccccccccccccc","mutation_id":"4165fc76-7737-4725-a77f-895b4acfcc9a","match_id":"2026-R1-6","operation_id":"4165fc76-7737-4725-a77f-895b4acfcc9a","job_id":null,"round":null,"target_count":null,"authority_revision":null,"authority_fingerprint":null,"latency_ms":13.25,"http_status":200,"query_family":"read_certification_projection_v1","phase":"rpc_transport","outcome":"NOT_APPLICABLE","error_class":null,"domain_error_code":null,"sqlstate":null,"canonical_readback":"NOT_OBSERVED","dropped_events":0}
{"schema_version":1,"timestamp":"2026-10-03T02:15:09.087Z","event":"RPC","request_id":"d3eb0e05-850b-4a08-abc4-dc5db8e9dc93","correlation_id":"d3eb0e05-850b-4a08-abc4-dc5db8e9dc93","route":"/api/scoring/current","domain":"TOURNAMENT_READ","feature":"SCORING","release":null,"release_source":"UNAVAILABLE","activation":1,"activation_source":"AUTHORITY_READ","sha":"cccccccccccccccccccccccccccccccccccccccc","mutation_id":"4165fc76-7737-4725-a77f-895b4acfcc9a","match_id":"2026-R1-6","operation_id":"480fcbc4-de7e-49a8-a1ef-b9e233085e75","job_id":null,"round":null,"target_count":null,"authority_revision":null,"authority_fingerprint":null,"latency_ms":16.097,"http_status":200,"query_family":"execute_certification_operation_v1","phase":"rpc_transport","outcome":"COMMITTED","error_class":null,"domain_error_code":null,"sqlstate":null,"canonical_readback":"NOT_OBSERVED","dropped_events":0}
{"schema_version":1,"timestamp":"2026-10-03T02:15:09.106Z","event":"RPC","request_id":"d3eb0e05-850b-4a08-abc4-dc5db8e9dc93","correlation_id":"d3eb0e05-850b-4a08-abc4-dc5db8e9dc93","route":"/api/scoring/current","domain":"TOURNAMENT_READ","feature":"SCORING","release":null,"release_source":"UNAVAILABLE","activation":1,"activation_source":"AUTHORITY_READ","sha":"cccccccccccccccccccccccccccccccccccccccc","mutation_id":"4165fc76-7737-4725-a77f-895b4acfcc9a","match_id":"2026-R1-6","operation_id":"480fcbc4-de7e-49a8-a1ef-b9e233085e75","job_id":null,"round":null,"target_count":null,"authority_revision":null,"authority_fingerprint":null,"latency_ms":19.02,"http_status":200,"query_family":"read_certification_runtime_context_v1","phase":"rpc_transport","outcome":"NOT_APPLICABLE","error_class":null,"domain_error_code":null,"sqlstate":null,"canonical_readback":"NOT_OBSERVED","dropped_events":0}
{"schema_version":1,"timestamp":"2026-10-03T02:15:09.106Z","event":"RPC","request_id":"d3eb0e05-850b-4a08-abc4-dc5db8e9dc93","correlation_id":"d3eb0e05-850b-4a08-abc4-dc5db8e9dc93","route":"/api/scoring/current","domain":"TOURNAMENT_READ","feature":"SCORING","release":null,"release_source":"UNAVAILABLE","activation":1,"activation_source":"AUTHORITY_READ","sha":"cccccccccccccccccccccccccccccccccccccccc","mutation_id":"4165fc76-7737-4725-a77f-895b4acfcc9a","match_id":"2026-R1-6","operation_id":"480fcbc4-de7e-49a8-a1ef-b9e233085e75","job_id":null,"round":null,"target_count":null,"authority_revision":null,"authority_fingerprint":null,"latency_ms":9.457,"http_status":200,"query_family":"read_certification_runtime_context_v1","phase":"rpc_transport","outcome":"NOT_APPLICABLE","error_class":null,"domain_error_code":null,"sqlstate":null,"canonical_readback":"NOT_OBSERVED","dropped_events":0}
{"schema_version":1,"timestamp":"2026-10-03T02:15:09.134Z","event":"RPC","request_id":"d3eb0e05-850b-4a08-abc4-dc5db8e9dc93","correlation_id":"d3eb0e05-850b-4a08-abc4-dc5db8e9dc93","route":"/api/scoring/current","domain":"TOURNAMENT_READ","feature":"SCORING","release":null,"release_source":"UNAVAILABLE","activation":1,"activation_source":"AUTHORITY_READ","sha":"cccccccccccccccccccccccccccccccccccccccc","mutation_id":"4165fc76-7737-4725-a77f-895b4acfcc9a","match_id":"2026-R1-6","operation_id":"480fcbc4-de7e-49a8-a1ef-b9e233085e75","job_id":null,"round":null,"target_count":null,"authority_revision":null,"authority_fingerprint":null,"latency_ms":27.399,"http_status":200,"query_family":"read_certification_projection_v1","phase":"rpc_transport","outcome":"NOT_APPLICABLE","error_class":null,"domain_error_code":null,"sqlstate":null,"canonical_readback":"NOT_OBSERVED","dropped_events":0}
{"schema_version":1,"timestamp":"2026-10-03T02:15:09.134Z","event":"RPC","request_id":"d3eb0e05-850b-4a08-abc4-dc5db8e9dc93","correlation_id":"d3eb0e05-850b-4a08-abc4-dc5db8e9dc93","route":"/api/scoring/current","domain":"TOURNAMENT_READ","feature":"SCORING","release":null,"release_source":"UNAVAILABLE","activation":1,"activation_source":"AUTHORITY_READ","sha":"cccccccccccccccccccccccccccccccccccccccc","mutation_id":"4165fc76-7737-4725-a77f-895b4acfcc9a","match_id":"2026-R1-6","operation_id":"480fcbc4-de7e-49a8-a1ef-b9e233085e75","job_id":null,"round":null,"target_count":null,"authority_revision":null,"authority_fingerprint":null,"latency_ms":12.122,"http_status":200,"query_family":"read_certification_projection_v1","phase":"rpc_transport","outcome":"NOT_APPLICABLE","error_class":null,"domain_error_code":null,"sqlstate":null,"canonical_readback":"NOT_OBSERVED","dropped_events":0}
{"schema_version":1,"timestamp":"2026-10-03T02:15:09.149Z","event":"RPC","request_id":"d3eb0e05-850b-4a08-abc4-dc5db8e9dc93","correlation_id":"d3eb0e05-850b-4a08-abc4-dc5db8e9dc93","route":"/api/scoring/current","domain":"TOURNAMENT_READ","feature":"SCORING","release":null,"release_source":"UNAVAILABLE","activation":1,"activation_source":"AUTHORITY_READ","sha":"cccccccccccccccccccccccccccccccccccccccc","mutation_id":"4165fc76-7737-4725-a77f-895b4acfcc9a","match_id":"2026-R1-6","operation_id":"2723ef60-78ee-4ee7-8d2d-527a00c41d97","job_id":null,"round":null,"target_count":null,"authority_revision":null,"authority_fingerprint":null,"latency_ms":14.379,"http_status":200,"query_family":"execute_certification_operation_v1","phase":"rpc_transport","outcome":"COMMITTED","error_class":null,"domain_error_code":null,"sqlstate":null,"canonical_readback":"NOT_OBSERVED","dropped_events":0}
{"schema_version":1,"timestamp":"2026-10-03T02:15:09.161Z","event":"RPC","request_id":"58b43db1-6069-42fa-b754-ac805d6677c7","correlation_id":"58b43db1-6069-42fa-b754-ac805d6677c7","route":"/api/scoring/mutation-status","domain":"TOURNAMENT_READ","feature":"SCORING","release":null,"release_source":"UNAVAILABLE","activation":null,"activation_source":"UNAVAILABLE","sha":"cccccccccccccccccccccccccccccccccccccccc","operation_id":null,"mutation_id":null,"job_id":null,"match_id":null,"round":null,"target_count":null,"authority_revision":null,"authority_fingerprint":null,"latency_ms":9.186,"http_status":200,"query_family":"read_certification_runtime_context_v1","phase":"rpc_transport","outcome":"NOT_APPLICABLE","error_class":null,"domain_error_code":null,"sqlstate":null,"canonical_readback":"NOT_OBSERVED","dropped_events":0}
{"schema_version":1,"timestamp":"2026-10-03T02:15:09.174Z","event":"RPC","request_id":"58b43db1-6069-42fa-b754-ac805d6677c7","correlation_id":"58b43db1-6069-42fa-b754-ac805d6677c7","route":"/api/scoring/mutation-status","domain":"TOURNAMENT_READ","feature":"SCORING","release":null,"release_source":"UNAVAILABLE","activation":null,"activation_source":"UNAVAILABLE","sha":"cccccccccccccccccccccccccccccccccccccccc","operation_id":null,"mutation_id":null,"job_id":null,"match_id":null,"round":null,"target_count":null,"authority_revision":null,"authority_fingerprint":null,"latency_ms":12.804,"http_status":200,"query_family":"read_certification_projection_v1","phase":"rpc_transport","outcome":"NOT_APPLICABLE","error_class":null,"domain_error_code":null,"sqlstate":null,"canonical_readback":"NOT_OBSERVED","dropped_events":0}
{"schema_version":1,"timestamp":"2026-10-03T02:15:09.185Z","event":"RPC","request_id":"58b43db1-6069-42fa-b754-ac805d6677c7","correlation_id":"58b43db1-6069-42fa-b754-ac805d6677c7","route":"/api/scoring/mutation-status","domain":"TOURNAMENT_READ","feature":"SCORING","release":null,"release_source":"UNAVAILABLE","activation":null,"activation_source":"UNAVAILABLE","sha":"cccccccccccccccccccccccccccccccccccccccc","mutation_id":"4165fc76-7737-4725-a77f-895b4acfcc9a","match_id":"2026-R1-6","operation_id":"4165fc76-7737-4725-a77f-895b4acfcc9a","job_id":null,"round":null,"target_count":null,"authority_revision":null,"authority_fingerprint":null,"latency_ms":10.242,"http_status":200,"query_family":"read_certification_operation_v1","phase":"rpc_transport","outcome":"NOT_APPLICABLE","error_class":null,"domain_error_code":null,"sqlstate":null,"canonical_readback":"NOT_OBSERVED","dropped_events":0}
{"schema_version":1,"timestamp":"2026-10-03T02:15:09.185Z","event":"OUTCOME","request_id":"58b43db1-6069-42fa-b754-ac805d6677c7","correlation_id":"58b43db1-6069-42fa-b754-ac805d6677c7","route":"/api/scoring/mutation-status","domain":"SCORING","feature":"SCORING","release":null,"release_source":"UNAVAILABLE","activation":null,"activation_source":"UNAVAILABLE","sha":"cccccccccccccccccccccccccccccccccccccccc","mutation_id":"4165fc76-7737-4725-a77f-895b4acfcc9a","match_id":"2026-R1-6","operation_id":null,"job_id":null,"round":null,"target_count":null,"authority_revision":null,"authority_fingerprint":null,"latency_ms":null,"http_status":null,"query_family":null,"phase":"mutation_recovery","outcome":"COMMITTED","error_class":null,"domain_error_code":null,"sqlstate":null,"canonical_readback":"NOT_OBSERVED","dropped_events":0}
{"schema_version":1,"timestamp":"2026-10-03T02:15:09.185Z","event":"REQUEST","request_id":"58b43db1-6069-42fa-b754-ac805d6677c7","correlation_id":"58b43db1-6069-42fa-b754-ac805d6677c7","route":"/api/scoring/mutation-status","domain":"SCORING","feature":"SCORING","release":null,"release_source":"UNAVAILABLE","activation":null,"activation_source":"UNAVAILABLE","sha":"cccccccccccccccccccccccccccccccccccccccc","mutation_id":"4165fc76-7737-4725-a77f-895b4acfcc9a","match_id":"2026-R1-6","operation_id":null,"job_id":null,"round":null,"target_count":null,"authority_revision":null,"authority_fingerprint":null,"latency_ms":34.265,"http_status":200,"query_family":null,"phase":null,"outcome":"NOT_APPLICABLE","error_class":null,"domain_error_code":null,"sqlstate":null,"canonical_readback":"NOT_OBSERVED","dropped_events":0}
{"schema_version":1,"timestamp":"2026-10-03T02:15:09.203Z","event":"RPC","request_id":"0d2b0323-6cd8-4ce6-b705-5fa0f5b0a7ba","correlation_id":"0d2b0323-6cd8-4ce6-b705-5fa0f5b0a7ba","route":"/api/director/canonical-odds","domain":"TOURNAMENT_READ","feature":"ODDS","release":null,"release_source":"UNAVAILABLE","activation":null,"activation_source":"UNAVAILABLE","sha":"cccccccccccccccccccccccccccccccccccccccc","operation_id":null,"mutation_id":null,"job_id":null,"match_id":null,"round":null,"target_count":null,"authority_revision":null,"authority_fingerprint":null,"latency_ms":9.403,"http_status":200,"query_family":"read_certification_runtime_context_v1","phase":"rpc_transport","outcome":"NOT_APPLICABLE","error_class":null,"domain_error_code":null,"sqlstate":null,"canonical_readback":"NOT_OBSERVED","dropped_events":0}
{"schema_version":1,"timestamp":"2026-10-03T02:15:09.212Z","event":"RPC","request_id":"0d2b0323-6cd8-4ce6-b705-5fa0f5b0a7ba","correlation_id":"0d2b0323-6cd8-4ce6-b705-5fa0f5b0a7ba","route":"/api/director/canonical-odds","domain":"TOURNAMENT_READ","feature":"ODDS","release":null,"release_source":"UNAVAILABLE","activation":null,"activation_source":"UNAVAILABLE","sha":"cccccccccccccccccccccccccccccccccccccccc","operation_id":null,"mutation_id":null,"job_id":null,"match_id":null,"round":null,"target_count":null,"authority_revision":null,"authority_fingerprint":null,"latency_ms":8.819,"http_status":200,"query_family":"read_certification_runtime_context_v1","phase":"rpc_transport","outcome":"NOT_APPLICABLE","error_class":null,"domain_error_code":null,"sqlstate":null,"canonical_readback":"NOT_OBSERVED","dropped_events":0}
{"schema_version":1,"timestamp":"2026-10-03T02:15:09.223Z","event":"RPC","request_id":"0d2b0323-6cd8-4ce6-b705-5fa0f5b0a7ba","correlation_id":"0d2b0323-6cd8-4ce6-b705-5fa0f5b0a7ba","route":"/api/director/canonical-odds","domain":"TOURNAMENT_READ","feature":"ODDS","release":null,"release_source":"UNAVAILABLE","activation":null,"activation_source":"UNAVAILABLE","sha":"cccccccccccccccccccccccccccccccccccccccc","operation_id":null,"mutation_id":null,"job_id":null,"match_id":null,"round":null,"target_count":null,"authority_revision":null,"authority_fingerprint":null,"latency_ms":10.379,"http_status":200,"query_family":"read_certification_projection_v1","phase":"rpc_transport","outcome":"NOT_APPLICABLE","error_class":null,"domain_error_code":null,"sqlstate":null,"canonical_readback":"NOT_OBSERVED","dropped_events":0}
{"schema_version":1,"timestamp":"2026-10-03T02:15:09.232Z","event":"RPC","request_id":"0d2b0323-6cd8-4ce6-b705-5fa0f5b0a7ba","correlation_id":"0d2b0323-6cd8-4ce6-b705-5fa0f5b0a7ba","route":"/api/director/canonical-odds","domain":"ROUND_CONTROL","feature":"ODDS","release":null,"release_source":"UNAVAILABLE","activation":null,"activation_source":"UNAVAILABLE","sha":"cccccccccccccccccccccccccccccccccccccccc","operation_id":null,"mutation_id":null,"job_id":null,"match_id":null,"round":null,"target_count":null,"authority_revision":null,"authority_fingerprint":null,"latency_ms":8.919,"http_status":200,"query_family":"read_certification_runtime_context_v1","phase":"rpc_transport","outcome":"NOT_APPLICABLE","error_class":null,"domain_error_code":null,"sqlstate":null,"canonical_readback":"NOT_OBSERVED","dropped_events":0}
{"schema_version":1,"timestamp":"2026-10-03T02:15:09.245Z","event":"RPC","request_id":"0d2b0323-6cd8-4ce6-b705-5fa0f5b0a7ba","correlation_id":"0d2b0323-6cd8-4ce6-b705-5fa0f5b0a7ba","route":"/api/director/canonical-odds","domain":"ROUND_CONTROL","feature":"ODDS","release":null,"release_source":"UNAVAILABLE","activation":null,"activation_source":"UNAVAILABLE","sha":"cccccccccccccccccccccccccccccccccccccccc","operation_id":null,"mutation_id":null,"job_id":null,"match_id":null,"round":null,"target_count":null,"authority_revision":null,"authority_fingerprint":null,"latency_ms":12.676,"http_status":200,"query_family":"dispatch_certification_odds_v1","phase":"rpc_transport","outcome":"COMMITTED","error_class":null,"domain_error_code":null,"sqlstate":null,"canonical_readback":"NOT_OBSERVED","dropped_events":0}
{"schema_version":1,"timestamp":"2026-10-03T02:15:09.257Z","event":"RPC","request_id":"0d2b0323-6cd8-4ce6-b705-5fa0f5b0a7ba","correlation_id":"0d2b0323-6cd8-4ce6-b705-5fa0f5b0a7ba","route":"/api/director/canonical-odds","domain":"ROUND_CONTROL","feature":"ODDS","release":null,"release_source":"UNAVAILABLE","activation":null,"activation_source":"UNAVAILABLE","sha":"cccccccccccccccccccccccccccccccccccccccc","operation_id":null,"mutation_id":null,"job_id":null,"match_id":null,"round":null,"target_count":null,"authority_revision":null,"authority_fingerprint":null,"latency_ms":12.2,"http_status":200,"query_family":"dispatch_certification_odds_v1","phase":"rpc_transport","outcome":"COMMITTED","error_class":null,"domain_error_code":null,"sqlstate":null,"canonical_readback":"NOT_OBSERVED","dropped_events":0}
{"schema_version":1,"timestamp":"2026-10-03T02:15:09.257Z","event":"REQUEST","request_id":"0d2b0323-6cd8-4ce6-b705-5fa0f5b0a7ba","correlation_id":"0d2b0323-6cd8-4ce6-b705-5fa0f5b0a7ba","route":"/api/director/canonical-odds","domain":"ODDS","feature":"ODDS","release":null,"release_source":"UNAVAILABLE","activation":null,"activation_source":"UNAVAILABLE","sha":"cccccccccccccccccccccccccccccccccccccccc","operation_id":null,"mutation_id":null,"job_id":null,"match_id":null,"round":null,"target_count":null,"authority_revision":null,"authority_fingerprint":null,"latency_ms":64.518,"http_status":200,"query_family":null,"phase":null,"outcome":"NOT_APPLICABLE","error_class":null,"domain_error_code":null,"sqlstate":null,"canonical_readback":"NOT_OBSERVED","dropped_events":0}
{"schema_version":1,"timestamp":"2026-10-03T02:15:09.269Z","event":"RPC","request_id":"d3c8b2df-fccf-4100-bfa8-57bc1ba1d1de","correlation_id":"d3c8b2df-fccf-4100-bfa8-57bc1ba1d1de","route":"/api/director/canonical-odds","domain":"TOURNAMENT_READ","feature":"ODDS","release":null,"release_source":"UNAVAILABLE","activation":null,"activation_source":"UNAVAILABLE","sha":"cccccccccccccccccccccccccccccccccccccccc","operation_id":null,"mutation_id":null,"job_id":null,"match_id":null,"round":null,"target_count":null,"authority_revision":null,"authority_fingerprint":null,"latency_ms":9.57,"http_status":200,"query_family":"read_certification_runtime_context_v1","phase":"rpc_transport","outcome":"NOT_APPLICABLE","error_class":null,"domain_error_code":null,"sqlstate":null,"canonical_readback":"NOT_OBSERVED","dropped_events":0}
{"schema_version":1,"timestamp":"2026-10-03T02:15:09.279Z","event":"RPC","request_id":"d3c8b2df-fccf-4100-bfa8-57bc1ba1d1de","correlation_id":"d3c8b2df-fccf-4100-bfa8-57bc1ba1d1de","route":"/api/director/canonical-odds","domain":"TOURNAMENT_READ","feature":"ODDS","release":null,"release_source":"UNAVAILABLE","activation":null,"activation_source":"UNAVAILABLE","sha":"cccccccccccccccccccccccccccccccccccccccc","operation_id":null,"mutation_id":null,"job_id":null,"match_id":null,"round":null,"target_count":null,"authority_revision":null,"authority_fingerprint":null,"latency_ms":9.138,"http_status":200,"query_family":"read_certification_runtime_context_v1","phase":"rpc_transport","outcome":"NOT_APPLICABLE","error_class":null,"domain_error_code":null,"sqlstate":null,"canonical_readback":"NOT_OBSERVED","dropped_events":0}
{"schema_version":1,"timestamp":"2026-10-03T02:15:09.289Z","event":"RPC","request_id":"d3c8b2df-fccf-4100-bfa8-57bc1ba1d1de","correlation_id":"d3c8b2df-fccf-4100-bfa8-57bc1ba1d1de","route":"/api/director/canonical-odds","domain":"TOURNAMENT_READ","feature":"ODDS","release":null,"release_source":"UNAVAILABLE","activation":null,"activation_source":"UNAVAILABLE","sha":"cccccccccccccccccccccccccccccccccccccccc","operation_id":null,"mutation_id":null,"job_id":null,"match_id":null,"round":null,"target_count":null,"authority_revision":null,"authority_fingerprint":null,"latency_ms":10.396,"http_status":200,"query_family":"read_certification_projection_v1","phase":"rpc_transport","outcome":"NOT_APPLICABLE","error_class":null,"domain_error_code":null,"sqlstate":null,"canonical_readback":"NOT_OBSERVED","dropped_events":0}
{"schema_version":1,"timestamp":"2026-10-03T02:15:09.299Z","event":"RPC","request_id":"d3c8b2df-fccf-4100-bfa8-57bc1ba1d1de","correlation_id":"d3c8b2df-fccf-4100-bfa8-57bc1ba1d1de","route":"/api/director/canonical-odds","domain":"ROUND_CONTROL","feature":"ODDS","release":null,"release_source":"UNAVAILABLE","activation":null,"activation_source":"UNAVAILABLE","sha":"cccccccccccccccccccccccccccccccccccccccc","operation_id":null,"mutation_id":null,"job_id":null,"match_id":null,"round":null,"target_count":null,"authority_revision":null,"authority_fingerprint":null,"latency_ms":9.235,"http_status":200,"query_family":"read_certification_runtime_context_v1","phase":"rpc_transport","outcome":"NOT_APPLICABLE","error_class":null,"domain_error_code":null,"sqlstate":null,"canonical_readback":"NOT_OBSERVED","dropped_events":0}
{"schema_version":1,"timestamp":"2026-10-03T02:15:09.320Z","event":"RPC","request_id":"d3c8b2df-fccf-4100-bfa8-57bc1ba1d1de","correlation_id":"d3c8b2df-fccf-4100-bfa8-57bc1ba1d1de","route":"/api/director/canonical-odds","domain":"ROUND_CONTROL","feature":"ODDS","release":null,"release_source":"UNAVAILABLE","activation":null,"activation_source":"UNAVAILABLE","sha":"cccccccccccccccccccccccccccccccccccccccc","operation_id":"283f35b5-d91e-4061-96b0-ba7186923649","mutation_id":null,"job_id":null,"match_id":null,"round":null,"target_count":null,"authority_revision":null,"authority_fingerprint":null,"latency_ms":20.686,"http_status":200,"query_family":"dispatch_certification_odds_v1","phase":"rpc_transport","outcome":"COMMITTED","error_class":null,"domain_error_code":null,"sqlstate":null,"canonical_readback":"NOT_OBSERVED","dropped_events":0}
{"schema_version":1,"timestamp":"2026-10-03T02:15:09.349Z","event":"RPC","request_id":"d3c8b2df-fccf-4100-bfa8-57bc1ba1d1de","correlation_id":"d3c8b2df-fccf-4100-bfa8-57bc1ba1d1de","route":"/api/director/canonical-odds","domain":"ROUND_CONTROL","feature":"ODDS","release":null,"release_source":"UNAVAILABLE","activation":null,"activation_source":"UNAVAILABLE","sha":"cccccccccccccccccccccccccccccccccccccccc","operation_id":"283f35b5-d91e-4061-96b0-ba7186923649","job_id":"079f9c61cbb2c3c8703c449c06188ec78313de571d1b3e868db07d3f4bb2a099","mutation_id":null,"match_id":null,"round":null,"target_count":null,"authority_revision":null,"authority_fingerprint":null,"latency_ms":24.957,"http_status":200,"query_family":"dispatch_certification_odds_v1","phase":"rpc_transport","outcome":"COMMITTED","error_class":null,"domain_error_code":null,"sqlstate":null,"canonical_readback":"NOT_OBSERVED","dropped_events":0}
{"schema_version":1,"timestamp":"2026-10-03T02:15:09.349Z","event":"REQUEST","request_id":"d3c8b2df-fccf-4100-bfa8-57bc1ba1d1de","correlation_id":"d3c8b2df-fccf-4100-bfa8-57bc1ba1d1de","route":"/api/director/canonical-odds","domain":"ODDS","feature":"ODDS","release":null,"release_source":"UNAVAILABLE","activation":null,"activation_source":"UNAVAILABLE","sha":"cccccccccccccccccccccccccccccccccccccccc","operation_id":"283f35b5-d91e-4061-96b0-ba7186923649","job_id":"079f9c61cbb2c3c8703c449c06188ec78313de571d1b3e868db07d3f4bb2a099","mutation_id":null,"match_id":null,"round":null,"target_count":null,"authority_revision":null,"authority_fingerprint":null,"latency_ms":89.86,"http_status":202,"query_family":null,"phase":null,"outcome":"NOT_APPLICABLE","error_class":null,"domain_error_code":null,"sqlstate":null,"canonical_readback":"NOT_OBSERVED","dropped_events":0}
{"schema_version":1,"timestamp":"2026-10-03T02:15:09.360Z","event":"RPC","request_id":"d3c8b2df-fccf-4100-bfa8-57bc1ba1d1de","correlation_id":"d3c8b2df-fccf-4100-bfa8-57bc1ba1d1de","route":"/api/director/canonical-odds","domain":"TOURNAMENT_READ","feature":"ODDS","release":null,"release_source":"UNAVAILABLE","activation":null,"activation_source":"UNAVAILABLE","sha":"cccccccccccccccccccccccccccccccccccccccc","operation_id":"283f35b5-d91e-4061-96b0-ba7186923649","job_id":"079f9c61cbb2c3c8703c449c06188ec78313de571d1b3e868db07d3f4bb2a099","mutation_id":null,"match_id":null,"round":null,"target_count":null,"authority_revision":null,"authority_fingerprint":null,"latency_ms":10.585,"http_status":200,"query_family":"read_certification_runtime_context_v1","phase":"rpc_transport","outcome":"NOT_APPLICABLE","error_class":null,"domain_error_code":null,"sqlstate":null,"canonical_readback":"NOT_OBSERVED","dropped_events":0}
{"schema_version":1,"timestamp":"2026-10-03T02:15:09.383Z","event":"RPC","request_id":"d3c8b2df-fccf-4100-bfa8-57bc1ba1d1de","correlation_id":"d3c8b2df-fccf-4100-bfa8-57bc1ba1d1de","route":"/api/director/canonical-odds","domain":"TOURNAMENT_READ","feature":"ODDS","release":null,"release_source":"UNAVAILABLE","activation":null,"activation_source":"UNAVAILABLE","sha":"cccccccccccccccccccccccccccccccccccccccc","operation_id":"87be4965-b9c4-4a7b-911f-28b3d5100720","job_id":"079f9c61cbb2c3c8703c449c06188ec78313de571d1b3e868db07d3f4bb2a099","mutation_id":null,"match_id":null,"round":null,"target_count":null,"authority_revision":null,"authority_fingerprint":null,"latency_ms":22.108,"http_status":200,"query_family":"dispatch_certification_odds_v1","phase":"rpc_transport","outcome":"COMMITTED","error_class":null,"domain_error_code":null,"sqlstate":null,"canonical_readback":"NOT_OBSERVED","dropped_events":0}
{"schema_version":1,"timestamp":"2026-10-03T02:15:11.028Z","event":"RPC","request_id":"d3c8b2df-fccf-4100-bfa8-57bc1ba1d1de","correlation_id":"d3c8b2df-fccf-4100-bfa8-57bc1ba1d1de","route":"/api/director/canonical-odds","domain":"TOURNAMENT_READ","feature":"ODDS","release":null,"release_source":"UNAVAILABLE","activation":null,"activation_source":"UNAVAILABLE","sha":"cccccccccccccccccccccccccccccccccccccccc","operation_id":"c93ee2a6-f54f-42f4-bb8f-7fd53a36a3da","job_id":"079f9c61cbb2c3c8703c449c06188ec78313de571d1b3e868db07d3f4bb2a099","mutation_id":null,"match_id":null,"round":null,"target_count":null,"authority_revision":null,"authority_fingerprint":null,"latency_ms":21.174,"http_status":200,"query_family":"dispatch_certification_odds_v1","phase":"rpc_transport","outcome":"COMMITTED","error_class":null,"domain_error_code":null,"sqlstate":null,"canonical_readback":"NOT_OBSERVED","dropped_events":0}
{"schema_version":1,"timestamp":"2026-10-03T02:15:12.569Z","event":"RPC","request_id":"d3c8b2df-fccf-4100-bfa8-57bc1ba1d1de","correlation_id":"d3c8b2df-fccf-4100-bfa8-57bc1ba1d1de","route":"/api/director/canonical-odds","domain":"TOURNAMENT_READ","feature":"ODDS","release":null,"release_source":"UNAVAILABLE","activation":null,"activation_source":"UNAVAILABLE","sha":"cccccccccccccccccccccccccccccccccccccccc","operation_id":"6fc995b2-3829-4e17-9b7a-73432d4f3e39","job_id":"079f9c61cbb2c3c8703c449c06188ec78313de571d1b3e868db07d3f4bb2a099","mutation_id":null,"match_id":null,"round":null,"target_count":null,"authority_revision":null,"authority_fingerprint":null,"latency_ms":20.767,"http_status":200,"query_family":"dispatch_certification_odds_v1","phase":"rpc_transport","outcome":"COMMITTED","error_class":null,"domain_error_code":null,"sqlstate":null,"canonical_readback":"NOT_OBSERVED","dropped_events":0}
{"schema_version":1,"timestamp":"2026-10-03T02:15:14.116Z","event":"RPC","request_id":"d3c8b2df-fccf-4100-bfa8-57bc1ba1d1de","correlation_id":"d3c8b2df-fccf-4100-bfa8-57bc1ba1d1de","route":"/api/director/canonical-odds","domain":"TOURNAMENT_READ","feature":"ODDS","release":null,"release_source":"UNAVAILABLE","activation":null,"activation_source":"UNAVAILABLE","sha":"cccccccccccccccccccccccccccccccccccccccc","operation_id":"2b02a036-6b38-448b-acb1-eb6e83e35042","job_id":"079f9c61cbb2c3c8703c449c06188ec78313de571d1b3e868db07d3f4bb2a099","mutation_id":null,"match_id":null,"round":null,"target_count":null,"authority_revision":null,"authority_fingerprint":null,"latency_ms":22.545,"http_status":200,"query_family":"dispatch_certification_odds_v1","phase":"rpc_transport","outcome":"COMMITTED","error_class":null,"domain_error_code":null,"sqlstate":null,"canonical_readback":"NOT_OBSERVED","dropped_events":0}
{"schema_version":1,"timestamp":"2026-10-03T02:15:15.706Z","event":"RPC","request_id":"d3c8b2df-fccf-4100-bfa8-57bc1ba1d1de","correlation_id":"d3c8b2df-fccf-4100-bfa8-57bc1ba1d1de","route":"/api/director/canonical-odds","domain":"TOURNAMENT_READ","feature":"ODDS","release":null,"release_source":"UNAVAILABLE","activation":null,"activation_source":"UNAVAILABLE","sha":"cccccccccccccccccccccccccccccccccccccccc","operation_id":"d3f34eef-1515-4beb-9d1b-b3e4273b3e42","job_id":"079f9c61cbb2c3c8703c449c06188ec78313de571d1b3e868db07d3f4bb2a099","mutation_id":null,"match_id":null,"round":null,"target_count":null,"authority_revision":null,"authority_fingerprint":null,"latency_ms":21.492,"http_status":200,"query_family":"dispatch_certification_odds_v1","phase":"rpc_transport","outcome":"COMMITTED","error_class":null,"domain_error_code":null,"sqlstate":null,"canonical_readback":"NOT_OBSERVED","dropped_events":0}
{"schema_version":1,"timestamp":"2026-10-03T02:15:15.729Z","event":"RPC","request_id":"d3c8b2df-fccf-4100-bfa8-57bc1ba1d1de","correlation_id":"d3c8b2df-fccf-4100-bfa8-57bc1ba1d1de","route":"/api/director/canonical-odds","domain":"TOURNAMENT_READ","feature":"ODDS","release":null,"release_source":"UNAVAILABLE","activation":null,"activation_source":"UNAVAILABLE","sha":"cccccccccccccccccccccccccccccccccccccccc","operation_id":"66837e4f-4726-485d-be6b-59ab5e3deb32","job_id":"079f9c61cbb2c3c8703c449c06188ec78313de571d1b3e868db07d3f4bb2a099","mutation_id":null,"match_id":null,"round":null,"target_count":null,"authority_revision":null,"authority_fingerprint":null,"latency_ms":21.52,"http_status":200,"query_family":"dispatch_certification_odds_v1","phase":"rpc_transport","outcome":"COMMITTED","error_class":null,"domain_error_code":null,"sqlstate":null,"canonical_readback":"NOT_OBSERVED","dropped_events":0}
{"schema_version":1,"timestamp":"2026-10-03T02:15:15.744Z","event":"RPC","request_id":"d3eb0e05-850b-4a08-abc4-dc5db8e9dc93","correlation_id":"d3eb0e05-850b-4a08-abc4-dc5db8e9dc93","route":"/api/scoring/current","domain":"TOURNAMENT_READ","feature":"SCORING","release":null,"release_source":"UNAVAILABLE","activation":1,"activation_source":"AUTHORITY_READ","sha":"cccccccccccccccccccccccccccccccccccccccc","mutation_id":"4165fc76-7737-4725-a77f-895b4acfcc9a","match_id":"2026-R1-6","operation_id":"30106f8e-8eda-4d9f-adac-41802637cc58","job_id":null,"round":null,"target_count":null,"authority_revision":null,"authority_fingerprint":null,"latency_ms":13.741,"http_status":200,"query_family":"execute_certification_operation_v1","phase":"rpc_transport","outcome":"COMMITTED","error_class":null,"domain_error_code":null,"sqlstate":null,"canonical_readback":"NOT_OBSERVED","dropped_events":0}
{"schema_version":1,"timestamp":"2026-10-03T02:15:15.763Z","event":"RPC","request_id":"d3eb0e05-850b-4a08-abc4-dc5db8e9dc93","correlation_id":"d3eb0e05-850b-4a08-abc4-dc5db8e9dc93","route":"/api/scoring/current","domain":"TOURNAMENT_READ","feature":"SCORING","release":null,"release_source":"UNAVAILABLE","activation":1,"activation_source":"AUTHORITY_READ","sha":"cccccccccccccccccccccccccccccccccccccccc","mutation_id":"4165fc76-7737-4725-a77f-895b4acfcc9a","match_id":"2026-R1-6","operation_id":"30106f8e-8eda-4d9f-adac-41802637cc58","job_id":null,"round":null,"target_count":null,"authority_revision":null,"authority_fingerprint":null,"latency_ms":19.062,"http_status":200,"query_family":"read_certification_runtime_context_v1","phase":"rpc_transport","outcome":"NOT_APPLICABLE","error_class":null,"domain_error_code":null,"sqlstate":null,"canonical_readback":"NOT_OBSERVED","dropped_events":0}
{"schema_version":1,"timestamp":"2026-10-03T02:15:15.763Z","event":"RPC","request_id":"d3eb0e05-850b-4a08-abc4-dc5db8e9dc93","correlation_id":"d3eb0e05-850b-4a08-abc4-dc5db8e9dc93","route":"/api/scoring/current","domain":"TOURNAMENT_READ","feature":"SCORING","release":null,"release_source":"UNAVAILABLE","activation":1,"activation_source":"AUTHORITY_READ","sha":"cccccccccccccccccccccccccccccccccccccccc","mutation_id":"4165fc76-7737-4725-a77f-895b4acfcc9a","match_id":"2026-R1-6","operation_id":"30106f8e-8eda-4d9f-adac-41802637cc58","job_id":null,"round":null,"target_count":null,"authority_revision":null,"authority_fingerprint":null,"latency_ms":9.289,"http_status":200,"query_family":"read_certification_runtime_context_v1","phase":"rpc_transport","outcome":"NOT_APPLICABLE","error_class":null,"domain_error_code":null,"sqlstate":null,"canonical_readback":"NOT_OBSERVED","dropped_events":0}
{"schema_version":1,"timestamp":"2026-10-03T02:15:15.790Z","event":"RPC","request_id":"d3eb0e05-850b-4a08-abc4-dc5db8e9dc93","correlation_id":"d3eb0e05-850b-4a08-abc4-dc5db8e9dc93","route":"/api/scoring/current","domain":"TOURNAMENT_READ","feature":"SCORING","release":null,"release_source":"UNAVAILABLE","activation":1,"activation_source":"AUTHORITY_READ","sha":"cccccccccccccccccccccccccccccccccccccccc","mutation_id":"4165fc76-7737-4725-a77f-895b4acfcc9a","match_id":"2026-R1-6","operation_id":"30106f8e-8eda-4d9f-adac-41802637cc58","job_id":null,"round":null,"target_count":null,"authority_revision":null,"authority_fingerprint":null,"latency_ms":27.121,"http_status":200,"query_family":"read_certification_projection_v1","phase":"rpc_transport","outcome":"NOT_APPLICABLE","error_class":null,"domain_error_code":null,"sqlstate":null,"canonical_readback":"NOT_OBSERVED","dropped_events":0}
{"schema_version":1,"timestamp":"2026-10-03T02:15:15.790Z","event":"RPC","request_id":"d3eb0e05-850b-4a08-abc4-dc5db8e9dc93","correlation_id":"d3eb0e05-850b-4a08-abc4-dc5db8e9dc93","route":"/api/scoring/current","domain":"TOURNAMENT_READ","feature":"SCORING","release":null,"release_source":"UNAVAILABLE","activation":1,"activation_source":"AUTHORITY_READ","sha":"cccccccccccccccccccccccccccccccccccccccc","mutation_id":"4165fc76-7737-4725-a77f-895b4acfcc9a","match_id":"2026-R1-6","operation_id":"30106f8e-8eda-4d9f-adac-41802637cc58","job_id":null,"round":null,"target_count":null,"authority_revision":null,"authority_fingerprint":null,"latency_ms":11.449,"http_status":200,"query_family":"read_certification_projection_v1","phase":"rpc_transport","outcome":"NOT_APPLICABLE","error_class":null,"domain_error_code":null,"sqlstate":null,"canonical_readback":"NOT_OBSERVED","dropped_events":0}
{"schema_version":1,"timestamp":"2026-10-03T02:15:15.819Z","event":"RPC","request_id":"d3eb0e05-850b-4a08-abc4-dc5db8e9dc93","correlation_id":"d3eb0e05-850b-4a08-abc4-dc5db8e9dc93","route":"/api/scoring/current","domain":"TOURNAMENT_READ","feature":"SCORING","release":null,"release_source":"UNAVAILABLE","activation":1,"activation_source":"AUTHORITY_READ","sha":"cccccccccccccccccccccccccccccccccccccccc","mutation_id":"4165fc76-7737-4725-a77f-895b4acfcc9a","match_id":"2026-R1-6","operation_id":"93d41f5d-04de-4afc-9cc8-7cff0cf22b1f","round":0,"job_id":null,"target_count":null,"authority_revision":null,"authority_fingerprint":null,"latency_ms":25.701,"http_status":200,"query_family":"execute_certification_operation_v1","phase":"rpc_transport","outcome":"COMMITTED","error_class":null,"domain_error_code":null,"sqlstate":null,"canonical_readback":"NOT_OBSERVED","dropped_events":0}
{"schema_version":1,"timestamp":"2026-10-03T02:15:15.819Z","event":"RPC","request_id":"d3eb0e05-850b-4a08-abc4-dc5db8e9dc93","correlation_id":"d3eb0e05-850b-4a08-abc4-dc5db8e9dc93","route":"/api/scoring/current","domain":"TOURNAMENT_READ","feature":"SCORING","release":null,"release_source":"UNAVAILABLE","activation":1,"activation_source":"AUTHORITY_READ","sha":"cccccccccccccccccccccccccccccccccccccccc","mutation_id":"4165fc76-7737-4725-a77f-895b4acfcc9a","match_id":"2026-R1-6","operation_id":"73b00bdd-819e-48ef-94ff-e59c40cdf62f","round":0,"job_id":null,"target_count":null,"authority_revision":null,"authority_fingerprint":null,"latency_ms":12.999,"http_status":200,"query_family":"execute_certification_operation_v1","phase":"rpc_transport","outcome":"COMMITTED","error_class":null,"domain_error_code":null,"sqlstate":null,"canonical_readback":"NOT_OBSERVED","dropped_events":0}
Calcutta recalculation remains pending { matchId: '2026-R1-6', code: 'CERTIFICATION_INPUT_INVALID' }
