   ▲ Next.js 15.5.18

   Creating an optimized production build ...
<w> [webpack.cache.PackFileCacheStrategy] Skipped not serializable cache item 'Compilation/modules|javascript/auto|/private/tmp/bagger-phase2d-staging-admission/node_modules/next/dist/build/webpack/loaders/next-flight-css-loader.js??ruleSet[1].rules[14].oneOf[5].use[0]!/private/tmp/bagger-phase2d-staging-admission/node_modules/next/dist/build/webpack/loaders/css-loader/src/index.js??ruleSet[1].rules[14].oneOf[5].use[1]!/private/tmp/bagger-phase2d-staging-admission/node_modules/next/dist/build/webpack/loaders/postcss-loader/src/index.js??ruleSet[1].rules[14].oneOf[5].use[2]!/private/var/folders/1l/c2bdsd7114l3tgslqq4np9qc0000gn/T/bagger-r2-application-RNPkDf/app/historical.module.css|rsc': No serializer registered for Warning
<w> while serializing webpack/lib/cache/PackFileCacheStrategy.PackContentItems -> webpack/lib/NormalModule -> Array { 1 items } -> webpack/lib/ModuleWarning -> Warning
<w> [webpack.cache.PackFileCacheStrategy] Skipped not serializable cache item 'Compilation/modules|javascript/auto|/private/tmp/bagger-phase2d-staging-admission/node_modules/next/dist/build/webpack/loaders/next-flight-css-loader.js??ruleSet[1].rules[14].oneOf[5].use[0]!/private/tmp/bagger-phase2d-staging-admission/node_modules/next/dist/build/webpack/loaders/css-loader/src/index.js??ruleSet[1].rules[14].oneOf[5].use[1]!/private/tmp/bagger-phase2d-staging-admission/node_modules/next/dist/build/webpack/loaders/postcss-loader/src/index.js??ruleSet[1].rules[14].oneOf[5].use[2]!/private/var/folders/1l/c2bdsd7114l3tgslqq4np9qc0000gn/T/bagger-r2-application-RNPkDf/app/draft/draft.module.css|rsc': No serializer registered for Warning
<w> while serializing webpack/lib/cache/PackFileCacheStrategy.PackContentItems -> webpack/lib/NormalModule -> Array { 1 items } -> webpack/lib/ModuleWarning -> Warning
<w> [webpack.cache.PackFileCacheStrategy] Skipped not serializable cache item 'Compilation/modules|javascript/auto|/private/tmp/bagger-phase2d-staging-admission/node_modules/next/dist/build/webpack/loaders/next-flight-css-loader.js??ruleSet[1].rules[14].oneOf[5].use[0]!/private/tmp/bagger-phase2d-staging-admission/node_modules/next/dist/build/webpack/loaders/css-loader/src/index.js??ruleSet[1].rules[14].oneOf[5].use[1]!/private/tmp/bagger-phase2d-staging-admission/node_modules/next/dist/build/webpack/loaders/postcss-loader/src/index.js??ruleSet[1].rules[14].oneOf[5].use[2]!/private/var/folders/1l/c2bdsd7114l3tgslqq4np9qc0000gn/T/bagger-r2-application-RNPkDf/app/live/live.module.css|rsc': No serializer registered for Warning
<w> while serializing webpack/lib/cache/PackFileCacheStrategy.PackContentItems -> webpack/lib/NormalModule -> Array { 1 items } -> webpack/lib/ModuleWarning -> Warning
<w> [webpack.cache.PackFileCacheStrategy] Skipped not serializable cache item 'Compilation/modules|javascript/auto|/private/tmp/bagger-phase2d-staging-admission/node_modules/next/dist/build/webpack/loaders/next-flight-css-loader.js??ruleSet[1].rules[14].oneOf[5].use[0]!/private/tmp/bagger-phase2d-staging-admission/node_modules/next/dist/build/webpack/loaders/css-loader/src/index.js??ruleSet[1].rules[14].oneOf[5].use[1]!/private/tmp/bagger-phase2d-staging-admission/node_modules/next/dist/build/webpack/loaders/postcss-loader/src/index.js??ruleSet[1].rules[14].oneOf[5].use[2]!/private/var/folders/1l/c2bdsd7114l3tgslqq4np9qc0000gn/T/bagger-r2-application-RNPkDf/app/history/historical-match-row.module.css|rsc': No serializer registered for Warning
<w> while serializing webpack/lib/cache/PackFileCacheStrategy.PackContentItems -> webpack/lib/NormalModule -> Array { 1 items } -> webpack/lib/ModuleWarning -> Warning
<w> [webpack.cache.PackFileCacheStrategy] Skipped not serializable cache item 'Compilation/modules|javascript/auto|/private/tmp/bagger-phase2d-staging-admission/node_modules/next/dist/build/webpack/loaders/next-flight-css-loader.js??ruleSet[1].rules[14].oneOf[5].use[0]!/private/tmp/bagger-phase2d-staging-admission/node_modules/next/dist/build/webpack/loaders/css-loader/src/index.js??ruleSet[1].rules[14].oneOf[5].use[1]!/private/tmp/bagger-phase2d-staging-admission/node_modules/next/dist/build/webpack/loaders/postcss-loader/src/index.js??ruleSet[1].rules[14].oneOf[5].use[2]!/private/var/folders/1l/c2bdsd7114l3tgslqq4np9qc0000gn/T/bagger-r2-application-RNPkDf/app/draft/draft.module.css|ssr': No serializer registered for Warning
<w> while serializing webpack/lib/cache/PackFileCacheStrategy.PackContentItems -> webpack/lib/NormalModule -> Array { 1 items } -> webpack/lib/ModuleWarning -> Warning
<w> [webpack.cache.PackFileCacheStrategy] Skipped not serializable cache item 'Compilation/modules|javascript/auto|/private/tmp/bagger-phase2d-staging-admission/node_modules/next/dist/build/webpack/loaders/next-flight-css-loader.js??ruleSet[1].rules[14].oneOf[5].use[0]!/private/tmp/bagger-phase2d-staging-admission/node_modules/next/dist/build/webpack/loaders/css-loader/src/index.js??ruleSet[1].rules[14].oneOf[5].use[1]!/private/tmp/bagger-phase2d-staging-admission/node_modules/next/dist/build/webpack/loaders/postcss-loader/src/index.js??ruleSet[1].rules[14].oneOf[5].use[2]!/private/var/folders/1l/c2bdsd7114l3tgslqq4np9qc0000gn/T/bagger-r2-application-RNPkDf/app/historical.module.css|ssr': No serializer registered for Warning
<w> while serializing webpack/lib/cache/PackFileCacheStrategy.PackContentItems -> webpack/lib/NormalModule -> Array { 1 items } -> webpack/lib/ModuleWarning -> Warning
<w> [webpack.cache.PackFileCacheStrategy] Skipped not serializable cache item 'Compilation/modules|javascript/auto|/private/tmp/bagger-phase2d-staging-admission/node_modules/next/dist/build/webpack/loaders/next-flight-css-loader.js??ruleSet[1].rules[14].oneOf[5].use[0]!/private/tmp/bagger-phase2d-staging-admission/node_modules/next/dist/build/webpack/loaders/css-loader/src/index.js??ruleSet[1].rules[14].oneOf[5].use[1]!/private/tmp/bagger-phase2d-staging-admission/node_modules/next/dist/build/webpack/loaders/postcss-loader/src/index.js??ruleSet[1].rules[14].oneOf[5].use[2]!/private/var/folders/1l/c2bdsd7114l3tgslqq4np9qc0000gn/T/bagger-r2-application-RNPkDf/app/live/live.module.css|ssr': No serializer registered for Warning
<w> while serializing webpack/lib/cache/PackFileCacheStrategy.PackContentItems -> webpack/lib/NormalModule -> Array { 1 items } -> webpack/lib/ModuleWarning -> Warning
<w> [webpack.cache.PackFileCacheStrategy] Skipped not serializable cache item 'Compilation/modules|javascript/auto|/private/tmp/bagger-phase2d-staging-admission/node_modules/next/dist/build/webpack/loaders/next-flight-css-loader.js??ruleSet[1].rules[14].oneOf[5].use[0]!/private/tmp/bagger-phase2d-staging-admission/node_modules/next/dist/build/webpack/loaders/css-loader/src/index.js??ruleSet[1].rules[14].oneOf[5].use[1]!/private/tmp/bagger-phase2d-staging-admission/node_modules/next/dist/build/webpack/loaders/postcss-loader/src/index.js??ruleSet[1].rules[14].oneOf[5].use[2]!/private/var/folders/1l/c2bdsd7114l3tgslqq4np9qc0000gn/T/bagger-r2-application-RNPkDf/app/odds-center/odds.module.css|ssr': No serializer registered for Warning
<w> while serializing webpack/lib/cache/PackFileCacheStrategy.PackContentItems -> webpack/lib/NormalModule -> Array { 1 items } -> webpack/lib/ModuleWarning -> Warning
<w> [webpack.cache.PackFileCacheStrategy] Skipped not serializable cache item 'Compilation/modules|javascript/auto|/private/tmp/bagger-phase2d-staging-admission/node_modules/next/dist/build/webpack/loaders/next-flight-css-loader.js??ruleSet[1].rules[14].oneOf[5].use[0]!/private/tmp/bagger-phase2d-staging-admission/node_modules/next/dist/build/webpack/loaders/css-loader/src/index.js??ruleSet[1].rules[14].oneOf[5].use[1]!/private/tmp/bagger-phase2d-staging-admission/node_modules/next/dist/build/webpack/loaders/postcss-loader/src/index.js??ruleSet[1].rules[14].oneOf[5].use[2]!/private/var/folders/1l/c2bdsd7114l3tgslqq4np9qc0000gn/T/bagger-r2-application-RNPkDf/app/war-room/war-room.module.css|ssr': No serializer registered for Warning
<w> while serializing webpack/lib/cache/PackFileCacheStrategy.PackContentItems -> webpack/lib/NormalModule -> Array { 2 items } -> webpack/lib/ModuleWarning -> Warning
<w> [webpack.cache.PackFileCacheStrategy] Skipped not serializable cache item 'Compilation/modules|javascript/auto|/private/tmp/bagger-phase2d-staging-admission/node_modules/next/dist/build/webpack/loaders/next-flight-css-loader.js??ruleSet[1].rules[14].oneOf[5].use[0]!/private/tmp/bagger-phase2d-staging-admission/node_modules/next/dist/build/webpack/loaders/css-loader/src/index.js??ruleSet[1].rules[14].oneOf[5].use[1]!/private/tmp/bagger-phase2d-staging-admission/node_modules/next/dist/build/webpack/loaders/postcss-loader/src/index.js??ruleSet[1].rules[14].oneOf[5].use[2]!/private/var/folders/1l/c2bdsd7114l3tgslqq4np9qc0000gn/T/bagger-r2-application-RNPkDf/app/admin/admin-center.module.css|ssr': No serializer registered for Warning
<w> while serializing webpack/lib/cache/PackFileCacheStrategy.PackContentItems -> webpack/lib/NormalModule -> Array { 1 items } -> webpack/lib/ModuleWarning -> Warning
<w> [webpack.cache.PackFileCacheStrategy] Skipped not serializable cache item 'Compilation/modules|javascript/auto|/private/tmp/bagger-phase2d-staging-admission/node_modules/next/dist/build/webpack/loaders/next-flight-css-loader.js??ruleSet[1].rules[14].oneOf[5].use[0]!/private/tmp/bagger-phase2d-staging-admission/node_modules/next/dist/build/webpack/loaders/css-loader/src/index.js??ruleSet[1].rules[14].oneOf[5].use[1]!/private/tmp/bagger-phase2d-staging-admission/node_modules/next/dist/build/webpack/loaders/postcss-loader/src/index.js??ruleSet[1].rules[14].oneOf[5].use[2]!/private/var/folders/1l/c2bdsd7114l3tgslqq4np9qc0000gn/T/bagger-r2-application-RNPkDf/app/admin/director/ProductionFutureYearAdministrationPanel.module.css|ssr': No serializer registered for Warning
<w> while serializing webpack/lib/cache/PackFileCacheStrategy.PackContentItems -> webpack/lib/NormalModule -> Array { 1 items } -> webpack/lib/ModuleWarning -> Warning
<w> [webpack.cache.PackFileCacheStrategy] Skipped not serializable cache item 'Compilation/modules|javascript/auto|/private/tmp/bagger-phase2d-staging-admission/node_modules/next/dist/build/webpack/loaders/next-flight-css-loader.js??ruleSet[1].rules[14].oneOf[5].use[0]!/private/tmp/bagger-phase2d-staging-admission/node_modules/next/dist/build/webpack/loaders/css-loader/src/index.js??ruleSet[1].rules[14].oneOf[5].use[1]!/private/tmp/bagger-phase2d-staging-admission/node_modules/next/dist/build/webpack/loaders/postcss-loader/src/index.js??ruleSet[1].rules[14].oneOf[5].use[2]!/private/var/folders/1l/c2bdsd7114l3tgslqq4np9qc0000gn/T/bagger-r2-application-RNPkDf/app/admin/cms-manager.module.css|ssr': No serializer registered for Warning
<w> while serializing webpack/lib/cache/PackFileCacheStrategy.PackContentItems -> webpack/lib/NormalModule -> Array { 1 items } -> webpack/lib/ModuleWarning -> Warning
<w> [webpack.cache.PackFileCacheStrategy] Skipped not serializable cache item 'Compilation/modules|javascript/auto|/private/tmp/bagger-phase2d-staging-admission/node_modules/next/dist/build/webpack/loaders/next-flight-css-loader.js??ruleSet[1].rules[14].oneOf[5].use[0]!/private/tmp/bagger-phase2d-staging-admission/node_modules/next/dist/build/webpack/loaders/css-loader/src/index.js??ruleSet[1].rules[14].oneOf[5].use[1]!/private/tmp/bagger-phase2d-staging-admission/node_modules/next/dist/build/webpack/loaders/postcss-loader/src/index.js??ruleSet[1].rules[14].oneOf[5].use[2]!/private/var/folders/1l/c2bdsd7114l3tgslqq4np9qc0000gn/T/bagger-r2-application-RNPkDf/app/admin/player-passport-admin.module.css|ssr': No serializer registered for Warning
<w> while serializing webpack/lib/cache/PackFileCacheStrategy.PackContentItems -> webpack/lib/NormalModule -> Array { 1 items } -> webpack/lib/ModuleWarning -> Warning
<w> [webpack.cache.PackFileCacheStrategy] Skipped not serializable cache item 'Compilation/modules|javascript/auto|/private/tmp/bagger-phase2d-staging-admission/node_modules/next/dist/build/webpack/loaders/next-flight-css-loader.js??ruleSet[1].rules[14].oneOf[5].use[0]!/private/tmp/bagger-phase2d-staging-admission/node_modules/next/dist/build/webpack/loaders/css-loader/src/index.js??ruleSet[1].rules[14].oneOf[5].use[1]!/private/tmp/bagger-phase2d-staging-admission/node_modules/next/dist/build/webpack/loaders/postcss-loader/src/index.js??ruleSet[1].rules[14].oneOf[5].use[2]!/private/var/folders/1l/c2bdsd7114l3tgslqq4np9qc0000gn/T/bagger-r2-application-RNPkDf/app/admin/director/net-skins-entries.module.css|ssr': No serializer registered for Warning
<w> while serializing webpack/lib/cache/PackFileCacheStrategy.PackContentItems -> webpack/lib/NormalModule -> Array { 1 items } -> webpack/lib/ModuleWarning -> Warning
 ⚠ Compiled with warnings in 7.6s

./app/admin/admin-center.module.css
Warning

(1:1045) autoprefixer: end value has mixed support, consider using flex-end instead

Import trace for requested module:
./app/admin/admin-center.module.css
./app/admin/AdminCenter.js

./app/admin/cms-manager.module.css
Warning

(1:674) autoprefixer: end value has mixed support, consider using flex-end instead

Import trace for requested module:
./app/admin/cms-manager.module.css
./app/admin/CmsManager.js
./app/admin/AdminCenter.js

./app/admin/director/ProductionFutureYearAdministrationPanel.module.css
Warning

(1:3693) autoprefixer: end value has mixed support, consider using flex-end instead

Import trace for requested module:
./app/admin/director/ProductionFutureYearAdministrationPanel.module.css
./app/admin/director/ProductionFutureYearAdministrationPanel.js
./app/admin/director/ProductionDirectorConsole.js

./app/admin/director/net-skins-entries.module.css
Warning

(24:53) autoprefixer: end value has mixed support, consider using flex-end instead

Import trace for requested module:
./app/admin/director/net-skins-entries.module.css
./app/admin/director/ProductionNetSkinsEntries.js
./app/admin/director/CanonicalDirectorOperations.js
./app/admin/director/CanonicalDirectorConsole.js

./app/admin/player-passport-admin.module.css
Warning

(1:108) autoprefixer: end value has mixed support, consider using flex-end instead

Import trace for requested module:
./app/admin/player-passport-admin.module.css
./app/admin/PlayerPassportAdmin.js
./app/admin/AdminCenter.js

./app/draft/draft.module.css
Warning

(1:1661) autoprefixer: end value has mixed support, consider using flex-end instead

Import trace for requested module:
./app/draft/draft.module.css
./app/draft/DraftExperience.js
./app/draft/page.js

./app/draft/draft.module.css
Warning

(1:1661) autoprefixer: end value has mixed support, consider using flex-end instead

Import trace for requested module:
./app/draft/draft.module.css
./app/draft/DraftAnalysisSummary.js

./app/historical.module.css
Warning

(2285:3) autoprefixer: end value has mixed support, consider using flex-end instead

Import trace for requested module:
./app/historical.module.css
./app/board-of-governors/page.js

./app/historical.module.css
Warning

(2285:3) autoprefixer: end value has mixed support, consider using flex-end instead

Import trace for requested module:
./app/historical.module.css
./app/history/HistoryBackToTop.js

./app/history/historical-match-row.module.css
Warning

(1:1188) autoprefixer: end value has mixed support, consider using flex-end instead

Import trace for requested module:
./app/history/historical-match-row.module.css
./app/history/HistoricalMatchRow.js
./app/history/[year]/round/[round]/page.js

./app/live/live.module.css
Warning

(155:3) autoprefixer: end value has mixed support, consider using flex-end instead

Import trace for requested module:
./app/live/live.module.css
./app/PublicMatchCard.js
./app/history/[year]/round/[round]/page.js

./app/live/live.module.css
Warning

(155:3) autoprefixer: end value has mixed support, consider using flex-end instead

Import trace for requested module:
./app/live/live.module.css
./app/me/ParticipantProfile.js

./app/odds-center/odds.module.css
Warning

(1:1051) autoprefixer: end value has mixed support, consider using flex-end instead

Import trace for requested module:
./app/odds-center/odds.module.css
./app/odds-center/OddsCenter.js

./app/war-room/war-room.module.css
Warning

(5:240) autoprefixer: end value has mixed support, consider using flex-end instead

Import trace for requested module:
./app/war-room/war-room.module.css
./app/war-room/WarRoom.js

./app/war-room/war-room.module.css
Warning

(19:50) autoprefixer: end value has mixed support, consider using flex-end instead

Import trace for requested module:
./app/war-room/war-room.module.css
./app/war-room/WarRoom.js

<w> [webpack.cache.PackFileCacheStrategy] Skipped not serializable cache item 'Compilation/modules|/private/tmp/bagger-phase2d-staging-admission/node_modules/next/dist/build/webpack/loaders/css-loader/src/index.js??ruleSet[1].rules[14].oneOf[5].use[2]!/private/tmp/bagger-phase2d-staging-admission/node_modules/next/dist/build/webpack/loaders/postcss-loader/src/index.js??ruleSet[1].rules[14].oneOf[5].use[3]!/private/var/folders/1l/c2bdsd7114l3tgslqq4np9qc0000gn/T/bagger-r2-application-RNPkDf/app/historical.module.css': No serializer registered for Warning
<w> while serializing webpack/lib/cache/PackFileCacheStrategy.PackContentItems -> webpack/lib/NormalModule -> Array { 1 items } -> webpack/lib/ModuleWarning -> Warning
<w> [webpack.cache.PackFileCacheStrategy] Skipped not serializable cache item 'Compilation/modules|/private/tmp/bagger-phase2d-staging-admission/node_modules/next/dist/build/webpack/loaders/css-loader/src/index.js??ruleSet[1].rules[14].oneOf[5].use[2]!/private/tmp/bagger-phase2d-staging-admission/node_modules/next/dist/build/webpack/loaders/postcss-loader/src/index.js??ruleSet[1].rules[14].oneOf[5].use[3]!/private/var/folders/1l/c2bdsd7114l3tgslqq4np9qc0000gn/T/bagger-r2-application-RNPkDf/app/draft/draft.module.css': No serializer registered for Warning
<w> while serializing webpack/lib/cache/PackFileCacheStrategy.PackContentItems -> webpack/lib/NormalModule -> Array { 1 items } -> webpack/lib/ModuleWarning -> Warning
<w> [webpack.cache.PackFileCacheStrategy] Skipped not serializable cache item 'Compilation/modules|/private/tmp/bagger-phase2d-staging-admission/node_modules/next/dist/build/webpack/loaders/css-loader/src/index.js??ruleSet[1].rules[14].oneOf[5].use[2]!/private/tmp/bagger-phase2d-staging-admission/node_modules/next/dist/build/webpack/loaders/postcss-loader/src/index.js??ruleSet[1].rules[14].oneOf[5].use[3]!/private/var/folders/1l/c2bdsd7114l3tgslqq4np9qc0000gn/T/bagger-r2-application-RNPkDf/app/history/historical-match-row.module.css': No serializer registered for Warning
<w> while serializing webpack/lib/cache/PackFileCacheStrategy.PackContentItems -> webpack/lib/NormalModule -> Array { 1 items } -> webpack/lib/ModuleWarning -> Warning
<w> [webpack.cache.PackFileCacheStrategy] Skipped not serializable cache item 'Compilation/modules|/private/tmp/bagger-phase2d-staging-admission/node_modules/next/dist/build/webpack/loaders/css-loader/src/index.js??ruleSet[1].rules[14].oneOf[5].use[2]!/private/tmp/bagger-phase2d-staging-admission/node_modules/next/dist/build/webpack/loaders/postcss-loader/src/index.js??ruleSet[1].rules[14].oneOf[5].use[3]!/private/var/folders/1l/c2bdsd7114l3tgslqq4np9qc0000gn/T/bagger-r2-application-RNPkDf/app/live/live.module.css': No serializer registered for Warning
<w> while serializing webpack/lib/cache/PackFileCacheStrategy.PackContentItems -> webpack/lib/NormalModule -> Array { 1 items } -> webpack/lib/ModuleWarning -> Warning
<w> [webpack.cache.PackFileCacheStrategy] Skipped not serializable cache item 'Compilation/modules|/private/tmp/bagger-phase2d-staging-admission/node_modules/next/dist/build/webpack/loaders/css-loader/src/index.js??ruleSet[1].rules[14].oneOf[5].use[2]!/private/tmp/bagger-phase2d-staging-admission/node_modules/next/dist/build/webpack/loaders/postcss-loader/src/index.js??ruleSet[1].rules[14].oneOf[5].use[3]!/private/var/folders/1l/c2bdsd7114l3tgslqq4np9qc0000gn/T/bagger-r2-application-RNPkDf/app/odds-center/odds.module.css': No serializer registered for Warning
<w> while serializing webpack/lib/cache/PackFileCacheStrategy.PackContentItems -> webpack/lib/NormalModule -> Array { 1 items } -> webpack/lib/ModuleWarning -> Warning
<w> [webpack.cache.PackFileCacheStrategy] Skipped not serializable cache item 'Compilation/modules|/private/tmp/bagger-phase2d-staging-admission/node_modules/next/dist/build/webpack/loaders/css-loader/src/index.js??ruleSet[1].rules[14].oneOf[5].use[2]!/private/tmp/bagger-phase2d-staging-admission/node_modules/next/dist/build/webpack/loaders/postcss-loader/src/index.js??ruleSet[1].rules[14].oneOf[5].use[3]!/private/var/folders/1l/c2bdsd7114l3tgslqq4np9qc0000gn/T/bagger-r2-application-RNPkDf/app/war-room/war-room.module.css': No serializer registered for Warning
<w> while serializing webpack/lib/cache/PackFileCacheStrategy.PackContentItems -> webpack/lib/NormalModule -> Array { 2 items } -> webpack/lib/ModuleWarning -> Warning
<w> [webpack.cache.PackFileCacheStrategy] Skipped not serializable cache item 'Compilation/modules|/private/tmp/bagger-phase2d-staging-admission/node_modules/next/dist/build/webpack/loaders/css-loader/src/index.js??ruleSet[1].rules[14].oneOf[5].use[2]!/private/tmp/bagger-phase2d-staging-admission/node_modules/next/dist/build/webpack/loaders/postcss-loader/src/index.js??ruleSet[1].rules[14].oneOf[5].use[3]!/private/var/folders/1l/c2bdsd7114l3tgslqq4np9qc0000gn/T/bagger-r2-application-RNPkDf/app/admin/admin-center.module.css': No serializer registered for Warning
<w> while serializing webpack/lib/cache/PackFileCacheStrategy.PackContentItems -> webpack/lib/NormalModule -> Array { 1 items } -> webpack/lib/ModuleWarning -> Warning
<w> [webpack.cache.PackFileCacheStrategy] Skipped not serializable cache item 'Compilation/modules|/private/tmp/bagger-phase2d-staging-admission/node_modules/next/dist/build/webpack/loaders/css-loader/src/index.js??ruleSet[1].rules[14].oneOf[5].use[2]!/private/tmp/bagger-phase2d-staging-admission/node_modules/next/dist/build/webpack/loaders/postcss-loader/src/index.js??ruleSet[1].rules[14].oneOf[5].use[3]!/private/var/folders/1l/c2bdsd7114l3tgslqq4np9qc0000gn/T/bagger-r2-application-RNPkDf/app/admin/player-passport-admin.module.css': No serializer registered for Warning
<w> while serializing webpack/lib/cache/PackFileCacheStrategy.PackContentItems -> webpack/lib/NormalModule -> Array { 1 items } -> webpack/lib/ModuleWarning -> Warning
<w> [webpack.cache.PackFileCacheStrategy] Skipped not serializable cache item 'Compilation/modules|/private/tmp/bagger-phase2d-staging-admission/node_modules/next/dist/build/webpack/loaders/css-loader/src/index.js??ruleSet[1].rules[14].oneOf[5].use[2]!/private/tmp/bagger-phase2d-staging-admission/node_modules/next/dist/build/webpack/loaders/postcss-loader/src/index.js??ruleSet[1].rules[14].oneOf[5].use[3]!/private/var/folders/1l/c2bdsd7114l3tgslqq4np9qc0000gn/T/bagger-r2-application-RNPkDf/app/admin/cms-manager.module.css': No serializer registered for Warning
<w> while serializing webpack/lib/cache/PackFileCacheStrategy.PackContentItems -> webpack/lib/NormalModule -> Array { 1 items } -> webpack/lib/ModuleWarning -> Warning
<w> [webpack.cache.PackFileCacheStrategy] Skipped not serializable cache item 'Compilation/modules|/private/tmp/bagger-phase2d-staging-admission/node_modules/next/dist/build/webpack/loaders/css-loader/src/index.js??ruleSet[1].rules[14].oneOf[5].use[2]!/private/tmp/bagger-phase2d-staging-admission/node_modules/next/dist/build/webpack/loaders/postcss-loader/src/index.js??ruleSet[1].rules[14].oneOf[5].use[3]!/private/var/folders/1l/c2bdsd7114l3tgslqq4np9qc0000gn/T/bagger-r2-application-RNPkDf/app/admin/director/ProductionFutureYearAdministrationPanel.module.css': No serializer registered for Warning
<w> while serializing webpack/lib/cache/PackFileCacheStrategy.PackContentItems -> webpack/lib/NormalModule -> Array { 1 items } -> webpack/lib/ModuleWarning -> Warning
<w> [webpack.cache.PackFileCacheStrategy] Skipped not serializable cache item 'Compilation/modules|/private/tmp/bagger-phase2d-staging-admission/node_modules/next/dist/build/webpack/loaders/css-loader/src/index.js??ruleSet[1].rules[14].oneOf[5].use[2]!/private/tmp/bagger-phase2d-staging-admission/node_modules/next/dist/build/webpack/loaders/postcss-loader/src/index.js??ruleSet[1].rules[14].oneOf[5].use[3]!/private/var/folders/1l/c2bdsd7114l3tgslqq4np9qc0000gn/T/bagger-r2-application-RNPkDf/app/admin/director/net-skins-entries.module.css': No serializer registered for Warning
<w> while serializing webpack/lib/cache/PackFileCacheStrategy.PackContentItems -> webpack/lib/NormalModule -> Array { 1 items } -> webpack/lib/ModuleWarning -> Warning
 ⚠ Compiled with warnings in 2.8s

./app/admin/admin-center.module.css.webpack[javascript/auto]!=!../../../../../../tmp/bagger-phase2d-staging-admission/node_modules/next/dist/build/webpack/loaders/css-loader/src/index.js??ruleSet[1].rules[14].oneOf[5].use[2]!../../../../../../tmp/bagger-phase2d-staging-admission/node_modules/next/dist/build/webpack/loaders/postcss-loader/src/index.js??ruleSet[1].rules[14].oneOf[5].use[3]!./app/admin/admin-center.module.css
Warning

(1:1045) autoprefixer: end value has mixed support, consider using flex-end instead

Import trace for requested module:
./app/admin/admin-center.module.css.webpack[javascript/auto]!=!../../../../../../tmp/bagger-phase2d-staging-admission/node_modules/next/dist/build/webpack/loaders/css-loader/src/index.js??ruleSet[1].rules[14].oneOf[5].use[2]!../../../../../../tmp/bagger-phase2d-staging-admission/node_modules/next/dist/build/webpack/loaders/postcss-loader/src/index.js??ruleSet[1].rules[14].oneOf[5].use[3]!./app/admin/admin-center.module.css
./app/admin/admin-center.module.css
./app/admin/AdminCenter.js

./app/admin/cms-manager.module.css.webpack[javascript/auto]!=!../../../../../../tmp/bagger-phase2d-staging-admission/node_modules/next/dist/build/webpack/loaders/css-loader/src/index.js??ruleSet[1].rules[14].oneOf[5].use[2]!../../../../../../tmp/bagger-phase2d-staging-admission/node_modules/next/dist/build/webpack/loaders/postcss-loader/src/index.js??ruleSet[1].rules[14].oneOf[5].use[3]!./app/admin/cms-manager.module.css
Warning

(1:674) autoprefixer: end value has mixed support, consider using flex-end instead

Import trace for requested module:
./app/admin/cms-manager.module.css.webpack[javascript/auto]!=!../../../../../../tmp/bagger-phase2d-staging-admission/node_modules/next/dist/build/webpack/loaders/css-loader/src/index.js??ruleSet[1].rules[14].oneOf[5].use[2]!../../../../../../tmp/bagger-phase2d-staging-admission/node_modules/next/dist/build/webpack/loaders/postcss-loader/src/index.js??ruleSet[1].rules[14].oneOf[5].use[3]!./app/admin/cms-manager.module.css
./app/admin/cms-manager.module.css
./app/admin/CmsManager.js
./app/admin/AdminCenter.js

./app/admin/director/ProductionFutureYearAdministrationPanel.module.css.webpack[javascript/auto]!=!../../../../../../tmp/bagger-phase2d-staging-admission/node_modules/next/dist/build/webpack/loaders/css-loader/src/index.js??ruleSet[1].rules[14].oneOf[5].use[2]!../../../../../../tmp/bagger-phase2d-staging-admission/node_modules/next/dist/build/webpack/loaders/postcss-loader/src/index.js??ruleSet[1].rules[14].oneOf[5].use[3]!./app/admin/director/ProductionFutureYearAdministrationPanel.module.css
Warning

(1:3693) autoprefixer: end value has mixed support, consider using flex-end instead

Import trace for requested module:
./app/admin/director/ProductionFutureYearAdministrationPanel.module.css.webpack[javascript/auto]!=!../../../../../../tmp/bagger-phase2d-staging-admission/node_modules/next/dist/build/webpack/loaders/css-loader/src/index.js??ruleSet[1].rules[14].oneOf[5].use[2]!../../../../../../tmp/bagger-phase2d-staging-admission/node_modules/next/dist/build/webpack/loaders/postcss-loader/src/index.js??ruleSet[1].rules[14].oneOf[5].use[3]!./app/admin/director/ProductionFutureYearAdministrationPanel.module.css
./app/admin/director/ProductionFutureYearAdministrationPanel.module.css
./app/admin/director/ProductionFutureYearAdministrationPanel.js
./app/admin/director/ProductionDirectorConsole.js

./app/admin/director/net-skins-entries.module.css.webpack[javascript/auto]!=!../../../../../../tmp/bagger-phase2d-staging-admission/node_modules/next/dist/build/webpack/loaders/css-loader/src/index.js??ruleSet[1].rules[14].oneOf[5].use[2]!../../../../../../tmp/bagger-phase2d-staging-admission/node_modules/next/dist/build/webpack/loaders/postcss-loader/src/index.js??ruleSet[1].rules[14].oneOf[5].use[3]!./app/admin/director/net-skins-entries.module.css
Warning

(24:53) autoprefixer: end value has mixed support, consider using flex-end instead

Import trace for requested module:
./app/admin/director/net-skins-entries.module.css.webpack[javascript/auto]!=!../../../../../../tmp/bagger-phase2d-staging-admission/node_modules/next/dist/build/webpack/loaders/css-loader/src/index.js??ruleSet[1].rules[14].oneOf[5].use[2]!../../../../../../tmp/bagger-phase2d-staging-admission/node_modules/next/dist/build/webpack/loaders/postcss-loader/src/index.js??ruleSet[1].rules[14].oneOf[5].use[3]!./app/admin/director/net-skins-entries.module.css
./app/admin/director/net-skins-entries.module.css
./app/admin/director/ProductionNetSkinsEntries.js
./app/admin/director/CanonicalDirectorOperations.js
./app/admin/director/CanonicalDirectorConsole.js

./app/admin/player-passport-admin.module.css.webpack[javascript/auto]!=!../../../../../../tmp/bagger-phase2d-staging-admission/node_modules/next/dist/build/webpack/loaders/css-loader/src/index.js??ruleSet[1].rules[14].oneOf[5].use[2]!../../../../../../tmp/bagger-phase2d-staging-admission/node_modules/next/dist/build/webpack/loaders/postcss-loader/src/index.js??ruleSet[1].rules[14].oneOf[5].use[3]!./app/admin/player-passport-admin.module.css
Warning

(1:108) autoprefixer: end value has mixed support, consider using flex-end instead

Import trace for requested module:
./app/admin/player-passport-admin.module.css.webpack[javascript/auto]!=!../../../../../../tmp/bagger-phase2d-staging-admission/node_modules/next/dist/build/webpack/loaders/css-loader/src/index.js??ruleSet[1].rules[14].oneOf[5].use[2]!../../../../../../tmp/bagger-phase2d-staging-admission/node_modules/next/dist/build/webpack/loaders/postcss-loader/src/index.js??ruleSet[1].rules[14].oneOf[5].use[3]!./app/admin/player-passport-admin.module.css
./app/admin/player-passport-admin.module.css
./app/admin/PlayerPassportAdmin.js
./app/admin/AdminCenter.js

./app/draft/draft.module.css.webpack[javascript/auto]!=!../../../../../../tmp/bagger-phase2d-staging-admission/node_modules/next/dist/build/webpack/loaders/css-loader/src/index.js??ruleSet[1].rules[14].oneOf[5].use[2]!../../../../../../tmp/bagger-phase2d-staging-admission/node_modules/next/dist/build/webpack/loaders/postcss-loader/src/index.js??ruleSet[1].rules[14].oneOf[5].use[3]!./app/draft/draft.module.css
Warning

(1:1661) autoprefixer: end value has mixed support, consider using flex-end instead

Import trace for requested module:
./app/draft/draft.module.css.webpack[javascript/auto]!=!../../../../../../tmp/bagger-phase2d-staging-admission/node_modules/next/dist/build/webpack/loaders/css-loader/src/index.js??ruleSet[1].rules[14].oneOf[5].use[2]!../../../../../../tmp/bagger-phase2d-staging-admission/node_modules/next/dist/build/webpack/loaders/postcss-loader/src/index.js??ruleSet[1].rules[14].oneOf[5].use[3]!./app/draft/draft.module.css
./app/draft/draft.module.css

./app/historical.module.css.webpack[javascript/auto]!=!../../../../../../tmp/bagger-phase2d-staging-admission/node_modules/next/dist/build/webpack/loaders/css-loader/src/index.js??ruleSet[1].rules[14].oneOf[5].use[2]!../../../../../../tmp/bagger-phase2d-staging-admission/node_modules/next/dist/build/webpack/loaders/postcss-loader/src/index.js??ruleSet[1].rules[14].oneOf[5].use[3]!./app/historical.module.css
Warning

(2285:3) autoprefixer: end value has mixed support, consider using flex-end instead

Import trace for requested module:
./app/historical.module.css.webpack[javascript/auto]!=!../../../../../../tmp/bagger-phase2d-staging-admission/node_modules/next/dist/build/webpack/loaders/css-loader/src/index.js??ruleSet[1].rules[14].oneOf[5].use[2]!../../../../../../tmp/bagger-phase2d-staging-admission/node_modules/next/dist/build/webpack/loaders/postcss-loader/src/index.js??ruleSet[1].rules[14].oneOf[5].use[3]!./app/historical.module.css
./app/historical.module.css

./app/history/historical-match-row.module.css.webpack[javascript/auto]!=!../../../../../../tmp/bagger-phase2d-staging-admission/node_modules/next/dist/build/webpack/loaders/css-loader/src/index.js??ruleSet[1].rules[14].oneOf[5].use[2]!../../../../../../tmp/bagger-phase2d-staging-admission/node_modules/next/dist/build/webpack/loaders/postcss-loader/src/index.js??ruleSet[1].rules[14].oneOf[5].use[3]!./app/history/historical-match-row.module.css
Warning

(1:1188) autoprefixer: end value has mixed support, consider using flex-end instead

Import trace for requested module:
./app/history/historical-match-row.module.css.webpack[javascript/auto]!=!../../../../../../tmp/bagger-phase2d-staging-admission/node_modules/next/dist/build/webpack/loaders/css-loader/src/index.js??ruleSet[1].rules[14].oneOf[5].use[2]!../../../../../../tmp/bagger-phase2d-staging-admission/node_modules/next/dist/build/webpack/loaders/postcss-loader/src/index.js??ruleSet[1].rules[14].oneOf[5].use[3]!./app/history/historical-match-row.module.css
./app/history/historical-match-row.module.css

./app/live/live.module.css.webpack[javascript/auto]!=!../../../../../../tmp/bagger-phase2d-staging-admission/node_modules/next/dist/build/webpack/loaders/css-loader/src/index.js??ruleSet[1].rules[14].oneOf[5].use[2]!../../../../../../tmp/bagger-phase2d-staging-admission/node_modules/next/dist/build/webpack/loaders/postcss-loader/src/index.js??ruleSet[1].rules[14].oneOf[5].use[3]!./app/live/live.module.css
Warning

(155:3) autoprefixer: end value has mixed support, consider using flex-end instead

Import trace for requested module:
./app/live/live.module.css.webpack[javascript/auto]!=!../../../../../../tmp/bagger-phase2d-staging-admission/node_modules/next/dist/build/webpack/loaders/css-loader/src/index.js??ruleSet[1].rules[14].oneOf[5].use[2]!../../../../../../tmp/bagger-phase2d-staging-admission/node_modules/next/dist/build/webpack/loaders/postcss-loader/src/index.js??ruleSet[1].rules[14].oneOf[5].use[3]!./app/live/live.module.css
./app/live/live.module.css

./app/odds-center/odds.module.css.webpack[javascript/auto]!=!../../../../../../tmp/bagger-phase2d-staging-admission/node_modules/next/dist/build/webpack/loaders/css-loader/src/index.js??ruleSet[1].rules[14].oneOf[5].use[2]!../../../../../../tmp/bagger-phase2d-staging-admission/node_modules/next/dist/build/webpack/loaders/postcss-loader/src/index.js??ruleSet[1].rules[14].oneOf[5].use[3]!./app/odds-center/odds.module.css
Warning

(1:1051) autoprefixer: end value has mixed support, consider using flex-end instead

Import trace for requested module:
./app/odds-center/odds.module.css.webpack[javascript/auto]!=!../../../../../../tmp/bagger-phase2d-staging-admission/node_modules/next/dist/build/webpack/loaders/css-loader/src/index.js??ruleSet[1].rules[14].oneOf[5].use[2]!../../../../../../tmp/bagger-phase2d-staging-admission/node_modules/next/dist/build/webpack/loaders/postcss-loader/src/index.js??ruleSet[1].rules[14].oneOf[5].use[3]!./app/odds-center/odds.module.css
./app/odds-center/odds.module.css
./app/odds-center/OddsCenter.js

./app/war-room/war-room.module.css.webpack[javascript/auto]!=!../../../../../../tmp/bagger-phase2d-staging-admission/node_modules/next/dist/build/webpack/loaders/css-loader/src/index.js??ruleSet[1].rules[14].oneOf[5].use[2]!../../../../../../tmp/bagger-phase2d-staging-admission/node_modules/next/dist/build/webpack/loaders/postcss-loader/src/index.js??ruleSet[1].rules[14].oneOf[5].use[3]!./app/war-room/war-room.module.css
Warning

(5:240) autoprefixer: end value has mixed support, consider using flex-end instead

Import trace for requested module:
./app/war-room/war-room.module.css.webpack[javascript/auto]!=!../../../../../../tmp/bagger-phase2d-staging-admission/node_modules/next/dist/build/webpack/loaders/css-loader/src/index.js??ruleSet[1].rules[14].oneOf[5].use[2]!../../../../../../tmp/bagger-phase2d-staging-admission/node_modules/next/dist/build/webpack/loaders/postcss-loader/src/index.js??ruleSet[1].rules[14].oneOf[5].use[3]!./app/war-room/war-room.module.css
./app/war-room/war-room.module.css
./app/war-room/lineup-optimizer/LineupOptimizer.js

./app/war-room/war-room.module.css.webpack[javascript/auto]!=!../../../../../../tmp/bagger-phase2d-staging-admission/node_modules/next/dist/build/webpack/loaders/css-loader/src/index.js??ruleSet[1].rules[14].oneOf[5].use[2]!../../../../../../tmp/bagger-phase2d-staging-admission/node_modules/next/dist/build/webpack/loaders/postcss-loader/src/index.js??ruleSet[1].rules[14].oneOf[5].use[3]!./app/war-room/war-room.module.css
Warning

(19:50) autoprefixer: end value has mixed support, consider using flex-end instead

Import trace for requested module:
./app/war-room/war-room.module.css.webpack[javascript/auto]!=!../../../../../../tmp/bagger-phase2d-staging-admission/node_modules/next/dist/build/webpack/loaders/css-loader/src/index.js??ruleSet[1].rules[14].oneOf[5].use[2]!../../../../../../tmp/bagger-phase2d-staging-admission/node_modules/next/dist/build/webpack/loaders/postcss-loader/src/index.js??ruleSet[1].rules[14].oneOf[5].use[3]!./app/war-room/war-room.module.css
./app/war-room/war-room.module.css
./app/war-room/lineup-optimizer/LineupOptimizer.js

 ✓ Compiled successfully in 10.5s
   Linting and checking validity of types ...
   Collecting page data ...
   Generating static pages (0/19) ...
   Generating static pages (4/19) 
   Generating static pages (9/19) 
   Generating static pages (14/19) 
 ✓ Generating static pages (19/19)
   Finalizing page optimization ...
   Collecting build traces ...

Route (app)                                                           Size  First Load JS
┌ ƒ /                                                              4.42 kB         115 kB
├ ○ /_not-found                                                    1.01 kB         104 kB
├ ○ /activate                                                      1.93 kB         108 kB
├ ƒ /admin                                                         24.6 kB         141 kB
├ ○ /admin/data-health                                               472 B         103 kB
├ ƒ /admin/director                                                 127 kB         278 kB
├ ƒ /admin/director/completed-history                              2.06 kB         113 kB
├ ƒ /admin/director/game-center-readiness                            415 B         151 kB
├ ƒ /admin/live-matches                                              472 B         103 kB
├ ○ /admin/publish-odds                                              472 B         103 kB
├ ƒ /admin/source-audit                                            1.01 kB         104 kB
├ ƒ /admin/step11-6-production-google-writer-fence                 6.51 kB         114 kB
├ ƒ /admin/step12-production-google-writer-provider-fence          5.24 kB         112 kB
├ ƒ /admin/tournament-guide                                          472 B         103 kB
├ ƒ /api/admin/cms                                                   472 B         103 kB
├ ƒ /api/admin/data-authority-certification                          472 B         103 kB
├ ƒ /api/admin/draft-projection                                      472 B         103 kB
├ ƒ /api/admin/production-calcutta-v1                                472 B         103 kB
├ ƒ /api/admin/production-director-synchronization                   472 B         103 kB
├ ƒ /api/admin/production-maintenance-precommit-deployment-rebind    472 B         103 kB
├ ƒ /api/admin/production-net-skins-v1                               472 B         103 kB
├ ƒ /api/admin/production-odds-calculations                          472 B         103 kB
├ ƒ /api/admin/scorecard-calibration                                 472 B         103 kB
├ ƒ /api/admin/session                                               472 B         103 kB
├ ƒ /api/admin/step11-6-production-google-writer-fence               472 B         103 kB
├ ƒ /api/admin/step11-production-google-certificate                  472 B         103 kB
├ ƒ /api/admin/step11-production-google-metadata                     472 B         103 kB
├ ƒ /api/admin/step11-scoring-rehearsal                              472 B         103 kB
├ ƒ /api/admin/tournament                                            472 B         103 kB
├ ƒ /api/admin/war-room-calculation-parity                           472 B         103 kB
├ ƒ /api/admin/war-room-input-parity                                 472 B         103 kB
├ ƒ /api/auth/hooks/send-sms                                         472 B         103 kB
├ ƒ /api/captains-briefing                                           472 B         103 kB
├ ƒ /api/cron/account-deletion                                       472 B         103 kB
├ ƒ /api/cron/future-match-google-compatibility                      472 B         103 kB
├ ƒ /api/cron/guide-sync                                             472 B         103 kB
├ ƒ /api/cron/guide-sync/diagnostics                                 472 B         103 kB
├ ƒ /api/cron/round-scorecards-archive                               472 B         103 kB
├ ƒ /api/cron/scoring-google-outbox                                  472 B         103 kB
├ ƒ /api/director                                                    472 B         103 kB
├ ƒ /api/director/access                                             472 B         103 kB
├ ƒ /api/director/canonical-odds                                     472 B         103 kB
├ ƒ /api/director/canonical-operations                               472 B         103 kB
├ ƒ /api/director/canonical-overview                                 472 B         103 kB
├ ƒ /api/director/completed-history                                  472 B         103 kB
├ ƒ /api/director/draft                                              472 B         103 kB
├ ƒ /api/director/entitlement                                        472 B         103 kB
├ ƒ /api/director/future-tournaments                                 472 B         103 kB
├ ƒ /api/director/future-tournaments/google-writer                   472 B         103 kB
├ ƒ /api/director/guide                                              472 B         103 kB
├ ƒ /api/director/guide-content                                      472 B         103 kB
├ ƒ /api/director/handicaps                                          472 B         103 kB
├ ƒ /api/director/identity-shadow-diagnostics                        472 B         103 kB
├ ƒ /api/director/impersonation                                      472 B         103 kB
├ ƒ /api/director/net-skins-entries                                  472 B         103 kB
├ ƒ /api/director/notifications/sandbox                              472 B         103 kB
├ ƒ /api/director/odds-publication                                   472 B         103 kB
├ ƒ /api/director/participant-identity                               472 B         103 kB
├ ƒ /api/director/players-access                                     472 B         103 kB
├ ƒ /api/director/prediction-settings                                472 B         103 kB
├ ƒ /api/director/production-overview                                472 B         103 kB
├ ƒ /api/director/reset-preview                                      472 B         103 kB
├ ƒ /api/director/round-scoring                                      472 B         103 kB
├ ƒ /api/director/scoring-authority                                  472 B         103 kB
├ ƒ /api/director/scoring-shadow                                     472 B         103 kB
├ ƒ /api/director/scoring-shadow/benchmark                           472 B         103 kB
├ ƒ /api/director/scoring-shadow/phase2-dry-run                      472 B         103 kB
├ ƒ /api/director/tournament-awards                                  472 B         103 kB
├ ƒ /api/director/tournament-setup                                   472 B         103 kB
├ ƒ /api/draft-analysis                                              472 B         103 kB
├ ƒ /api/draft-analytics                                             472 B         103 kB
├ ƒ /api/entry                                                       472 B         103 kB
├ ƒ /api/game-center/[matchId]                                       472 B         103 kB
├ ƒ /api/leaderboards/calcutta                                       472 B         103 kB
├ ƒ /api/leaderboards/core                                           472 B         103 kB
├ ƒ /api/leaderboards/insights                                       472 B         103 kB
├ ƒ /api/leaderboards/net-skins                                      472 B         103 kB
├ ƒ /api/live                                                        472 B         103 kB
├ ƒ /api/live-matches                                                472 B         103 kB
├ ƒ /api/mobile/v1/account/deletion                                  472 B         103 kB
├ ƒ /api/mobile/v1/auth/captcha                                      472 B         103 kB
├ ƒ /api/mobile/v1/auth/certification/renew                          472 B         103 kB
├ ƒ /api/mobile/v1/auth/otp/certify                                  472 B         103 kB
├ ƒ /api/mobile/v1/auth/otp/phone                                    472 B         103 kB
├ ƒ /api/mobile/v1/auth/otp/request                                  472 B         103 kB
├ ƒ /api/mobile/v1/calcutta                                          472 B         103 kB
├ ƒ /api/mobile/v1/guide                                             472 B         103 kB
├ ƒ /api/mobile/v1/health                                            472 B         103 kB
├ ƒ /api/mobile/v1/history                                           472 B         103 kB
├ ƒ /api/mobile/v1/history/[year]                                    472 B         103 kB
├ ƒ /api/mobile/v1/leaders                                           472 B         103 kB
├ ƒ /api/mobile/v1/matches                                           472 B         103 kB
├ ƒ /api/mobile/v1/matches/[matchId]                                 472 B         103 kB
├ ƒ /api/mobile/v1/net-skins                                         472 B         103 kB
├ ƒ /api/mobile/v1/odds                                              472 B         103 kB
├ ƒ /api/mobile/v1/passport                                          472 B         103 kB
├ ƒ /api/mobile/v1/portrait-policy                                   472 B         103 kB
├ ƒ /api/mobile/v1/records                                           472 B         103 kB
├ ƒ /api/mobile/v1/schedule                                          472 B         103 kB
├ ƒ /api/mobile/v1/scoring/current                                   472 B         103 kB
├ ƒ /api/mobile/v1/scoring/finalize                                  472 B         103 kB
├ ƒ /api/mobile/v1/scoring/hole                                      472 B         103 kB
├ ƒ /api/mobile/v1/scoring/mutation-status                           472 B         103 kB
├ ƒ /api/mobile/v1/session                                           472 B         103 kB
├ ƒ /api/mobile/v1/today                                             472 B         103 kB
├ ƒ /api/my-match                                                    472 B         103 kB
├ ƒ /api/odds/calculations                                           472 B         103 kB
├ ƒ /api/odds/inputs                                                 472 B         103 kB
├ ƒ /api/odds/prediction-settings                                    472 B         103 kB
├ ƒ /api/odds/publication-operations                                 472 B         103 kB
├ ƒ /api/odds/publish                                                472 B         103 kB
├ ƒ /api/odds/publish-preview                                        472 B         103 kB
├ ƒ /api/participant/auth/diagnostics                                472 B         103 kB
├ ƒ /api/participant/auth/otp/request                                472 B         103 kB
├ ƒ /api/participant/auth/otp/verify                                 472 B         103 kB
├ ƒ /api/participant/auth/phone                                      472 B         103 kB
├ ƒ /api/participant/auth/phone-enrollment                           472 B         103 kB
├ ƒ /api/participant/auth/phone-login-proof                          472 B         103 kB
├ ƒ /api/participant/auth/session                                    472 B         103 kB
├ ƒ /api/participant/context                                         472 B         103 kB
├ ƒ /api/participant/home                                            472 B         103 kB
├ ƒ /api/participant/tournament-guide                                472 B         103 kB
├ ƒ /api/player-passport/activation                                  472 B         103 kB
├ ƒ /api/player-passport/admin                                       472 B         103 kB
├ ƒ /api/player-passport/initialize                                  472 B         103 kB
├ ƒ /api/player-passport/matches                                     472 B         103 kB
├ ƒ /api/player-passport/notifications                               472 B         103 kB
├ ƒ /api/player-passport/readiness                                   472 B         103 kB
├ ƒ /api/player-passport/session                                     472 B         103 kB
├ ƒ /api/preview-environment                                         472 B         103 kB
├ ƒ /api/preview-reliability                                         472 B         103 kB
├ ƒ /api/scoring/access                                              472 B         103 kB
├ ƒ /api/scoring/current                                             472 B         103 kB
├ ƒ /api/scoring/diagnostics                                         472 B         103 kB
├ ƒ /api/scoring/matches                                             472 B         103 kB
├ ƒ /api/scoring/matches/[matchId]                                   472 B         103 kB
├ ƒ /api/scoring/mutation-status                                     472 B         103 kB
├ ƒ /api/scoring/session                                             472 B         103 kB
├ ƒ /api/spectator/[resource]                                        472 B         103 kB
├ ƒ /api/spectator/golf/[...path]                                    472 B         103 kB
├ ƒ /api/tournament-guide                                            472 B         103 kB
├ ƒ /api/tournament-guide/schema                                     472 B         103 kB
├ ƒ /api/tournament/foundation                                       472 B         103 kB
├ ƒ /api/tournament/live                                             472 B         103 kB
├ ƒ /api/tournament/secondary                                        472 B         103 kB
├ ○ /app                                                             472 B         103 kB
├ ƒ /app/courses                                                     146 B         118 kB
├ ƒ /app/courses/[courseId]                                        1.35 kB         118 kB
├ ƒ /app/courses/[courseId]/holes/[holeNumber]                      4.4 kB         115 kB
├ ƒ /app/guide                                                     4.18 kB         115 kB
├ ƒ /app/guide/[section]                                             144 B         121 kB
├ ƒ /app/history                                                     142 B         118 kB
├ ƒ /app/history/[year]                                             2.7 kB         119 kB
├ ƒ /app/history/[year]/round/[round]                                154 B         126 kB
├ ƒ /app/history/[year]/team/[side]                                4.05 kB         125 kB
├ ƒ /app/leaderboards                                                30 kB         146 kB
├ ƒ /app/odds                                                        135 B         117 kB
├ ƒ /app/players                                                     140 B         117 kB
├ ƒ /app/players/[slug]                                              150 B         127 kB
├ ƒ /app/tournament                                                  214 B         145 kB
├ ○ /apple-icon.png                                                    0 B            0 B
├ ƒ /board-of-governors                                              140 B         117 kB
├ ƒ /champions                                                     6.57 kB         117 kB
├ ƒ /champions/[year]                                              6.74 kB         118 kB
├ ƒ /compare                                                       11.4 kB         122 kB
├ ƒ /courses                                                         146 B         118 kB
├ ƒ /courses/[courseId]                                            1.35 kB         118 kB
├ ƒ /courses/[courseId]/holes/[holeNumber]                          4.4 kB         115 kB
├ ƒ /data-health                                                     638 B         111 kB
├ ƒ /draft                                                           912 B         118 kB
├ ƒ /draft/[year]                                                    912 B         118 kB
├ ƒ /draft/analytics                                               6.42 kB         123 kB
├ ƒ /enter                                                         1.74 kB         105 kB
├ ƒ /follow/[[...path]]                                            8.17 kB         117 kB
├ ƒ /game-center/[matchId]                                         11.3 kB         118 kB
├ ƒ /history                                                         142 B         118 kB
├ ƒ /history/[year]                                                 2.7 kB         119 kB
├ ƒ /history/[year]/round/[round]                                    154 B         126 kB
├ ƒ /history/[year]/team/[side]                                    4.05 kB         125 kB
├ ƒ /home                                                          18.2 kB         137 kB
├ ○ /icon.png                                                          0 B            0 B
├ ƒ /live                                                            232 B         149 kB
├ ○ /manifest.webmanifest                                            472 B         103 kB
├ ƒ /me                                                            8.81 kB         115 kB
├ ƒ /me/verify-mobile                                              2.92 kB         109 kB
├ ƒ /my-match                                                        147 B         141 kB
├ ƒ /odds-center                                                     135 B         117 kB
├ ○ /odds-center/admin                                               472 B         103 kB
├ ƒ /participant-auth                                              13.1 kB         116 kB
├ ƒ /players                                                         140 B         117 kB
├ ƒ /players/[slug]                                                  150 B         127 kB
├ ○ /privacy                                                         171 B         106 kB
├ ƒ /ratings                                                       1.31 kB         112 kB
├ ƒ /records                                                        4.4 kB         115 kB
├ ƒ /records/[slug]                                                8.57 kB         119 kB
├ ○ /robots.txt                                                      472 B         103 kB
├ ○ /rules                                                           472 B         103 kB
├ ƒ /score                                                           147 B         141 kB
├ ƒ /score/access/[token]                                            472 B         103 kB
├ ○ /sitemap.xml                                                     472 B         103 kB
├ ƒ /statistics                                                    4.25 kB         115 kB
├ ƒ /statistics/handicaps                                            140 B         117 kB
├ ƒ /statistics/partnerships                                         140 B         117 kB
├ ƒ /statistics/rivalries                                            139 B         117 kB
├ ○ /support                                                         171 B         106 kB
├ ƒ /tournament-guide                                              4.18 kB         115 kB
├ ƒ /tournament-guide/[section]                                      144 B         121 kB
├ ƒ /war-room                                                      18.6 kB         135 kB
├ ƒ /war-room/lineup-optimizer                                     5.25 kB         122 kB
├ ƒ /war-room/simulator                                              472 B         103 kB
└ ƒ /war-room/team-intelligence                                    8.57 kB         125 kB
+ First Load JS shared by all                                       103 kB
  ├ chunks/1547-c7ee97a2117cbca9.js                                  46 kB
  ├ chunks/7a57e81c-045bb389ab8ee4ac.js                            54.2 kB
  └ other shared chunks (total)                                    2.68 kB


○  (Static)   prerendered as static content
ƒ  (Dynamic)  server-rendered on demand


   ▲ Next.js 15.5.18
   - Local:        http://127.0.0.1:62072
   - Network:      http://127.0.0.1:62072

 ✓ Starting...
 ✓ Ready in 149ms
(node:70353) ExperimentalWarning: localStorage is not available because --localstorage-file was not provided.
(Use `node --trace-warnings ...` to show where the warning was created)
{"schema_version":1,"timestamp":"2026-10-03T02:16:50.593Z","event":"RPC","request_id":"008a0e0a-13e8-47f7-8423-20de4efa6da4","correlation_id":"008a0e0a-13e8-47f7-8423-20de4efa6da4","route":"/api/tournament/live","domain":"TOURNAMENT_READ","feature":"TOURNAMENT_READ","release":null,"release_source":"UNAVAILABLE","activation":null,"activation_source":"UNAVAILABLE","sha":"cccccccccccccccccccccccccccccccccccccccc","operation_id":null,"mutation_id":null,"job_id":null,"match_id":null,"round":null,"target_count":null,"authority_revision":null,"authority_fingerprint":null,"latency_ms":23.485,"http_status":200,"query_family":"read_certification_runtime_context_v1","phase":"rpc_transport","outcome":"NOT_APPLICABLE","error_class":null,"domain_error_code":null,"sqlstate":null,"canonical_readback":"NOT_OBSERVED","dropped_events":0}
{"schema_version":1,"timestamp":"2026-10-03T02:16:50.593Z","event":"RPC","request_id":"008a0e0a-13e8-47f7-8423-20de4efa6da4","correlation_id":"008a0e0a-13e8-47f7-8423-20de4efa6da4","route":"/api/tournament/live","domain":"TOURNAMENT_READ","feature":"TOURNAMENT_READ","release":null,"release_source":"UNAVAILABLE","activation":null,"activation_source":"UNAVAILABLE","sha":"cccccccccccccccccccccccccccccccccccccccc","operation_id":null,"mutation_id":null,"job_id":null,"match_id":null,"round":null,"target_count":null,"authority_revision":null,"authority_fingerprint":null,"latency_ms":9.771,"http_status":200,"query_family":"read_certification_runtime_context_v1","phase":"rpc_transport","outcome":"NOT_APPLICABLE","error_class":null,"domain_error_code":null,"sqlstate":null,"canonical_readback":"NOT_OBSERVED","dropped_events":0}
{"schema_version":1,"timestamp":"2026-10-03T02:16:50.621Z","event":"RPC","request_id":"008a0e0a-13e8-47f7-8423-20de4efa6da4","correlation_id":"008a0e0a-13e8-47f7-8423-20de4efa6da4","route":"/api/tournament/live","domain":"TOURNAMENT_READ","feature":"TOURNAMENT_READ","release":null,"release_source":"UNAVAILABLE","activation":1,"activation_source":"AUTHORITY_READ","sha":"cccccccccccccccccccccccccccccccccccccccc","operation_id":null,"mutation_id":null,"job_id":null,"match_id":null,"round":null,"target_count":null,"authority_revision":null,"authority_fingerprint":null,"latency_ms":27.971,"http_status":200,"query_family":"read_certification_projection_v1","phase":"rpc_transport","outcome":"NOT_APPLICABLE","error_class":null,"domain_error_code":null,"sqlstate":null,"canonical_readback":"NOT_OBSERVED","dropped_events":0}
{"schema_version":1,"timestamp":"2026-10-03T02:16:50.621Z","event":"RPC","request_id":"008a0e0a-13e8-47f7-8423-20de4efa6da4","correlation_id":"008a0e0a-13e8-47f7-8423-20de4efa6da4","route":"/api/tournament/live","domain":"TOURNAMENT_READ","feature":"TOURNAMENT_READ","release":null,"release_source":"UNAVAILABLE","activation":1,"activation_source":"AUTHORITY_READ","sha":"cccccccccccccccccccccccccccccccccccccccc","operation_id":null,"mutation_id":null,"job_id":null,"match_id":null,"round":null,"target_count":null,"authority_revision":null,"authority_fingerprint":null,"latency_ms":11.381,"http_status":200,"query_family":"read_certification_projection_v1","phase":"rpc_transport","outcome":"NOT_APPLICABLE","error_class":"INTERNAL_ERROR","domain_error_code":null,"sqlstate":null,"canonical_readback":"NOT_OBSERVED","dropped_events":0}
{"schema_version":1,"timestamp":"2026-10-03T02:16:50.634Z","event":"RPC","request_id":"008a0e0a-13e8-47f7-8423-20de4efa6da4","correlation_id":"008a0e0a-13e8-47f7-8423-20de4efa6da4","route":"/api/tournament/live","domain":"TOURNAMENT_READ","feature":"TOURNAMENT_READ","release":null,"release_source":"UNAVAILABLE","activation":1,"activation_source":"AUTHORITY_READ","sha":"cccccccccccccccccccccccccccccccccccccccc","operation_id":null,"mutation_id":null,"job_id":null,"match_id":null,"round":null,"target_count":null,"authority_revision":null,"authority_fingerprint":null,"latency_ms":9.347,"http_status":200,"query_family":"read_certification_runtime_context_v1","phase":"rpc_transport","outcome":"NOT_APPLICABLE","error_class":null,"domain_error_code":null,"sqlstate":null,"canonical_readback":"NOT_OBSERVED","dropped_events":0}
{"schema_version":1,"timestamp":"2026-10-03T02:16:50.645Z","event":"RPC","request_id":"008a0e0a-13e8-47f7-8423-20de4efa6da4","correlation_id":"008a0e0a-13e8-47f7-8423-20de4efa6da4","route":"/api/tournament/live","domain":"TOURNAMENT_READ","feature":"TOURNAMENT_READ","release":null,"release_source":"UNAVAILABLE","activation":1,"activation_source":"AUTHORITY_READ","sha":"cccccccccccccccccccccccccccccccccccccccc","operation_id":null,"mutation_id":null,"job_id":null,"match_id":null,"round":null,"target_count":null,"authority_revision":null,"authority_fingerprint":null,"latency_ms":11.212,"http_status":200,"query_family":"read_certification_projection_v1","phase":"rpc_transport","outcome":"NOT_APPLICABLE","error_class":null,"domain_error_code":null,"sqlstate":null,"canonical_readback":"NOT_OBSERVED","dropped_events":0}
{"schema_version":1,"timestamp":"2026-10-03T02:16:50.646Z","event":"REQUEST","request_id":"008a0e0a-13e8-47f7-8423-20de4efa6da4","correlation_id":"008a0e0a-13e8-47f7-8423-20de4efa6da4","route":"/api/tournament/live","domain":"TOURNAMENT_READ","feature":"TOURNAMENT_READ","release":null,"release_source":"UNAVAILABLE","activation":1,"activation_source":"AUTHORITY_READ","sha":"cccccccccccccccccccccccccccccccccccccccc","operation_id":null,"mutation_id":null,"job_id":null,"match_id":null,"round":null,"target_count":null,"authority_revision":null,"authority_fingerprint":null,"latency_ms":78.474,"http_status":200,"query_family":null,"phase":null,"outcome":"NOT_APPLICABLE","error_class":null,"domain_error_code":null,"sqlstate":null,"canonical_readback":"NOT_OBSERVED","dropped_events":0}
Runtime performance {
  operation: 'GET /api/live',
  totalMs: 0,
  blocked: true,
  source: 'supabase'
}
{"schema_version":1,"timestamp":"2026-10-03T02:16:50.651Z","event":"REQUEST","request_id":"524c2ce3-e781-4655-b2da-18e52a68a88a","correlation_id":"524c2ce3-e781-4655-b2da-18e52a68a88a","route":"/api/live","domain":"TOURNAMENT_READ","feature":"TOURNAMENT_READ","release":null,"release_source":"UNAVAILABLE","activation":null,"activation_source":"UNAVAILABLE","sha":"cccccccccccccccccccccccccccccccccccccccc","operation_id":null,"mutation_id":null,"job_id":null,"match_id":null,"round":null,"target_count":null,"authority_revision":null,"authority_fingerprint":null,"latency_ms":0.616,"http_status":409,"query_family":null,"phase":null,"outcome":"NOT_APPLICABLE","error_class":"CONFLICT","domain_error_code":null,"sqlstate":null,"canonical_readback":"NOT_OBSERVED","dropped_events":0}
{"schema_version":1,"timestamp":"2026-10-03T02:16:50.657Z","event":"REQUEST","request_id":"e4374c99-4e98-4ba1-822e-c8866f719b5b","correlation_id":"e4374c99-4e98-4ba1-822e-c8866f719b5b","route":"/api/director/canonical-operations","domain":"DIRECTOR","feature":"DIRECTOR","release":null,"release_source":"UNAVAILABLE","activation":null,"activation_source":"UNAVAILABLE","sha":"cccccccccccccccccccccccccccccccccccccccc","operation_id":null,"mutation_id":null,"job_id":null,"match_id":null,"round":null,"target_count":null,"authority_revision":null,"authority_fingerprint":null,"latency_ms":2.583,"http_status":403,"query_family":null,"phase":null,"outcome":"NOT_APPLICABLE","error_class":"AUTHORIZATION_DENIED","domain_error_code":null,"sqlstate":null,"canonical_readback":"NOT_OBSERVED","dropped_events":0}
{"schema_version":1,"timestamp":"2026-10-03T02:16:50.673Z","event":"RPC","request_id":"c1a1a080-eac8-48ef-a2d2-3b31ffc7521b","correlation_id":"c1a1a080-eac8-48ef-a2d2-3b31ffc7521b","route":"/api/director/canonical-operations","domain":"TOURNAMENT_READ","feature":"DIRECTOR","release":null,"release_source":"UNAVAILABLE","activation":null,"activation_source":"UNAVAILABLE","sha":"cccccccccccccccccccccccccccccccccccccccc","operation_id":null,"mutation_id":null,"job_id":null,"match_id":null,"round":null,"target_count":null,"authority_revision":null,"authority_fingerprint":null,"latency_ms":10.27,"http_status":200,"query_family":"read_certification_runtime_context_v1","phase":"rpc_transport","outcome":"NOT_APPLICABLE","error_class":null,"domain_error_code":null,"sqlstate":null,"canonical_readback":"NOT_OBSERVED","dropped_events":0}
{"schema_version":1,"timestamp":"2026-10-03T02:16:50.682Z","event":"RPC","request_id":"c1a1a080-eac8-48ef-a2d2-3b31ffc7521b","correlation_id":"c1a1a080-eac8-48ef-a2d2-3b31ffc7521b","route":"/api/director/canonical-operations","domain":"TOURNAMENT_READ","feature":"DIRECTOR","release":null,"release_source":"UNAVAILABLE","activation":null,"activation_source":"UNAVAILABLE","sha":"cccccccccccccccccccccccccccccccccccccccc","operation_id":null,"mutation_id":null,"job_id":null,"match_id":null,"round":null,"target_count":null,"authority_revision":null,"authority_fingerprint":null,"latency_ms":9.118,"http_status":200,"query_family":"read_certification_runtime_context_v1","phase":"rpc_transport","outcome":"NOT_APPLICABLE","error_class":null,"domain_error_code":null,"sqlstate":null,"canonical_readback":"NOT_OBSERVED","dropped_events":0}
{"schema_version":1,"timestamp":"2026-10-03T02:16:50.694Z","event":"RPC","request_id":"c1a1a080-eac8-48ef-a2d2-3b31ffc7521b","correlation_id":"c1a1a080-eac8-48ef-a2d2-3b31ffc7521b","route":"/api/director/canonical-operations","domain":"TOURNAMENT_READ","feature":"DIRECTOR","release":null,"release_source":"UNAVAILABLE","activation":null,"activation_source":"UNAVAILABLE","sha":"cccccccccccccccccccccccccccccccccccccccc","operation_id":null,"mutation_id":null,"job_id":null,"match_id":null,"round":null,"target_count":null,"authority_revision":null,"authority_fingerprint":null,"latency_ms":11.346,"http_status":200,"query_family":"read_certification_projection_v1","phase":"rpc_transport","outcome":"NOT_APPLICABLE","error_class":null,"domain_error_code":null,"sqlstate":null,"canonical_readback":"NOT_OBSERVED","dropped_events":0}
{"schema_version":1,"timestamp":"2026-10-03T02:16:50.694Z","event":"REQUEST","request_id":"c1a1a080-eac8-48ef-a2d2-3b31ffc7521b","correlation_id":"c1a1a080-eac8-48ef-a2d2-3b31ffc7521b","route":"/api/director/canonical-operations","domain":"DIRECTOR","feature":"DIRECTOR","release":null,"release_source":"UNAVAILABLE","activation":null,"activation_source":"UNAVAILABLE","sha":"cccccccccccccccccccccccccccccccccccccccc","operation_id":null,"mutation_id":null,"job_id":null,"match_id":null,"round":null,"target_count":null,"authority_revision":null,"authority_fingerprint":null,"latency_ms":35.147,"http_status":403,"query_family":null,"phase":null,"outcome":"NOT_APPLICABLE","error_class":"AUTHORIZATION_DENIED","domain_error_code":null,"sqlstate":null,"canonical_readback":"NOT_OBSERVED","dropped_events":0}
{"schema_version":1,"timestamp":"2026-10-03T02:16:50.708Z","event":"RPC","request_id":"9c49ee04-3105-4c2a-83c4-6e64926f93ba","correlation_id":"9c49ee04-3105-4c2a-83c4-6e64926f93ba","route":"/api/director/canonical-operations","domain":"TOURNAMENT_READ","feature":"DIRECTOR","release":null,"release_source":"UNAVAILABLE","activation":null,"activation_source":"UNAVAILABLE","sha":"cccccccccccccccccccccccccccccccccccccccc","operation_id":null,"mutation_id":null,"job_id":null,"match_id":null,"round":null,"target_count":null,"authority_revision":null,"authority_fingerprint":null,"latency_ms":10.233,"http_status":200,"query_family":"read_certification_runtime_context_v1","phase":"rpc_transport","outcome":"NOT_APPLICABLE","error_class":null,"domain_error_code":null,"sqlstate":null,"canonical_readback":"NOT_OBSERVED","dropped_events":0}
{"schema_version":1,"timestamp":"2026-10-03T02:16:50.717Z","event":"RPC","request_id":"9c49ee04-3105-4c2a-83c4-6e64926f93ba","correlation_id":"9c49ee04-3105-4c2a-83c4-6e64926f93ba","route":"/api/director/canonical-operations","domain":"TOURNAMENT_READ","feature":"DIRECTOR","release":null,"release_source":"UNAVAILABLE","activation":null,"activation_source":"UNAVAILABLE","sha":"cccccccccccccccccccccccccccccccccccccccc","operation_id":null,"mutation_id":null,"job_id":null,"match_id":null,"round":null,"target_count":null,"authority_revision":null,"authority_fingerprint":null,"latency_ms":8.896,"http_status":200,"query_family":"read_certification_runtime_context_v1","phase":"rpc_transport","outcome":"NOT_APPLICABLE","error_class":null,"domain_error_code":null,"sqlstate":null,"canonical_readback":"NOT_OBSERVED","dropped_events":0}
{"schema_version":1,"timestamp":"2026-10-03T02:16:50.727Z","event":"RPC","request_id":"9c49ee04-3105-4c2a-83c4-6e64926f93ba","correlation_id":"9c49ee04-3105-4c2a-83c4-6e64926f93ba","route":"/api/director/canonical-operations","domain":"TOURNAMENT_READ","feature":"DIRECTOR","release":null,"release_source":"UNAVAILABLE","activation":null,"activation_source":"UNAVAILABLE","sha":"cccccccccccccccccccccccccccccccccccccccc","operation_id":null,"mutation_id":null,"job_id":null,"match_id":null,"round":null,"target_count":null,"authority_revision":null,"authority_fingerprint":null,"latency_ms":10.463,"http_status":200,"query_family":"read_certification_projection_v1","phase":"rpc_transport","outcome":"NOT_APPLICABLE","error_class":null,"domain_error_code":null,"sqlstate":null,"canonical_readback":"NOT_OBSERVED","dropped_events":0}
{"schema_version":1,"timestamp":"2026-10-03T02:16:50.737Z","event":"RPC","request_id":"9c49ee04-3105-4c2a-83c4-6e64926f93ba","correlation_id":"9c49ee04-3105-4c2a-83c4-6e64926f93ba","route":"/api/director/canonical-operations","domain":"ROUND_CONTROL","feature":"DIRECTOR","release":null,"release_source":"UNAVAILABLE","activation":null,"activation_source":"UNAVAILABLE","sha":"cccccccccccccccccccccccccccccccccccccccc","operation_id":null,"mutation_id":null,"job_id":null,"match_id":null,"round":null,"target_count":null,"authority_revision":null,"authority_fingerprint":null,"latency_ms":9.33,"http_status":200,"query_family":"read_certification_runtime_context_v1","phase":"rpc_transport","outcome":"NOT_APPLICABLE","error_class":null,"domain_error_code":null,"sqlstate":null,"canonical_readback":"NOT_OBSERVED","dropped_events":0}
{"schema_version":1,"timestamp":"2026-10-03T02:16:50.797Z","event":"RPC","request_id":"9c49ee04-3105-4c2a-83c4-6e64926f93ba","correlation_id":"9c49ee04-3105-4c2a-83c4-6e64926f93ba","route":"/api/director/canonical-operations","domain":"ROUND_CONTROL","feature":"DIRECTOR","release":null,"release_source":"UNAVAILABLE","activation":null,"activation_source":"UNAVAILABLE","sha":"cccccccccccccccccccccccccccccccccccccccc","operation_id":null,"mutation_id":null,"job_id":null,"match_id":null,"round":null,"target_count":null,"authority_revision":null,"authority_fingerprint":null,"latency_ms":59.755,"http_status":200,"query_family":"read_certification_operation_v1","phase":"rpc_transport","outcome":"NOT_APPLICABLE","error_class":null,"domain_error_code":null,"sqlstate":null,"canonical_readback":"NOT_OBSERVED","dropped_events":0}
{"schema_version":1,"timestamp":"2026-10-03T02:16:50.798Z","event":"REQUEST","request_id":"9c49ee04-3105-4c2a-83c4-6e64926f93ba","correlation_id":"9c49ee04-3105-4c2a-83c4-6e64926f93ba","route":"/api/director/canonical-operations","domain":"DIRECTOR","feature":"DIRECTOR","release":null,"release_source":"UNAVAILABLE","activation":null,"activation_source":"UNAVAILABLE","sha":"cccccccccccccccccccccccccccccccccccccccc","operation_id":null,"mutation_id":null,"job_id":null,"match_id":null,"round":null,"target_count":null,"authority_revision":null,"authority_fingerprint":null,"latency_ms":101.52,"http_status":200,"query_family":null,"phase":null,"outcome":"NOT_APPLICABLE","error_class":null,"domain_error_code":null,"sqlstate":null,"canonical_readback":"NOT_OBSERVED","dropped_events":0}
{"schema_version":1,"timestamp":"2026-10-03T02:16:50.812Z","event":"RPC","request_id":"39a41e41-e0ae-4be5-a434-22c83f05104a","correlation_id":"39a41e41-e0ae-4be5-a434-22c83f05104a","route":"/api/leaderboards/core","domain":"TOURNAMENT_READ","feature":"TOURNAMENT_READ","release":null,"release_source":"UNAVAILABLE","activation":null,"activation_source":"UNAVAILABLE","sha":"cccccccccccccccccccccccccccccccccccccccc","operation_id":null,"mutation_id":null,"job_id":null,"match_id":null,"round":null,"target_count":null,"authority_revision":null,"authority_fingerprint":null,"latency_ms":10.072,"http_status":200,"query_family":"read_certification_runtime_context_v1","phase":"rpc_transport","outcome":"NOT_APPLICABLE","error_class":null,"domain_error_code":null,"sqlstate":null,"canonical_readback":"NOT_OBSERVED","dropped_events":0}
{"schema_version":1,"timestamp":"2026-10-03T02:16:50.824Z","event":"RPC","request_id":"39a41e41-e0ae-4be5-a434-22c83f05104a","correlation_id":"39a41e41-e0ae-4be5-a434-22c83f05104a","route":"/api/leaderboards/core","domain":"TOURNAMENT_READ","feature":"TOURNAMENT_READ","release":null,"release_source":"UNAVAILABLE","activation":null,"activation_source":"UNAVAILABLE","sha":"cccccccccccccccccccccccccccccccccccccccc","operation_id":null,"mutation_id":null,"job_id":null,"match_id":null,"round":null,"target_count":null,"authority_revision":null,"authority_fingerprint":null,"latency_ms":12.32,"http_status":200,"query_family":"read_certification_projection_v1","phase":"rpc_transport","outcome":"NOT_APPLICABLE","error_class":null,"domain_error_code":null,"sqlstate":null,"canonical_readback":"NOT_OBSERVED","dropped_events":0}
{"schema_version":1,"timestamp":"2026-10-03T02:16:50.834Z","event":"RPC","request_id":"39a41e41-e0ae-4be5-a434-22c83f05104a","correlation_id":"39a41e41-e0ae-4be5-a434-22c83f05104a","route":"/api/leaderboards/core","domain":"TOURNAMENT_READ","feature":"TOURNAMENT_READ","release":null,"release_source":"UNAVAILABLE","activation":null,"activation_source":"UNAVAILABLE","sha":"cccccccccccccccccccccccccccccccccccccccc","operation_id":null,"mutation_id":null,"job_id":null,"match_id":null,"round":null,"target_count":null,"authority_revision":null,"authority_fingerprint":null,"latency_ms":9.371,"http_status":200,"query_family":"read_certification_runtime_context_v1","phase":"rpc_transport","outcome":"NOT_APPLICABLE","error_class":null,"domain_error_code":null,"sqlstate":null,"canonical_readback":"NOT_OBSERVED","dropped_events":0}
{"schema_version":1,"timestamp":"2026-10-03T02:16:50.850Z","event":"RPC","request_id":"39a41e41-e0ae-4be5-a434-22c83f05104a","correlation_id":"39a41e41-e0ae-4be5-a434-22c83f05104a","route":"/api/leaderboards/core","domain":"TOURNAMENT_READ","feature":"TOURNAMENT_READ","release":null,"release_source":"UNAVAILABLE","activation":1,"activation_source":"AUTHORITY_READ","sha":"cccccccccccccccccccccccccccccccccccccccc","operation_id":null,"mutation_id":null,"job_id":null,"match_id":null,"round":null,"target_count":null,"authority_revision":null,"authority_fingerprint":null,"latency_ms":15.512,"http_status":200,"query_family":"read_certification_projection_v1","phase":"rpc_transport","outcome":"NOT_APPLICABLE","error_class":null,"domain_error_code":null,"sqlstate":null,"canonical_readback":"NOT_OBSERVED","dropped_events":0}
{"schema_version":1,"timestamp":"2026-10-03T02:16:50.856Z","event":"REQUEST","request_id":"39a41e41-e0ae-4be5-a434-22c83f05104a","correlation_id":"39a41e41-e0ae-4be5-a434-22c83f05104a","route":"/api/leaderboards/core","domain":"TOURNAMENT_READ","feature":"TOURNAMENT_READ","release":null,"release_source":"UNAVAILABLE","activation":1,"activation_source":"AUTHORITY_READ","sha":"cccccccccccccccccccccccccccccccccccccccc","operation_id":null,"mutation_id":null,"job_id":null,"match_id":null,"round":null,"target_count":null,"authority_revision":null,"authority_fingerprint":null,"latency_ms":55.995,"http_status":200,"query_family":null,"phase":null,"outcome":"NOT_APPLICABLE","error_class":null,"domain_error_code":null,"sqlstate":null,"canonical_readback":"NOT_OBSERVED","dropped_events":0}
{"schema_version":1,"timestamp":"2026-10-03T02:16:50.870Z","event":"RPC","request_id":"2edc6c23-9404-432f-a59d-bf322e14815c","correlation_id":"2edc6c23-9404-432f-a59d-bf322e14815c","route":"/api/director/canonical-odds","domain":"TOURNAMENT_READ","feature":"ODDS","release":null,"release_source":"UNAVAILABLE","activation":null,"activation_source":"UNAVAILABLE","sha":"cccccccccccccccccccccccccccccccccccccccc","operation_id":null,"mutation_id":null,"job_id":null,"match_id":null,"round":null,"target_count":null,"authority_revision":null,"authority_fingerprint":null,"latency_ms":9.945,"http_status":200,"query_family":"read_certification_runtime_context_v1","phase":"rpc_transport","outcome":"NOT_APPLICABLE","error_class":null,"domain_error_code":null,"sqlstate":null,"canonical_readback":"NOT_OBSERVED","dropped_events":0}
{"schema_version":1,"timestamp":"2026-10-03T02:16:50.879Z","event":"RPC","request_id":"2edc6c23-9404-432f-a59d-bf322e14815c","correlation_id":"2edc6c23-9404-432f-a59d-bf322e14815c","route":"/api/director/canonical-odds","domain":"TOURNAMENT_READ","feature":"ODDS","release":null,"release_source":"UNAVAILABLE","activation":null,"activation_source":"UNAVAILABLE","sha":"cccccccccccccccccccccccccccccccccccccccc","operation_id":null,"mutation_id":null,"job_id":null,"match_id":null,"round":null,"target_count":null,"authority_revision":null,"authority_fingerprint":null,"latency_ms":8.932,"http_status":200,"query_family":"read_certification_runtime_context_v1","phase":"rpc_transport","outcome":"NOT_APPLICABLE","error_class":null,"domain_error_code":null,"sqlstate":null,"canonical_readback":"NOT_OBSERVED","dropped_events":0}
{"schema_version":1,"timestamp":"2026-10-03T02:16:50.890Z","event":"RPC","request_id":"2edc6c23-9404-432f-a59d-bf322e14815c","correlation_id":"2edc6c23-9404-432f-a59d-bf322e14815c","route":"/api/director/canonical-odds","domain":"TOURNAMENT_READ","feature":"ODDS","release":null,"release_source":"UNAVAILABLE","activation":null,"activation_source":"UNAVAILABLE","sha":"cccccccccccccccccccccccccccccccccccccccc","operation_id":null,"mutation_id":null,"job_id":null,"match_id":null,"round":null,"target_count":null,"authority_revision":null,"authority_fingerprint":null,"latency_ms":10.897,"http_status":200,"query_family":"read_certification_projection_v1","phase":"rpc_transport","outcome":"NOT_APPLICABLE","error_class":null,"domain_error_code":null,"sqlstate":null,"canonical_readback":"NOT_OBSERVED","dropped_events":0}
{"schema_version":1,"timestamp":"2026-10-03T02:16:50.900Z","event":"RPC","request_id":"2edc6c23-9404-432f-a59d-bf322e14815c","correlation_id":"2edc6c23-9404-432f-a59d-bf322e14815c","route":"/api/director/canonical-odds","domain":"ROUND_CONTROL","feature":"ODDS","release":null,"release_source":"UNAVAILABLE","activation":null,"activation_source":"UNAVAILABLE","sha":"cccccccccccccccccccccccccccccccccccccccc","operation_id":null,"mutation_id":null,"job_id":null,"match_id":null,"round":null,"target_count":null,"authority_revision":null,"authority_fingerprint":null,"latency_ms":9.421,"http_status":200,"query_family":"read_certification_runtime_context_v1","phase":"rpc_transport","outcome":"NOT_APPLICABLE","error_class":null,"domain_error_code":null,"sqlstate":null,"canonical_readback":"NOT_OBSERVED","dropped_events":0}
{"schema_version":1,"timestamp":"2026-10-03T02:16:50.914Z","event":"RPC","request_id":"2edc6c23-9404-432f-a59d-bf322e14815c","correlation_id":"2edc6c23-9404-432f-a59d-bf322e14815c","route":"/api/director/canonical-odds","domain":"ROUND_CONTROL","feature":"ODDS","release":null,"release_source":"UNAVAILABLE","activation":null,"activation_source":"UNAVAILABLE","sha":"cccccccccccccccccccccccccccccccccccccccc","operation_id":null,"mutation_id":null,"job_id":null,"match_id":null,"round":null,"target_count":null,"authority_revision":null,"authority_fingerprint":null,"latency_ms":13.311,"http_status":200,"query_family":"dispatch_certification_odds_v1","phase":"rpc_transport","outcome":"COMMITTED","error_class":null,"domain_error_code":null,"sqlstate":null,"canonical_readback":"NOT_OBSERVED","dropped_events":0}
{"schema_version":1,"timestamp":"2026-10-03T02:16:50.926Z","event":"RPC","request_id":"2edc6c23-9404-432f-a59d-bf322e14815c","correlation_id":"2edc6c23-9404-432f-a59d-bf322e14815c","route":"/api/director/canonical-odds","domain":"ROUND_CONTROL","feature":"ODDS","release":null,"release_source":"UNAVAILABLE","activation":null,"activation_source":"UNAVAILABLE","sha":"cccccccccccccccccccccccccccccccccccccccc","operation_id":null,"mutation_id":null,"job_id":null,"match_id":null,"round":null,"target_count":null,"authority_revision":null,"authority_fingerprint":null,"latency_ms":12.372,"http_status":200,"query_family":"dispatch_certification_odds_v1","phase":"rpc_transport","outcome":"COMMITTED","error_class":null,"domain_error_code":null,"sqlstate":null,"canonical_readback":"NOT_OBSERVED","dropped_events":0}
{"schema_version":1,"timestamp":"2026-10-03T02:16:50.926Z","event":"REQUEST","request_id":"2edc6c23-9404-432f-a59d-bf322e14815c","correlation_id":"2edc6c23-9404-432f-a59d-bf322e14815c","route":"/api/director/canonical-odds","domain":"ODDS","feature":"ODDS","release":null,"release_source":"UNAVAILABLE","activation":null,"activation_source":"UNAVAILABLE","sha":"cccccccccccccccccccccccccccccccccccccccc","operation_id":null,"mutation_id":null,"job_id":null,"match_id":null,"round":null,"target_count":null,"authority_revision":null,"authority_fingerprint":null,"latency_ms":67.56,"http_status":200,"query_family":null,"phase":null,"outcome":"NOT_APPLICABLE","error_class":null,"domain_error_code":null,"sqlstate":null,"canonical_readback":"NOT_OBSERVED","dropped_events":0}
{"schema_version":1,"timestamp":"2026-10-03T02:16:50.929Z","event":"REQUEST","request_id":"b28813e2-1a84-418a-b52a-b2bbcd61ef40","correlation_id":"b28813e2-1a84-418a-b52a-b2bbcd61ef40","route":"/api/director/canonical-odds","domain":"ODDS","feature":"ODDS","release":null,"release_source":"UNAVAILABLE","activation":null,"activation_source":"UNAVAILABLE","sha":"cccccccccccccccccccccccccccccccccccccccc","operation_id":null,"mutation_id":null,"job_id":null,"match_id":null,"round":null,"target_count":null,"authority_revision":null,"authority_fingerprint":null,"latency_ms":0.052,"http_status":403,"query_family":null,"phase":null,"outcome":"NOT_APPLICABLE","error_class":"AUTHORIZATION_DENIED","domain_error_code":null,"sqlstate":null,"canonical_readback":"NOT_OBSERVED","dropped_events":0}
{"schema_version":1,"timestamp":"2026-10-03T02:16:50.943Z","event":"RPC","request_id":"340d863b-6c67-4716-b319-47cc8e6c025b","correlation_id":"340d863b-6c67-4716-b319-47cc8e6c025b","route":"/api/director/canonical-operations","domain":"TOURNAMENT_READ","feature":"DIRECTOR","release":null,"release_source":"UNAVAILABLE","activation":null,"activation_source":"UNAVAILABLE","sha":"cccccccccccccccccccccccccccccccccccccccc","operation_id":null,"mutation_id":null,"job_id":null,"match_id":null,"round":null,"target_count":null,"authority_revision":null,"authority_fingerprint":null,"latency_ms":10.323,"http_status":200,"query_family":"read_certification_runtime_context_v1","phase":"rpc_transport","outcome":"NOT_APPLICABLE","error_class":null,"domain_error_code":null,"sqlstate":null,"canonical_readback":"NOT_OBSERVED","dropped_events":0}
{"schema_version":1,"timestamp":"2026-10-03T02:16:50.952Z","event":"RPC","request_id":"340d863b-6c67-4716-b319-47cc8e6c025b","correlation_id":"340d863b-6c67-4716-b319-47cc8e6c025b","route":"/api/director/canonical-operations","domain":"TOURNAMENT_READ","feature":"DIRECTOR","release":null,"release_source":"UNAVAILABLE","activation":null,"activation_source":"UNAVAILABLE","sha":"cccccccccccccccccccccccccccccccccccccccc","operation_id":null,"mutation_id":null,"job_id":null,"match_id":null,"round":null,"target_count":null,"authority_revision":null,"authority_fingerprint":null,"latency_ms":9.457,"http_status":200,"query_family":"read_certification_runtime_context_v1","phase":"rpc_transport","outcome":"NOT_APPLICABLE","error_class":null,"domain_error_code":null,"sqlstate":null,"canonical_readback":"NOT_OBSERVED","dropped_events":0}
{"schema_version":1,"timestamp":"2026-10-03T02:16:50.964Z","event":"RPC","request_id":"340d863b-6c67-4716-b319-47cc8e6c025b","correlation_id":"340d863b-6c67-4716-b319-47cc8e6c025b","route":"/api/director/canonical-operations","domain":"TOURNAMENT_READ","feature":"DIRECTOR","release":null,"release_source":"UNAVAILABLE","activation":null,"activation_source":"UNAVAILABLE","sha":"cccccccccccccccccccccccccccccccccccccccc","operation_id":null,"mutation_id":null,"job_id":null,"match_id":null,"round":null,"target_count":null,"authority_revision":null,"authority_fingerprint":null,"latency_ms":11.215,"http_status":200,"query_family":"read_certification_projection_v1","phase":"rpc_transport","outcome":"NOT_APPLICABLE","error_class":null,"domain_error_code":null,"sqlstate":null,"canonical_readback":"NOT_OBSERVED","dropped_events":0}
{"schema_version":1,"timestamp":"2026-10-03T02:16:50.973Z","event":"RPC","request_id":"340d863b-6c67-4716-b319-47cc8e6c025b","correlation_id":"340d863b-6c67-4716-b319-47cc8e6c025b","route":"/api/director/canonical-operations","domain":"ROUND_CONTROL","feature":"DIRECTOR","release":null,"release_source":"UNAVAILABLE","activation":null,"activation_source":"UNAVAILABLE","sha":"cccccccccccccccccccccccccccccccccccccccc","operation_id":null,"mutation_id":null,"job_id":null,"match_id":null,"round":null,"target_count":null,"authority_revision":null,"authority_fingerprint":null,"latency_ms":9.469,"http_status":200,"query_family":"read_certification_runtime_context_v1","phase":"rpc_transport","outcome":"NOT_APPLICABLE","error_class":null,"domain_error_code":null,"sqlstate":null,"canonical_readback":"NOT_OBSERVED","dropped_events":0}
{"schema_version":1,"timestamp":"2026-10-03T02:16:51.031Z","event":"RPC","request_id":"340d863b-6c67-4716-b319-47cc8e6c025b","correlation_id":"340d863b-6c67-4716-b319-47cc8e6c025b","route":"/api/director/canonical-operations","domain":"ROUND_CONTROL","feature":"DIRECTOR","release":null,"release_source":"UNAVAILABLE","activation":null,"activation_source":"UNAVAILABLE","sha":"cccccccccccccccccccccccccccccccccccccccc","operation_id":null,"mutation_id":null,"job_id":null,"match_id":null,"round":null,"target_count":null,"authority_revision":null,"authority_fingerprint":null,"latency_ms":57.674,"http_status":200,"query_family":"read_certification_operation_v1","phase":"rpc_transport","outcome":"NOT_APPLICABLE","error_class":null,"domain_error_code":null,"sqlstate":null,"canonical_readback":"NOT_OBSERVED","dropped_events":0}
{"schema_version":1,"timestamp":"2026-10-03T02:16:51.033Z","event":"REQUEST","request_id":"340d863b-6c67-4716-b319-47cc8e6c025b","correlation_id":"340d863b-6c67-4716-b319-47cc8e6c025b","route":"/api/director/canonical-operations","domain":"DIRECTOR","feature":"DIRECTOR","release":null,"release_source":"UNAVAILABLE","activation":null,"activation_source":"UNAVAILABLE","sha":"cccccccccccccccccccccccccccccccccccccccc","operation_id":null,"mutation_id":null,"job_id":null,"match_id":null,"round":null,"target_count":null,"authority_revision":null,"authority_fingerprint":null,"latency_ms":101.432,"http_status":200,"query_family":null,"phase":null,"outcome":"NOT_APPLICABLE","error_class":null,"domain_error_code":null,"sqlstate":null,"canonical_readback":"NOT_OBSERVED","dropped_events":0}
{"schema_version":1,"timestamp":"2026-10-03T02:16:51.045Z","event":"RPC","request_id":"cfdd1370-20eb-4bbe-92a0-74eabb77f070","correlation_id":"cfdd1370-20eb-4bbe-92a0-74eabb77f070","route":"/api/director/canonical-operations","domain":"TOURNAMENT_READ","feature":"DIRECTOR","release":null,"release_source":"UNAVAILABLE","activation":null,"activation_source":"UNAVAILABLE","sha":"cccccccccccccccccccccccccccccccccccccccc","operation_id":null,"mutation_id":null,"job_id":null,"match_id":null,"round":null,"target_count":null,"authority_revision":null,"authority_fingerprint":null,"latency_ms":9.854,"http_status":200,"query_family":"read_certification_runtime_context_v1","phase":"rpc_transport","outcome":"NOT_APPLICABLE","error_class":null,"domain_error_code":null,"sqlstate":null,"canonical_readback":"NOT_OBSERVED","dropped_events":0}
{"schema_version":1,"timestamp":"2026-10-03T02:16:51.055Z","event":"RPC","request_id":"cfdd1370-20eb-4bbe-92a0-74eabb77f070","correlation_id":"cfdd1370-20eb-4bbe-92a0-74eabb77f070","route":"/api/director/canonical-operations","domain":"TOURNAMENT_READ","feature":"DIRECTOR","release":null,"release_source":"UNAVAILABLE","activation":null,"activation_source":"UNAVAILABLE","sha":"cccccccccccccccccccccccccccccccccccccccc","operation_id":null,"mutation_id":null,"job_id":null,"match_id":null,"round":null,"target_count":null,"authority_revision":null,"authority_fingerprint":null,"latency_ms":8.948,"http_status":200,"query_family":"read_certification_runtime_context_v1","phase":"rpc_transport","outcome":"NOT_APPLICABLE","error_class":null,"domain_error_code":null,"sqlstate":null,"canonical_readback":"NOT_OBSERVED","dropped_events":0}
{"schema_version":1,"timestamp":"2026-10-03T02:16:51.065Z","event":"RPC","request_id":"cfdd1370-20eb-4bbe-92a0-74eabb77f070","correlation_id":"cfdd1370-20eb-4bbe-92a0-74eabb77f070","route":"/api/director/canonical-operations","domain":"TOURNAMENT_READ","feature":"DIRECTOR","release":null,"release_source":"UNAVAILABLE","activation":null,"activation_source":"UNAVAILABLE","sha":"cccccccccccccccccccccccccccccccccccccccc","operation_id":null,"mutation_id":null,"job_id":null,"match_id":null,"round":null,"target_count":null,"authority_revision":null,"authority_fingerprint":null,"latency_ms":10.421,"http_status":200,"query_family":"read_certification_projection_v1","phase":"rpc_transport","outcome":"NOT_APPLICABLE","error_class":null,"domain_error_code":null,"sqlstate":null,"canonical_readback":"NOT_OBSERVED","dropped_events":0}
{"schema_version":1,"timestamp":"2026-10-03T02:16:51.075Z","event":"RPC","request_id":"cfdd1370-20eb-4bbe-92a0-74eabb77f070","correlation_id":"cfdd1370-20eb-4bbe-92a0-74eabb77f070","route":"/api/director/canonical-operations","domain":"ROUND_CONTROL","feature":"DIRECTOR","release":null,"release_source":"UNAVAILABLE","activation":null,"activation_source":"UNAVAILABLE","sha":"cccccccccccccccccccccccccccccccccccccccc","operation_id":null,"mutation_id":null,"job_id":null,"match_id":null,"round":null,"target_count":null,"authority_revision":null,"authority_fingerprint":null,"latency_ms":9.212,"http_status":200,"query_family":"read_certification_runtime_context_v1","phase":"rpc_transport","outcome":"NOT_APPLICABLE","error_class":null,"domain_error_code":null,"sqlstate":null,"canonical_readback":"NOT_OBSERVED","dropped_events":0}
{"schema_version":1,"timestamp":"2026-10-03T02:16:51.084Z","event":"RPC","request_id":"cfdd1370-20eb-4bbe-92a0-74eabb77f070","correlation_id":"cfdd1370-20eb-4bbe-92a0-74eabb77f070","route":"/api/director/canonical-operations","domain":"ROUND_CONTROL","feature":"DIRECTOR","release":null,"release_source":"UNAVAILABLE","activation":null,"activation_source":"UNAVAILABLE","sha":"cccccccccccccccccccccccccccccccccccccccc","operation_id":null,"mutation_id":null,"job_id":null,"match_id":null,"round":null,"target_count":null,"authority_revision":null,"authority_fingerprint":null,"latency_ms":8.801,"http_status":200,"query_family":"read_certification_runtime_context_v1","phase":"rpc_transport","outcome":"NOT_APPLICABLE","error_class":null,"domain_error_code":null,"sqlstate":null,"canonical_readback":"NOT_OBSERVED","dropped_events":0}
{"schema_version":1,"timestamp":"2026-10-03T02:16:51.143Z","event":"RPC","request_id":"cfdd1370-20eb-4bbe-92a0-74eabb77f070","correlation_id":"cfdd1370-20eb-4bbe-92a0-74eabb77f070","route":"/api/director/canonical-operations","domain":"ROUND_CONTROL","feature":"DIRECTOR","release":null,"release_source":"UNAVAILABLE","activation":null,"activation_source":"UNAVAILABLE","sha":"cccccccccccccccccccccccccccccccccccccccc","operation_id":null,"mutation_id":null,"job_id":null,"match_id":null,"round":null,"target_count":null,"authority_revision":null,"authority_fingerprint":null,"latency_ms":57.915,"http_status":200,"query_family":"read_certification_operation_v1","phase":"rpc_transport","outcome":"NOT_APPLICABLE","error_class":null,"domain_error_code":null,"sqlstate":null,"canonical_readback":"NOT_OBSERVED","dropped_events":0}
{"schema_version":1,"timestamp":"2026-10-03T02:16:51.158Z","event":"RPC","request_id":"cfdd1370-20eb-4bbe-92a0-74eabb77f070","correlation_id":"cfdd1370-20eb-4bbe-92a0-74eabb77f070","route":"/api/director/canonical-operations","domain":"ROUND_CONTROL","feature":"DIRECTOR","release":null,"release_source":"UNAVAILABLE","activation":null,"activation_source":"UNAVAILABLE","sha":"cccccccccccccccccccccccccccccccccccccccc","operation_id":"e59faba2-6040-4d9c-91c9-77f415ceb3a8","match_id":"2026-R1-6","mutation_id":null,"job_id":null,"round":null,"target_count":null,"authority_revision":null,"authority_fingerprint":null,"latency_ms":14.663,"http_status":200,"query_family":"admit_certification_operation_v1","phase":"rpc_transport","outcome":"COMMITTED","error_class":null,"domain_error_code":null,"sqlstate":null,"canonical_readback":"NOT_OBSERVED","dropped_events":0}
{"schema_version":1,"timestamp":"2026-10-03T02:16:51.188Z","event":"RPC","request_id":"cfdd1370-20eb-4bbe-92a0-74eabb77f070","correlation_id":"cfdd1370-20eb-4bbe-92a0-74eabb77f070","route":"/api/director/canonical-operations","domain":"ROUND_CONTROL","feature":"DIRECTOR","release":null,"release_source":"UNAVAILABLE","activation":null,"activation_source":"UNAVAILABLE","sha":"cccccccccccccccccccccccccccccccccccccccc","operation_id":"e59faba2-6040-4d9c-91c9-77f415ceb3a8","match_id":"2026-R1-6","mutation_id":null,"job_id":null,"round":null,"target_count":null,"authority_revision":null,"authority_fingerprint":null,"latency_ms":30.047,"http_status":200,"query_family":"execute_certification_operation_v1","phase":"rpc_transport","outcome":"COMMITTED","error_class":null,"domain_error_code":null,"sqlstate":null,"canonical_readback":"NOT_OBSERVED","dropped_events":0}
{"schema_version":1,"timestamp":"2026-10-03T02:16:51.198Z","event":"RPC","request_id":"cfdd1370-20eb-4bbe-92a0-74eabb77f070","correlation_id":"cfdd1370-20eb-4bbe-92a0-74eabb77f070","route":"/api/director/canonical-operations","domain":"ROUND_CONTROL","feature":"DIRECTOR","release":null,"release_source":"UNAVAILABLE","activation":null,"activation_source":"UNAVAILABLE","sha":"cccccccccccccccccccccccccccccccccccccccc","operation_id":"e59faba2-6040-4d9c-91c9-77f415ceb3a8","match_id":"2026-R1-6","mutation_id":null,"job_id":null,"round":null,"target_count":null,"authority_revision":null,"authority_fingerprint":null,"latency_ms":9.451,"http_status":200,"query_family":"read_certification_runtime_context_v1","phase":"rpc_transport","outcome":"NOT_APPLICABLE","error_class":null,"domain_error_code":null,"sqlstate":null,"canonical_readback":"NOT_OBSERVED","dropped_events":0}
{"schema_version":1,"timestamp":"2026-10-03T02:16:51.256Z","event":"RPC","request_id":"cfdd1370-20eb-4bbe-92a0-74eabb77f070","correlation_id":"cfdd1370-20eb-4bbe-92a0-74eabb77f070","route":"/api/director/canonical-operations","domain":"ROUND_CONTROL","feature":"DIRECTOR","release":null,"release_source":"UNAVAILABLE","activation":null,"activation_source":"UNAVAILABLE","sha":"cccccccccccccccccccccccccccccccccccccccc","operation_id":"e59faba2-6040-4d9c-91c9-77f415ceb3a8","match_id":"2026-R1-6","mutation_id":null,"job_id":null,"round":null,"target_count":null,"authority_revision":null,"authority_fingerprint":null,"latency_ms":57.378,"http_status":200,"query_family":"read_certification_operation_v1","phase":"rpc_transport","outcome":"NOT_APPLICABLE","error_class":null,"domain_error_code":null,"sqlstate":null,"canonical_readback":"NOT_OBSERVED","dropped_events":0}
{"schema_version":1,"timestamp":"2026-10-03T02:16:51.256Z","event":"REQUEST","request_id":"cfdd1370-20eb-4bbe-92a0-74eabb77f070","correlation_id":"cfdd1370-20eb-4bbe-92a0-74eabb77f070","route":"/api/director/canonical-operations","domain":"DIRECTOR","feature":"DIRECTOR","release":null,"release_source":"UNAVAILABLE","activation":null,"activation_source":"UNAVAILABLE","sha":"cccccccccccccccccccccccccccccccccccccccc","operation_id":"e59faba2-6040-4d9c-91c9-77f415ceb3a8","match_id":"2026-R1-6","mutation_id":null,"job_id":null,"round":null,"target_count":null,"authority_revision":null,"authority_fingerprint":null,"latency_ms":221.758,"http_status":200,"query_family":null,"phase":null,"outcome":"NOT_APPLICABLE","error_class":null,"domain_error_code":null,"sqlstate":null,"canonical_readback":"NOT_OBSERVED","dropped_events":0}
{"schema_version":1,"timestamp":"2026-10-03T02:16:51.276Z","event":"RPC","request_id":"404c1959-0131-4c3e-8e72-9c3feacd620d","correlation_id":"404c1959-0131-4c3e-8e72-9c3feacd620d","route":"/api/director/canonical-operations","domain":"TOURNAMENT_READ","feature":"DIRECTOR","release":null,"release_source":"UNAVAILABLE","activation":null,"activation_source":"UNAVAILABLE","sha":"cccccccccccccccccccccccccccccccccccccccc","operation_id":null,"mutation_id":null,"job_id":null,"match_id":null,"round":null,"target_count":null,"authority_revision":null,"authority_fingerprint":null,"latency_ms":9.828,"http_status":200,"query_family":"read_certification_runtime_context_v1","phase":"rpc_transport","outcome":"NOT_APPLICABLE","error_class":null,"domain_error_code":null,"sqlstate":null,"canonical_readback":"NOT_OBSERVED","dropped_events":0}
{"schema_version":1,"timestamp":"2026-10-03T02:16:51.286Z","event":"RPC","request_id":"404c1959-0131-4c3e-8e72-9c3feacd620d","correlation_id":"404c1959-0131-4c3e-8e72-9c3feacd620d","route":"/api/director/canonical-operations","domain":"TOURNAMENT_READ","feature":"DIRECTOR","release":null,"release_source":"UNAVAILABLE","activation":null,"activation_source":"UNAVAILABLE","sha":"cccccccccccccccccccccccccccccccccccccccc","operation_id":null,"mutation_id":null,"job_id":null,"match_id":null,"round":null,"target_count":null,"authority_revision":null,"authority_fingerprint":null,"latency_ms":9.396,"http_status":200,"query_family":"read_certification_runtime_context_v1","phase":"rpc_transport","outcome":"NOT_APPLICABLE","error_class":null,"domain_error_code":null,"sqlstate":null,"canonical_readback":"NOT_OBSERVED","dropped_events":0}
{"schema_version":1,"timestamp":"2026-10-03T02:16:51.298Z","event":"RPC","request_id":"404c1959-0131-4c3e-8e72-9c3feacd620d","correlation_id":"404c1959-0131-4c3e-8e72-9c3feacd620d","route":"/api/director/canonical-operations","domain":"TOURNAMENT_READ","feature":"DIRECTOR","release":null,"release_source":"UNAVAILABLE","activation":null,"activation_source":"UNAVAILABLE","sha":"cccccccccccccccccccccccccccccccccccccccc","operation_id":null,"mutation_id":null,"job_id":null,"match_id":null,"round":null,"target_count":null,"authority_revision":null,"authority_fingerprint":null,"latency_ms":11.609,"http_status":200,"query_family":"read_certification_projection_v1","phase":"rpc_transport","outcome":"NOT_APPLICABLE","error_class":null,"domain_error_code":null,"sqlstate":null,"canonical_readback":"NOT_OBSERVED","dropped_events":0}
{"schema_version":1,"timestamp":"2026-10-03T02:16:51.308Z","event":"RPC","request_id":"404c1959-0131-4c3e-8e72-9c3feacd620d","correlation_id":"404c1959-0131-4c3e-8e72-9c3feacd620d","route":"/api/director/canonical-operations","domain":"ROUND_CONTROL","feature":"DIRECTOR","release":null,"release_source":"UNAVAILABLE","activation":null,"activation_source":"UNAVAILABLE","sha":"cccccccccccccccccccccccccccccccccccccccc","operation_id":null,"mutation_id":null,"job_id":null,"match_id":null,"round":null,"target_count":null,"authority_revision":null,"authority_fingerprint":null,"latency_ms":9.558,"http_status":200,"query_family":"read_certification_runtime_context_v1","phase":"rpc_transport","outcome":"NOT_APPLICABLE","error_class":null,"domain_error_code":null,"sqlstate":null,"canonical_readback":"NOT_OBSERVED","dropped_events":0}
{"schema_version":1,"timestamp":"2026-10-03T02:16:51.317Z","event":"RPC","request_id":"404c1959-0131-4c3e-8e72-9c3feacd620d","correlation_id":"404c1959-0131-4c3e-8e72-9c3feacd620d","route":"/api/director/canonical-operations","domain":"ROUND_CONTROL","feature":"DIRECTOR","release":null,"release_source":"UNAVAILABLE","activation":null,"activation_source":"UNAVAILABLE","sha":"cccccccccccccccccccccccccccccccccccccccc","operation_id":null,"mutation_id":null,"job_id":null,"match_id":null,"round":null,"target_count":null,"authority_revision":null,"authority_fingerprint":null,"latency_ms":8.852,"http_status":200,"query_family":"read_certification_runtime_context_v1","phase":"rpc_transport","outcome":"NOT_APPLICABLE","error_class":null,"domain_error_code":null,"sqlstate":null,"canonical_readback":"NOT_OBSERVED","dropped_events":0}
{"schema_version":1,"timestamp":"2026-10-03T02:16:51.383Z","event":"RPC","request_id":"404c1959-0131-4c3e-8e72-9c3feacd620d","correlation_id":"404c1959-0131-4c3e-8e72-9c3feacd620d","route":"/api/director/canonical-operations","domain":"ROUND_CONTROL","feature":"DIRECTOR","release":null,"release_source":"UNAVAILABLE","activation":null,"activation_source":"UNAVAILABLE","sha":"cccccccccccccccccccccccccccccccccccccccc","operation_id":null,"mutation_id":null,"job_id":null,"match_id":null,"round":null,"target_count":null,"authority_revision":null,"authority_fingerprint":null,"latency_ms":66.518,"http_status":200,"query_family":"read_certification_operation_v1","phase":"rpc_transport","outcome":"NOT_APPLICABLE","error_class":null,"domain_error_code":null,"sqlstate":null,"canonical_readback":"NOT_OBSERVED","dropped_events":0}
{"schema_version":1,"timestamp":"2026-10-03T02:16:51.409Z","event":"RPC","request_id":"404c1959-0131-4c3e-8e72-9c3feacd620d","correlation_id":"404c1959-0131-4c3e-8e72-9c3feacd620d","route":"/api/director/canonical-operations","domain":"ROUND_CONTROL","feature":"DIRECTOR","release":null,"release_source":"UNAVAILABLE","activation":null,"activation_source":"UNAVAILABLE","sha":"cccccccccccccccccccccccccccccccccccccccc","operation_id":"c3e58f06-174a-4325-90dd-7233530123c7","match_id":"2026-R1-6","mutation_id":null,"job_id":null,"round":null,"target_count":null,"authority_revision":null,"authority_fingerprint":null,"latency_ms":25.172,"http_status":200,"query_family":"admit_certification_operation_v1","phase":"rpc_transport","outcome":"COMMITTED","error_class":null,"domain_error_code":null,"sqlstate":null,"canonical_readback":"NOT_OBSERVED","dropped_events":0}
{"schema_version":1,"timestamp":"2026-10-03T02:16:51.445Z","event":"RPC","request_id":"404c1959-0131-4c3e-8e72-9c3feacd620d","correlation_id":"404c1959-0131-4c3e-8e72-9c3feacd620d","route":"/api/director/canonical-operations","domain":"ROUND_CONTROL","feature":"DIRECTOR","release":null,"release_source":"UNAVAILABLE","activation":null,"activation_source":"UNAVAILABLE","sha":"cccccccccccccccccccccccccccccccccccccccc","operation_id":"c3e58f06-174a-4325-90dd-7233530123c7","match_id":"2026-R1-6","mutation_id":null,"job_id":null,"round":null,"target_count":null,"authority_revision":null,"authority_fingerprint":null,"latency_ms":35.649,"http_status":200,"query_family":"execute_certification_operation_v1","phase":"rpc_transport","outcome":"COMMITTED","error_class":null,"domain_error_code":null,"sqlstate":null,"canonical_readback":"NOT_OBSERVED","dropped_events":0}
{"schema_version":1,"timestamp":"2026-10-03T02:16:51.462Z","event":"RPC","request_id":"404c1959-0131-4c3e-8e72-9c3feacd620d","correlation_id":"404c1959-0131-4c3e-8e72-9c3feacd620d","route":"/api/director/canonical-operations","domain":"ROUND_CONTROL","feature":"DIRECTOR","release":null,"release_source":"UNAVAILABLE","activation":null,"activation_source":"UNAVAILABLE","sha":"cccccccccccccccccccccccccccccccccccccccc","operation_id":"c3e58f06-174a-4325-90dd-7233530123c7","match_id":"2026-R1-6","mutation_id":null,"job_id":null,"round":null,"target_count":null,"authority_revision":null,"authority_fingerprint":null,"latency_ms":16.04,"http_status":200,"query_family":"read_certification_runtime_context_v1","phase":"rpc_transport","outcome":"NOT_APPLICABLE","error_class":null,"domain_error_code":null,"sqlstate":null,"canonical_readback":"NOT_OBSERVED","dropped_events":0}
{"schema_version":1,"timestamp":"2026-10-03T02:16:51.542Z","event":"RPC","request_id":"404c1959-0131-4c3e-8e72-9c3feacd620d","correlation_id":"404c1959-0131-4c3e-8e72-9c3feacd620d","route":"/api/director/canonical-operations","domain":"ROUND_CONTROL","feature":"DIRECTOR","release":null,"release_source":"UNAVAILABLE","activation":null,"activation_source":"UNAVAILABLE","sha":"cccccccccccccccccccccccccccccccccccccccc","operation_id":"c3e58f06-174a-4325-90dd-7233530123c7","match_id":"2026-R1-6","mutation_id":null,"job_id":null,"round":null,"target_count":null,"authority_revision":null,"authority_fingerprint":null,"latency_ms":79.838,"http_status":200,"query_family":"read_certification_operation_v1","phase":"rpc_transport","outcome":"NOT_APPLICABLE","error_class":null,"domain_error_code":null,"sqlstate":null,"canonical_readback":"NOT_OBSERVED","dropped_events":0}
{"schema_version":1,"timestamp":"2026-10-03T02:16:51.542Z","event":"REQUEST","request_id":"404c1959-0131-4c3e-8e72-9c3feacd620d","correlation_id":"404c1959-0131-4c3e-8e72-9c3feacd620d","route":"/api/director/canonical-operations","domain":"DIRECTOR","feature":"DIRECTOR","release":null,"release_source":"UNAVAILABLE","activation":null,"activation_source":"UNAVAILABLE","sha":"cccccccccccccccccccccccccccccccccccccccc","operation_id":"c3e58f06-174a-4325-90dd-7233530123c7","match_id":"2026-R1-6","mutation_id":null,"job_id":null,"round":null,"target_count":null,"authority_revision":null,"authority_fingerprint":null,"latency_ms":277.153,"http_status":200,"query_family":null,"phase":null,"outcome":"NOT_APPLICABLE","error_class":null,"domain_error_code":null,"sqlstate":null,"canonical_readback":"NOT_OBSERVED","dropped_events":0}
{"schema_version":1,"timestamp":"2026-10-03T02:16:51.571Z","event":"RPC","request_id":"8416e055-3e8f-445b-923b-a0e4cd85ae2f","correlation_id":"8416e055-3e8f-445b-923b-a0e4cd85ae2f","route":"/api/director/canonical-operations","domain":"TOURNAMENT_READ","feature":"DIRECTOR","release":null,"release_source":"UNAVAILABLE","activation":null,"activation_source":"UNAVAILABLE","sha":"cccccccccccccccccccccccccccccccccccccccc","operation_id":null,"mutation_id":null,"job_id":null,"match_id":null,"round":null,"target_count":null,"authority_revision":null,"authority_fingerprint":null,"latency_ms":13.791,"http_status":200,"query_family":"read_certification_runtime_context_v1","phase":"rpc_transport","outcome":"NOT_APPLICABLE","error_class":null,"domain_error_code":null,"sqlstate":null,"canonical_readback":"NOT_OBSERVED","dropped_events":0}
{"schema_version":1,"timestamp":"2026-10-03T02:16:51.583Z","event":"RPC","request_id":"8416e055-3e8f-445b-923b-a0e4cd85ae2f","correlation_id":"8416e055-3e8f-445b-923b-a0e4cd85ae2f","route":"/api/director/canonical-operations","domain":"TOURNAMENT_READ","feature":"DIRECTOR","release":null,"release_source":"UNAVAILABLE","activation":null,"activation_source":"UNAVAILABLE","sha":"cccccccccccccccccccccccccccccccccccccccc","operation_id":null,"mutation_id":null,"job_id":null,"match_id":null,"round":null,"target_count":null,"authority_revision":null,"authority_fingerprint":null,"latency_ms":11.313,"http_status":200,"query_family":"read_certification_runtime_context_v1","phase":"rpc_transport","outcome":"NOT_APPLICABLE","error_class":null,"domain_error_code":null,"sqlstate":null,"canonical_readback":"NOT_OBSERVED","dropped_events":0}
{"schema_version":1,"timestamp":"2026-10-03T02:16:51.598Z","event":"RPC","request_id":"8416e055-3e8f-445b-923b-a0e4cd85ae2f","correlation_id":"8416e055-3e8f-445b-923b-a0e4cd85ae2f","route":"/api/director/canonical-operations","domain":"TOURNAMENT_READ","feature":"DIRECTOR","release":null,"release_source":"UNAVAILABLE","activation":null,"activation_source":"UNAVAILABLE","sha":"cccccccccccccccccccccccccccccccccccccccc","operation_id":null,"mutation_id":null,"job_id":null,"match_id":null,"round":null,"target_count":null,"authority_revision":null,"authority_fingerprint":null,"latency_ms":14.23,"http_status":200,"query_family":"read_certification_projection_v1","phase":"rpc_transport","outcome":"NOT_APPLICABLE","error_class":null,"domain_error_code":null,"sqlstate":null,"canonical_readback":"NOT_OBSERVED","dropped_events":0}
{"schema_version":1,"timestamp":"2026-10-03T02:16:51.609Z","event":"RPC","request_id":"8416e055-3e8f-445b-923b-a0e4cd85ae2f","correlation_id":"8416e055-3e8f-445b-923b-a0e4cd85ae2f","route":"/api/director/canonical-operations","domain":"ROUND_CONTROL","feature":"DIRECTOR","release":null,"release_source":"UNAVAILABLE","activation":null,"activation_source":"UNAVAILABLE","sha":"cccccccccccccccccccccccccccccccccccccccc","operation_id":null,"mutation_id":null,"job_id":null,"match_id":null,"round":null,"target_count":null,"authority_revision":null,"authority_fingerprint":null,"latency_ms":11.021,"http_status":200,"query_family":"read_certification_runtime_context_v1","phase":"rpc_transport","outcome":"NOT_APPLICABLE","error_class":null,"domain_error_code":null,"sqlstate":null,"canonical_readback":"NOT_OBSERVED","dropped_events":0}
{"schema_version":1,"timestamp":"2026-10-03T02:16:51.620Z","event":"RPC","request_id":"8416e055-3e8f-445b-923b-a0e4cd85ae2f","correlation_id":"8416e055-3e8f-445b-923b-a0e4cd85ae2f","route":"/api/director/canonical-operations","domain":"ROUND_CONTROL","feature":"DIRECTOR","release":null,"release_source":"UNAVAILABLE","activation":null,"activation_source":"UNAVAILABLE","sha":"cccccccccccccccccccccccccccccccccccccccc","operation_id":null,"mutation_id":null,"job_id":null,"match_id":null,"round":null,"target_count":null,"authority_revision":null,"authority_fingerprint":null,"latency_ms":10.312,"http_status":200,"query_family":"read_certification_runtime_context_v1","phase":"rpc_transport","outcome":"NOT_APPLICABLE","error_class":null,"domain_error_code":null,"sqlstate":null,"canonical_readback":"NOT_OBSERVED","dropped_events":0}
{"schema_version":1,"timestamp":"2026-10-03T02:16:51.696Z","event":"RPC","request_id":"8416e055-3e8f-445b-923b-a0e4cd85ae2f","correlation_id":"8416e055-3e8f-445b-923b-a0e4cd85ae2f","route":"/api/director/canonical-operations","domain":"ROUND_CONTROL","feature":"DIRECTOR","release":null,"release_source":"UNAVAILABLE","activation":null,"activation_source":"UNAVAILABLE","sha":"cccccccccccccccccccccccccccccccccccccccc","operation_id":null,"mutation_id":null,"job_id":null,"match_id":null,"round":null,"target_count":null,"authority_revision":null,"authority_fingerprint":null,"latency_ms":76.262,"http_status":200,"query_family":"read_certification_operation_v1","phase":"rpc_transport","outcome":"NOT_APPLICABLE","error_class":null,"domain_error_code":null,"sqlstate":null,"canonical_readback":"NOT_OBSERVED","dropped_events":0}
{"schema_version":1,"timestamp":"2026-10-03T02:16:51.712Z","event":"RPC","request_id":"8416e055-3e8f-445b-923b-a0e4cd85ae2f","correlation_id":"8416e055-3e8f-445b-923b-a0e4cd85ae2f","route":"/api/director/canonical-operations","domain":"ROUND_CONTROL","feature":"DIRECTOR","release":null,"release_source":"UNAVAILABLE","activation":null,"activation_source":"UNAVAILABLE","sha":"cccccccccccccccccccccccccccccccccccccccc","operation_id":"9cc90f5d-411b-4e9e-b07d-ff8275021560","match_id":"2026-R1-6","mutation_id":null,"job_id":null,"round":null,"target_count":null,"authority_revision":null,"authority_fingerprint":null,"latency_ms":15.057,"http_status":200,"query_family":"admit_certification_operation_v1","phase":"rpc_transport","outcome":"COMMITTED","error_class":null,"domain_error_code":null,"sqlstate":null,"canonical_readback":"NOT_OBSERVED","dropped_events":0}
{"schema_version":1,"timestamp":"2026-10-03T02:16:51.737Z","event":"RPC","request_id":"8416e055-3e8f-445b-923b-a0e4cd85ae2f","correlation_id":"8416e055-3e8f-445b-923b-a0e4cd85ae2f","route":"/api/director/canonical-operations","domain":"ROUND_CONTROL","feature":"DIRECTOR","release":null,"release_source":"UNAVAILABLE","activation":null,"activation_source":"UNAVAILABLE","sha":"cccccccccccccccccccccccccccccccccccccccc","operation_id":"9cc90f5d-411b-4e9e-b07d-ff8275021560","match_id":"2026-R1-6","mutation_id":null,"job_id":null,"round":null,"target_count":null,"authority_revision":null,"authority_fingerprint":null,"latency_ms":25.228,"http_status":200,"query_family":"execute_certification_operation_v1","phase":"rpc_transport","outcome":"COMMITTED","error_class":null,"domain_error_code":null,"sqlstate":null,"canonical_readback":"NOT_OBSERVED","dropped_events":0}
{"schema_version":1,"timestamp":"2026-10-03T02:16:51.748Z","event":"RPC","request_id":"8416e055-3e8f-445b-923b-a0e4cd85ae2f","correlation_id":"8416e055-3e8f-445b-923b-a0e4cd85ae2f","route":"/api/director/canonical-operations","domain":"ROUND_CONTROL","feature":"DIRECTOR","release":null,"release_source":"UNAVAILABLE","activation":null,"activation_source":"UNAVAILABLE","sha":"cccccccccccccccccccccccccccccccccccccccc","operation_id":"9cc90f5d-411b-4e9e-b07d-ff8275021560","match_id":"2026-R1-6","mutation_id":null,"job_id":null,"round":null,"target_count":null,"authority_revision":null,"authority_fingerprint":null,"latency_ms":10.336,"http_status":200,"query_family":"read_certification_runtime_context_v1","phase":"rpc_transport","outcome":"NOT_APPLICABLE","error_class":null,"domain_error_code":null,"sqlstate":null,"canonical_readback":"NOT_OBSERVED","dropped_events":0}
{"schema_version":1,"timestamp":"2026-10-03T02:16:51.810Z","event":"RPC","request_id":"8416e055-3e8f-445b-923b-a0e4cd85ae2f","correlation_id":"8416e055-3e8f-445b-923b-a0e4cd85ae2f","route":"/api/director/canonical-operations","domain":"ROUND_CONTROL","feature":"DIRECTOR","release":null,"release_source":"UNAVAILABLE","activation":null,"activation_source":"UNAVAILABLE","sha":"cccccccccccccccccccccccccccccccccccccccc","operation_id":"9cc90f5d-411b-4e9e-b07d-ff8275021560","match_id":"2026-R1-6","mutation_id":null,"job_id":null,"round":null,"target_count":null,"authority_revision":null,"authority_fingerprint":null,"latency_ms":61.405,"http_status":200,"query_family":"read_certification_operation_v1","phase":"rpc_transport","outcome":"NOT_APPLICABLE","error_class":null,"domain_error_code":null,"sqlstate":null,"canonical_readback":"NOT_OBSERVED","dropped_events":0}
{"schema_version":1,"timestamp":"2026-10-03T02:16:51.810Z","event":"REQUEST","request_id":"8416e055-3e8f-445b-923b-a0e4cd85ae2f","correlation_id":"8416e055-3e8f-445b-923b-a0e4cd85ae2f","route":"/api/director/canonical-operations","domain":"DIRECTOR","feature":"DIRECTOR","release":null,"release_source":"UNAVAILABLE","activation":null,"activation_source":"UNAVAILABLE","sha":"cccccccccccccccccccccccccccccccccccccccc","operation_id":"9cc90f5d-411b-4e9e-b07d-ff8275021560","match_id":"2026-R1-6","mutation_id":null,"job_id":null,"round":null,"target_count":null,"authority_revision":null,"authority_fingerprint":null,"latency_ms":253.975,"http_status":200,"query_family":null,"phase":null,"outcome":"NOT_APPLICABLE","error_class":null,"domain_error_code":null,"sqlstate":null,"canonical_readback":"NOT_OBSERVED","dropped_events":0}
{"schema_version":1,"timestamp":"2026-10-03T02:16:51.845Z","event":"RPC","request_id":"64cafe93-6089-4771-b134-86c2369e4bbe","correlation_id":"64cafe93-6089-4771-b134-86c2369e4bbe","route":"/api/scoring/current","domain":"TOURNAMENT_READ","feature":"SCORING","release":null,"release_source":"UNAVAILABLE","activation":null,"activation_source":"UNAVAILABLE","sha":"cccccccccccccccccccccccccccccccccccccccc","operation_id":null,"mutation_id":null,"job_id":null,"match_id":null,"round":null,"target_count":null,"authority_revision":null,"authority_fingerprint":null,"latency_ms":11.132,"http_status":200,"query_family":"read_certification_runtime_context_v1","phase":"rpc_transport","outcome":"NOT_APPLICABLE","error_class":null,"domain_error_code":null,"sqlstate":null,"canonical_readback":"NOT_OBSERVED","dropped_events":0}
{"schema_version":1,"timestamp":"2026-10-03T02:16:51.858Z","event":"RPC","request_id":"64cafe93-6089-4771-b134-86c2369e4bbe","correlation_id":"64cafe93-6089-4771-b134-86c2369e4bbe","route":"/api/scoring/current","domain":"TOURNAMENT_READ","feature":"SCORING","release":null,"release_source":"UNAVAILABLE","activation":null,"activation_source":"UNAVAILABLE","sha":"cccccccccccccccccccccccccccccccccccccccc","operation_id":null,"mutation_id":null,"job_id":null,"match_id":null,"round":null,"target_count":null,"authority_revision":null,"authority_fingerprint":null,"latency_ms":12.913,"http_status":200,"query_family":"read_certification_projection_v1","phase":"rpc_transport","outcome":"NOT_APPLICABLE","error_class":null,"domain_error_code":null,"sqlstate":null,"canonical_readback":"NOT_OBSERVED","dropped_events":0}
{"schema_version":1,"timestamp":"2026-10-03T02:16:51.868Z","event":"RPC","request_id":"64cafe93-6089-4771-b134-86c2369e4bbe","correlation_id":"64cafe93-6089-4771-b134-86c2369e4bbe","route":"/api/scoring/current","domain":"TOURNAMENT_READ","feature":"SCORING","release":null,"release_source":"UNAVAILABLE","activation":null,"activation_source":"UNAVAILABLE","sha":"cccccccccccccccccccccccccccccccccccccccc","operation_id":null,"mutation_id":null,"job_id":null,"match_id":null,"round":null,"target_count":null,"authority_revision":null,"authority_fingerprint":null,"latency_ms":9.693,"http_status":200,"query_family":"read_certification_runtime_context_v1","phase":"rpc_transport","outcome":"NOT_APPLICABLE","error_class":null,"domain_error_code":null,"sqlstate":null,"canonical_readback":"NOT_OBSERVED","dropped_events":0}
{"schema_version":1,"timestamp":"2026-10-03T02:16:51.880Z","event":"RPC","request_id":"64cafe93-6089-4771-b134-86c2369e4bbe","correlation_id":"64cafe93-6089-4771-b134-86c2369e4bbe","route":"/api/scoring/current","domain":"TOURNAMENT_READ","feature":"SCORING","release":null,"release_source":"UNAVAILABLE","activation":null,"activation_source":"UNAVAILABLE","sha":"cccccccccccccccccccccccccccccccccccccccc","operation_id":null,"mutation_id":null,"job_id":null,"match_id":"2026-R1-6","round":null,"target_count":null,"authority_revision":null,"authority_fingerprint":null,"latency_ms":12.02,"http_status":200,"query_family":"read_certification_operation_v1","phase":"rpc_transport","outcome":"NOT_APPLICABLE","error_class":null,"domain_error_code":null,"sqlstate":null,"canonical_readback":"NOT_OBSERVED","dropped_events":0}
{"schema_version":1,"timestamp":"2026-10-03T02:16:51.880Z","event":"PHASE","request_id":"64cafe93-6089-4771-b134-86c2369e4bbe","correlation_id":"64cafe93-6089-4771-b134-86c2369e4bbe","route":"/api/scoring/current","domain":"AUTHORIZATION","feature":"SCORING","release":null,"release_source":"UNAVAILABLE","activation":null,"activation_source":"UNAVAILABLE","sha":"cccccccccccccccccccccccccccccccccccccccc","operation_id":null,"mutation_id":null,"job_id":null,"match_id":null,"round":null,"target_count":null,"authority_revision":null,"authority_fingerprint":null,"latency_ms":49,"http_status":null,"query_family":null,"phase":"authorization","outcome":"NOT_APPLICABLE","error_class":null,"domain_error_code":null,"sqlstate":null,"canonical_readback":"NOT_OBSERVED","dropped_events":0}
{"schema_version":1,"timestamp":"2026-10-03T02:16:51.891Z","event":"RPC","request_id":"64cafe93-6089-4771-b134-86c2369e4bbe","correlation_id":"64cafe93-6089-4771-b134-86c2369e4bbe","route":"/api/scoring/current","domain":"TOURNAMENT_READ","feature":"SCORING","release":null,"release_source":"UNAVAILABLE","activation":null,"activation_source":"UNAVAILABLE","sha":"cccccccccccccccccccccccccccccccccccccccc","mutation_id":"b8575ea9-82d7-4558-a22a-56e35f39ff91","match_id":"2026-R1-6","operation_id":null,"job_id":null,"round":null,"target_count":null,"authority_revision":null,"authority_fingerprint":null,"latency_ms":9.942,"http_status":200,"query_family":"read_certification_runtime_context_v1","phase":"rpc_transport","outcome":"NOT_APPLICABLE","error_class":null,"domain_error_code":null,"sqlstate":null,"canonical_readback":"NOT_OBSERVED","dropped_events":0}
{"schema_version":1,"timestamp":"2026-10-03T02:16:51.902Z","event":"RPC","request_id":"64cafe93-6089-4771-b134-86c2369e4bbe","correlation_id":"64cafe93-6089-4771-b134-86c2369e4bbe","route":"/api/scoring/current","domain":"TOURNAMENT_READ","feature":"SCORING","release":null,"release_source":"UNAVAILABLE","activation":null,"activation_source":"UNAVAILABLE","sha":"cccccccccccccccccccccccccccccccccccccccc","mutation_id":"b8575ea9-82d7-4558-a22a-56e35f39ff91","match_id":"2026-R1-6","operation_id":null,"job_id":null,"round":null,"target_count":null,"authority_revision":null,"authority_fingerprint":null,"latency_ms":10.747,"http_status":200,"query_family":"read_certification_operation_v1","phase":"rpc_transport","outcome":"NOT_APPLICABLE","error_class":null,"domain_error_code":null,"sqlstate":null,"canonical_readback":"NOT_OBSERVED","dropped_events":0}
{"schema_version":1,"timestamp":"2026-10-03T02:16:51.902Z","event":"PHASE","request_id":"64cafe93-6089-4771-b134-86c2369e4bbe","correlation_id":"64cafe93-6089-4771-b134-86c2369e4bbe","route":"/api/scoring/current","domain":"SCORING","feature":"SCORING","release":null,"release_source":"UNAVAILABLE","activation":null,"activation_source":"UNAVAILABLE","sha":"cccccccccccccccccccccccccccccccccccccccc","mutation_id":"b8575ea9-82d7-4558-a22a-56e35f39ff91","match_id":"2026-R1-6","operation_id":null,"job_id":null,"round":null,"target_count":null,"authority_revision":null,"authority_fingerprint":null,"latency_ms":21.103,"http_status":null,"query_family":null,"phase":"scoring_context","outcome":"NOT_APPLICABLE","error_class":null,"domain_error_code":null,"sqlstate":null,"canonical_readback":"NOT_OBSERVED","dropped_events":0}
{"schema_version":1,"timestamp":"2026-10-03T02:16:51.912Z","event":"RPC","request_id":"64cafe93-6089-4771-b134-86c2369e4bbe","correlation_id":"64cafe93-6089-4771-b134-86c2369e4bbe","route":"/api/scoring/current","domain":"SCORING","feature":"SCORING","release":null,"release_source":"UNAVAILABLE","activation":null,"activation_source":"UNAVAILABLE","sha":"cccccccccccccccccccccccccccccccccccccccc","mutation_id":"b8575ea9-82d7-4558-a22a-56e35f39ff91","match_id":"2026-R1-6","operation_id":null,"job_id":null,"round":null,"target_count":null,"authority_revision":null,"authority_fingerprint":null,"latency_ms":9.339,"http_status":200,"query_family":"read_certification_runtime_context_v1","phase":"rpc_transport","outcome":"NOT_APPLICABLE","error_class":null,"domain_error_code":null,"sqlstate":null,"canonical_readback":"NOT_OBSERVED","dropped_events":0}
{"schema_version":1,"timestamp":"2026-10-03T02:16:51.925Z","event":"RPC","request_id":"64cafe93-6089-4771-b134-86c2369e4bbe","correlation_id":"64cafe93-6089-4771-b134-86c2369e4bbe","route":"/api/scoring/current","domain":"SCORING","feature":"SCORING","release":null,"release_source":"UNAVAILABLE","activation":null,"activation_source":"UNAVAILABLE","sha":"cccccccccccccccccccccccccccccccccccccccc","mutation_id":"b8575ea9-82d7-4558-a22a-56e35f39ff91","match_id":"2026-R1-6","operation_id":"b8575ea9-82d7-4558-a22a-56e35f39ff91","job_id":null,"round":null,"target_count":null,"authority_revision":null,"authority_fingerprint":null,"latency_ms":13.641,"http_status":200,"query_family":"admit_certification_operation_v1","phase":"rpc_transport","outcome":"COMMITTED","error_class":null,"domain_error_code":null,"sqlstate":null,"canonical_readback":"NOT_OBSERVED","dropped_events":0}
{"schema_version":1,"timestamp":"2026-10-03T02:16:51.947Z","event":"RPC","request_id":"64cafe93-6089-4771-b134-86c2369e4bbe","correlation_id":"64cafe93-6089-4771-b134-86c2369e4bbe","route":"/api/scoring/current","domain":"SCORING","feature":"SCORING","release":null,"release_source":"UNAVAILABLE","activation":null,"activation_source":"UNAVAILABLE","sha":"cccccccccccccccccccccccccccccccccccccccc","mutation_id":"b8575ea9-82d7-4558-a22a-56e35f39ff91","match_id":"2026-R1-6","operation_id":"b8575ea9-82d7-4558-a22a-56e35f39ff91","job_id":null,"round":null,"target_count":null,"authority_revision":null,"authority_fingerprint":null,"latency_ms":21.861,"http_status":200,"query_family":"execute_certification_operation_v1","phase":"rpc_transport","outcome":"COMMITTED","error_class":null,"domain_error_code":null,"sqlstate":null,"canonical_readback":"NOT_OBSERVED","dropped_events":0}
{"schema_version":1,"timestamp":"2026-10-03T02:16:51.947Z","event":"OUTCOME","request_id":"64cafe93-6089-4771-b134-86c2369e4bbe","correlation_id":"64cafe93-6089-4771-b134-86c2369e4bbe","route":"/api/scoring/current","domain":"SCORING","feature":"SCORING","release":null,"release_source":"UNAVAILABLE","activation":null,"activation_source":"UNAVAILABLE","sha":"cccccccccccccccccccccccccccccccccccccccc","mutation_id":"b8575ea9-82d7-4558-a22a-56e35f39ff91","match_id":"2026-R1-6","operation_id":"b8575ea9-82d7-4558-a22a-56e35f39ff91","job_id":null,"round":null,"target_count":null,"authority_revision":null,"authority_fingerprint":null,"latency_ms":null,"http_status":null,"query_family":null,"phase":"score_acknowledgement","outcome":"COMMITTED","error_class":null,"domain_error_code":null,"sqlstate":null,"canonical_readback":"NOT_OBSERVED","dropped_events":0}
{"schema_version":1,"timestamp":"2026-10-03T02:16:51.948Z","event":"REQUEST","request_id":"64cafe93-6089-4771-b134-86c2369e4bbe","correlation_id":"64cafe93-6089-4771-b134-86c2369e4bbe","route":"/api/scoring/current","domain":"SCORING","feature":"SCORING","release":null,"release_source":"UNAVAILABLE","activation":null,"activation_source":"UNAVAILABLE","sha":"cccccccccccccccccccccccccccccccccccccccc","mutation_id":"b8575ea9-82d7-4558-a22a-56e35f39ff91","match_id":"2026-R1-6","operation_id":"b8575ea9-82d7-4558-a22a-56e35f39ff91","job_id":null,"round":null,"target_count":null,"authority_revision":null,"authority_fingerprint":null,"latency_ms":116.349,"http_status":200,"query_family":null,"phase":null,"outcome":"NOT_APPLICABLE","error_class":null,"domain_error_code":null,"sqlstate":null,"canonical_readback":"NOT_OBSERVED","dropped_events":0}
{"schema_version":1,"timestamp":"2026-10-03T02:16:51.969Z","event":"RPC","request_id":"64cafe93-6089-4771-b134-86c2369e4bbe","correlation_id":"64cafe93-6089-4771-b134-86c2369e4bbe","route":"/api/scoring/current","domain":"TOURNAMENT_READ","feature":"SCORING","release":null,"release_source":"UNAVAILABLE","activation":null,"activation_source":"UNAVAILABLE","sha":"cccccccccccccccccccccccccccccccccccccccc","mutation_id":"b8575ea9-82d7-4558-a22a-56e35f39ff91","match_id":"2026-R1-6","operation_id":"b8575ea9-82d7-4558-a22a-56e35f39ff91","job_id":null,"round":null,"target_count":null,"authority_revision":null,"authority_fingerprint":null,"latency_ms":20.151,"http_status":200,"query_family":"read_certification_runtime_context_v1","phase":"rpc_transport","outcome":"NOT_APPLICABLE","error_class":null,"domain_error_code":null,"sqlstate":null,"canonical_readback":"NOT_OBSERVED","dropped_events":0}
{"schema_version":1,"timestamp":"2026-10-03T02:16:51.969Z","event":"RPC","request_id":"64cafe93-6089-4771-b134-86c2369e4bbe","correlation_id":"64cafe93-6089-4771-b134-86c2369e4bbe","route":"/api/scoring/current","domain":"TOURNAMENT_READ","feature":"SCORING","release":null,"release_source":"UNAVAILABLE","activation":null,"activation_source":"UNAVAILABLE","sha":"cccccccccccccccccccccccccccccccccccccccc","mutation_id":"b8575ea9-82d7-4558-a22a-56e35f39ff91","match_id":"2026-R1-6","operation_id":"b8575ea9-82d7-4558-a22a-56e35f39ff91","job_id":null,"round":null,"target_count":null,"authority_revision":null,"authority_fingerprint":null,"latency_ms":10.061,"http_status":200,"query_family":"read_certification_runtime_context_v1","phase":"rpc_transport","outcome":"NOT_APPLICABLE","error_class":null,"domain_error_code":null,"sqlstate":null,"canonical_readback":"NOT_OBSERVED","dropped_events":0}
{"schema_version":1,"timestamp":"2026-10-03T02:16:51.987Z","event":"RPC","request_id":"64cafe93-6089-4771-b134-86c2369e4bbe","correlation_id":"64cafe93-6089-4771-b134-86c2369e4bbe","route":"/api/scoring/current","domain":"TOURNAMENT_READ","feature":"SCORING","release":null,"release_source":"UNAVAILABLE","activation":null,"activation_source":"UNAVAILABLE","sha":"cccccccccccccccccccccccccccccccccccccccc","mutation_id":"b8575ea9-82d7-4558-a22a-56e35f39ff91","match_id":"2026-R1-6","operation_id":"b8575ea9-82d7-4558-a22a-56e35f39ff91","job_id":null,"round":null,"target_count":null,"authority_revision":null,"authority_fingerprint":null,"latency_ms":18.536,"http_status":200,"query_family":"read_certification_runtime_context_v1","phase":"rpc_transport","outcome":"NOT_APPLICABLE","error_class":null,"domain_error_code":null,"sqlstate":null,"canonical_readback":"NOT_OBSERVED","dropped_events":0}
{"schema_version":1,"timestamp":"2026-10-03T02:16:51.987Z","event":"RPC","request_id":"64cafe93-6089-4771-b134-86c2369e4bbe","correlation_id":"64cafe93-6089-4771-b134-86c2369e4bbe","route":"/api/scoring/current","domain":"TOURNAMENT_READ","feature":"SCORING","release":null,"release_source":"UNAVAILABLE","activation":null,"activation_source":"UNAVAILABLE","sha":"cccccccccccccccccccccccccccccccccccccccc","mutation_id":"b8575ea9-82d7-4558-a22a-56e35f39ff91","match_id":"2026-R1-6","operation_id":"b8575ea9-82d7-4558-a22a-56e35f39ff91","job_id":null,"round":null,"target_count":null,"authority_revision":null,"authority_fingerprint":null,"latency_ms":9.019,"http_status":200,"query_family":"read_certification_runtime_context_v1","phase":"rpc_transport","outcome":"NOT_APPLICABLE","error_class":null,"domain_error_code":null,"sqlstate":null,"canonical_readback":"NOT_OBSERVED","dropped_events":0}
{"schema_version":1,"timestamp":"2026-10-03T02:16:52.016Z","event":"RPC","request_id":"64cafe93-6089-4771-b134-86c2369e4bbe","correlation_id":"64cafe93-6089-4771-b134-86c2369e4bbe","route":"/api/scoring/current","domain":"TOURNAMENT_READ","feature":"SCORING","release":null,"release_source":"UNAVAILABLE","activation":1,"activation_source":"AUTHORITY_READ","sha":"cccccccccccccccccccccccccccccccccccccccc","mutation_id":"b8575ea9-82d7-4558-a22a-56e35f39ff91","match_id":"2026-R1-6","operation_id":"b8575ea9-82d7-4558-a22a-56e35f39ff91","job_id":null,"round":null,"target_count":null,"authority_revision":null,"authority_fingerprint":null,"latency_ms":28.824,"http_status":200,"query_family":"read_certification_projection_v1","phase":"rpc_transport","outcome":"NOT_APPLICABLE","error_class":null,"domain_error_code":null,"sqlstate":null,"canonical_readback":"NOT_OBSERVED","dropped_events":0}
{"schema_version":1,"timestamp":"2026-10-03T02:16:52.016Z","event":"RPC","request_id":"64cafe93-6089-4771-b134-86c2369e4bbe","correlation_id":"64cafe93-6089-4771-b134-86c2369e4bbe","route":"/api/scoring/current","domain":"TOURNAMENT_READ","feature":"SCORING","release":null,"release_source":"UNAVAILABLE","activation":1,"activation_source":"AUTHORITY_READ","sha":"cccccccccccccccccccccccccccccccccccccccc","mutation_id":"b8575ea9-82d7-4558-a22a-56e35f39ff91","match_id":"2026-R1-6","operation_id":"b8575ea9-82d7-4558-a22a-56e35f39ff91","job_id":null,"round":null,"target_count":null,"authority_revision":null,"authority_fingerprint":null,"latency_ms":12.535,"http_status":200,"query_family":"read_certification_projection_v1","phase":"rpc_transport","outcome":"NOT_APPLICABLE","error_class":null,"domain_error_code":null,"sqlstate":null,"canonical_readback":"NOT_OBSERVED","dropped_events":0}
{"schema_version":1,"timestamp":"2026-10-03T02:16:52.034Z","event":"RPC","request_id":"64cafe93-6089-4771-b134-86c2369e4bbe","correlation_id":"64cafe93-6089-4771-b134-86c2369e4bbe","route":"/api/scoring/current","domain":"TOURNAMENT_READ","feature":"SCORING","release":null,"release_source":"UNAVAILABLE","activation":1,"activation_source":"AUTHORITY_READ","sha":"cccccccccccccccccccccccccccccccccccccccc","mutation_id":"b8575ea9-82d7-4558-a22a-56e35f39ff91","match_id":"2026-R1-6","operation_id":"cad04785-5be0-474b-b31d-0a7e070330cf","job_id":null,"round":null,"target_count":null,"authority_revision":null,"authority_fingerprint":null,"latency_ms":15.514,"http_status":200,"query_family":"execute_certification_operation_v1","phase":"rpc_transport","outcome":"COMMITTED","error_class":null,"domain_error_code":null,"sqlstate":null,"canonical_readback":"NOT_OBSERVED","dropped_events":0}
{"schema_version":1,"timestamp":"2026-10-03T02:16:52.052Z","event":"RPC","request_id":"64cafe93-6089-4771-b134-86c2369e4bbe","correlation_id":"64cafe93-6089-4771-b134-86c2369e4bbe","route":"/api/scoring/current","domain":"TOURNAMENT_READ","feature":"SCORING","release":null,"release_source":"UNAVAILABLE","activation":1,"activation_source":"AUTHORITY_READ","sha":"cccccccccccccccccccccccccccccccccccccccc","mutation_id":"b8575ea9-82d7-4558-a22a-56e35f39ff91","match_id":"2026-R1-6","operation_id":"cad04785-5be0-474b-b31d-0a7e070330cf","job_id":null,"round":null,"target_count":null,"authority_revision":null,"authority_fingerprint":null,"latency_ms":18.153,"http_status":200,"query_family":"read_certification_runtime_context_v1","phase":"rpc_transport","outcome":"NOT_APPLICABLE","error_class":null,"domain_error_code":null,"sqlstate":null,"canonical_readback":"NOT_OBSERVED","dropped_events":0}
{"schema_version":1,"timestamp":"2026-10-03T02:16:52.052Z","event":"RPC","request_id":"64cafe93-6089-4771-b134-86c2369e4bbe","correlation_id":"64cafe93-6089-4771-b134-86c2369e4bbe","route":"/api/scoring/current","domain":"TOURNAMENT_READ","feature":"SCORING","release":null,"release_source":"UNAVAILABLE","activation":1,"activation_source":"AUTHORITY_READ","sha":"cccccccccccccccccccccccccccccccccccccccc","mutation_id":"b8575ea9-82d7-4558-a22a-56e35f39ff91","match_id":"2026-R1-6","operation_id":"cad04785-5be0-474b-b31d-0a7e070330cf","job_id":null,"round":null,"target_count":null,"authority_revision":null,"authority_fingerprint":null,"latency_ms":8.73,"http_status":200,"query_family":"read_certification_runtime_context_v1","phase":"rpc_transport","outcome":"NOT_APPLICABLE","error_class":null,"domain_error_code":null,"sqlstate":null,"canonical_readback":"NOT_OBSERVED","dropped_events":0}
{"schema_version":1,"timestamp":"2026-10-03T02:16:52.080Z","event":"RPC","request_id":"64cafe93-6089-4771-b134-86c2369e4bbe","correlation_id":"64cafe93-6089-4771-b134-86c2369e4bbe","route":"/api/scoring/current","domain":"TOURNAMENT_READ","feature":"SCORING","release":null,"release_source":"UNAVAILABLE","activation":1,"activation_source":"AUTHORITY_READ","sha":"cccccccccccccccccccccccccccccccccccccccc","mutation_id":"b8575ea9-82d7-4558-a22a-56e35f39ff91","match_id":"2026-R1-6","operation_id":"cad04785-5be0-474b-b31d-0a7e070330cf","job_id":null,"round":null,"target_count":null,"authority_revision":null,"authority_fingerprint":null,"latency_ms":27.862,"http_status":200,"query_family":"read_certification_projection_v1","phase":"rpc_transport","outcome":"NOT_APPLICABLE","error_class":null,"domain_error_code":null,"sqlstate":null,"canonical_readback":"NOT_OBSERVED","dropped_events":0}
{"schema_version":1,"timestamp":"2026-10-03T02:16:52.080Z","event":"RPC","request_id":"64cafe93-6089-4771-b134-86c2369e4bbe","correlation_id":"64cafe93-6089-4771-b134-86c2369e4bbe","route":"/api/scoring/current","domain":"TOURNAMENT_READ","feature":"SCORING","release":null,"release_source":"UNAVAILABLE","activation":1,"activation_source":"AUTHORITY_READ","sha":"cccccccccccccccccccccccccccccccccccccccc","mutation_id":"b8575ea9-82d7-4558-a22a-56e35f39ff91","match_id":"2026-R1-6","operation_id":"cad04785-5be0-474b-b31d-0a7e070330cf","job_id":null,"round":null,"target_count":null,"authority_revision":null,"authority_fingerprint":null,"latency_ms":12.113,"http_status":200,"query_family":"read_certification_projection_v1","phase":"rpc_transport","outcome":"NOT_APPLICABLE","error_class":null,"domain_error_code":null,"sqlstate":null,"canonical_readback":"NOT_OBSERVED","dropped_events":0}
{"schema_version":1,"timestamp":"2026-10-03T02:16:52.096Z","event":"RPC","request_id":"64cafe93-6089-4771-b134-86c2369e4bbe","correlation_id":"64cafe93-6089-4771-b134-86c2369e4bbe","route":"/api/scoring/current","domain":"TOURNAMENT_READ","feature":"SCORING","release":null,"release_source":"UNAVAILABLE","activation":1,"activation_source":"AUTHORITY_READ","sha":"cccccccccccccccccccccccccccccccccccccccc","mutation_id":"b8575ea9-82d7-4558-a22a-56e35f39ff91","match_id":"2026-R1-6","operation_id":"6ec25754-7ff1-4f3b-8906-a91c9495319d","job_id":null,"round":null,"target_count":null,"authority_revision":null,"authority_fingerprint":null,"latency_ms":14.25,"http_status":200,"query_family":"execute_certification_operation_v1","phase":"rpc_transport","outcome":"COMMITTED","error_class":null,"domain_error_code":null,"sqlstate":null,"canonical_readback":"NOT_OBSERVED","dropped_events":0}
{"schema_version":1,"timestamp":"2026-10-03T02:16:52.108Z","event":"RPC","request_id":"015f7085-641a-494b-9f66-eebf0c0d83b3","correlation_id":"015f7085-641a-494b-9f66-eebf0c0d83b3","route":"/api/scoring/mutation-status","domain":"TOURNAMENT_READ","feature":"SCORING","release":null,"release_source":"UNAVAILABLE","activation":null,"activation_source":"UNAVAILABLE","sha":"cccccccccccccccccccccccccccccccccccccccc","operation_id":null,"mutation_id":null,"job_id":null,"match_id":null,"round":null,"target_count":null,"authority_revision":null,"authority_fingerprint":null,"latency_ms":9.759,"http_status":200,"query_family":"read_certification_runtime_context_v1","phase":"rpc_transport","outcome":"NOT_APPLICABLE","error_class":null,"domain_error_code":null,"sqlstate":null,"canonical_readback":"NOT_OBSERVED","dropped_events":0}
{"schema_version":1,"timestamp":"2026-10-03T02:16:52.120Z","event":"RPC","request_id":"015f7085-641a-494b-9f66-eebf0c0d83b3","correlation_id":"015f7085-641a-494b-9f66-eebf0c0d83b3","route":"/api/scoring/mutation-status","domain":"TOURNAMENT_READ","feature":"SCORING","release":null,"release_source":"UNAVAILABLE","activation":null,"activation_source":"UNAVAILABLE","sha":"cccccccccccccccccccccccccccccccccccccccc","operation_id":null,"mutation_id":null,"job_id":null,"match_id":null,"round":null,"target_count":null,"authority_revision":null,"authority_fingerprint":null,"latency_ms":12.184,"http_status":200,"query_family":"read_certification_projection_v1","phase":"rpc_transport","outcome":"NOT_APPLICABLE","error_class":null,"domain_error_code":null,"sqlstate":null,"canonical_readback":"NOT_OBSERVED","dropped_events":0}
{"schema_version":1,"timestamp":"2026-10-03T02:16:52.131Z","event":"RPC","request_id":"015f7085-641a-494b-9f66-eebf0c0d83b3","correlation_id":"015f7085-641a-494b-9f66-eebf0c0d83b3","route":"/api/scoring/mutation-status","domain":"TOURNAMENT_READ","feature":"SCORING","release":null,"release_source":"UNAVAILABLE","activation":null,"activation_source":"UNAVAILABLE","sha":"cccccccccccccccccccccccccccccccccccccccc","mutation_id":"b8575ea9-82d7-4558-a22a-56e35f39ff91","match_id":"2026-R1-6","operation_id":"b8575ea9-82d7-4558-a22a-56e35f39ff91","job_id":null,"round":null,"target_count":null,"authority_revision":null,"authority_fingerprint":null,"latency_ms":10.181,"http_status":200,"query_family":"read_certification_operation_v1","phase":"rpc_transport","outcome":"NOT_APPLICABLE","error_class":null,"domain_error_code":null,"sqlstate":null,"canonical_readback":"NOT_OBSERVED","dropped_events":0}
{"schema_version":1,"timestamp":"2026-10-03T02:16:52.131Z","event":"OUTCOME","request_id":"015f7085-641a-494b-9f66-eebf0c0d83b3","correlation_id":"015f7085-641a-494b-9f66-eebf0c0d83b3","route":"/api/scoring/mutation-status","domain":"SCORING","feature":"SCORING","release":null,"release_source":"UNAVAILABLE","activation":null,"activation_source":"UNAVAILABLE","sha":"cccccccccccccccccccccccccccccccccccccccc","mutation_id":"b8575ea9-82d7-4558-a22a-56e35f39ff91","match_id":"2026-R1-6","operation_id":null,"job_id":null,"round":null,"target_count":null,"authority_revision":null,"authority_fingerprint":null,"latency_ms":null,"http_status":null,"query_family":null,"phase":"mutation_recovery","outcome":"COMMITTED","error_class":null,"domain_error_code":null,"sqlstate":null,"canonical_readback":"NOT_OBSERVED","dropped_events":0}
{"schema_version":1,"timestamp":"2026-10-03T02:16:52.131Z","event":"REQUEST","request_id":"015f7085-641a-494b-9f66-eebf0c0d83b3","correlation_id":"015f7085-641a-494b-9f66-eebf0c0d83b3","route":"/api/scoring/mutation-status","domain":"SCORING","feature":"SCORING","release":null,"release_source":"UNAVAILABLE","activation":null,"activation_source":"UNAVAILABLE","sha":"cccccccccccccccccccccccccccccccccccccccc","mutation_id":"b8575ea9-82d7-4558-a22a-56e35f39ff91","match_id":"2026-R1-6","operation_id":null,"job_id":null,"round":null,"target_count":null,"authority_revision":null,"authority_fingerprint":null,"latency_ms":34.39,"http_status":200,"query_family":null,"phase":null,"outcome":"NOT_APPLICABLE","error_class":null,"domain_error_code":null,"sqlstate":null,"canonical_readback":"NOT_OBSERVED","dropped_events":0}
{"schema_version":1,"timestamp":"2026-10-03T02:16:52.150Z","event":"RPC","request_id":"31c8b70e-c48f-4269-89e7-be9cac8e15f1","correlation_id":"31c8b70e-c48f-4269-89e7-be9cac8e15f1","route":"/api/director/canonical-odds","domain":"TOURNAMENT_READ","feature":"ODDS","release":null,"release_source":"UNAVAILABLE","activation":null,"activation_source":"UNAVAILABLE","sha":"cccccccccccccccccccccccccccccccccccccccc","operation_id":null,"mutation_id":null,"job_id":null,"match_id":null,"round":null,"target_count":null,"authority_revision":null,"authority_fingerprint":null,"latency_ms":9.315,"http_status":200,"query_family":"read_certification_runtime_context_v1","phase":"rpc_transport","outcome":"NOT_APPLICABLE","error_class":null,"domain_error_code":null,"sqlstate":null,"canonical_readback":"NOT_OBSERVED","dropped_events":0}
{"schema_version":1,"timestamp":"2026-10-03T02:16:52.159Z","event":"RPC","request_id":"31c8b70e-c48f-4269-89e7-be9cac8e15f1","correlation_id":"31c8b70e-c48f-4269-89e7-be9cac8e15f1","route":"/api/director/canonical-odds","domain":"TOURNAMENT_READ","feature":"ODDS","release":null,"release_source":"UNAVAILABLE","activation":null,"activation_source":"UNAVAILABLE","sha":"cccccccccccccccccccccccccccccccccccccccc","operation_id":null,"mutation_id":null,"job_id":null,"match_id":null,"round":null,"target_count":null,"authority_revision":null,"authority_fingerprint":null,"latency_ms":9.004,"http_status":200,"query_family":"read_certification_runtime_context_v1","phase":"rpc_transport","outcome":"NOT_APPLICABLE","error_class":null,"domain_error_code":null,"sqlstate":null,"canonical_readback":"NOT_OBSERVED","dropped_events":0}
{"schema_version":1,"timestamp":"2026-10-03T02:16:52.170Z","event":"RPC","request_id":"31c8b70e-c48f-4269-89e7-be9cac8e15f1","correlation_id":"31c8b70e-c48f-4269-89e7-be9cac8e15f1","route":"/api/director/canonical-odds","domain":"TOURNAMENT_READ","feature":"ODDS","release":null,"release_source":"UNAVAILABLE","activation":null,"activation_source":"UNAVAILABLE","sha":"cccccccccccccccccccccccccccccccccccccccc","operation_id":null,"mutation_id":null,"job_id":null,"match_id":null,"round":null,"target_count":null,"authority_revision":null,"authority_fingerprint":null,"latency_ms":10.84,"http_status":200,"query_family":"read_certification_projection_v1","phase":"rpc_transport","outcome":"NOT_APPLICABLE","error_class":null,"domain_error_code":null,"sqlstate":null,"canonical_readback":"NOT_OBSERVED","dropped_events":0}
{"schema_version":1,"timestamp":"2026-10-03T02:16:52.180Z","event":"RPC","request_id":"31c8b70e-c48f-4269-89e7-be9cac8e15f1","correlation_id":"31c8b70e-c48f-4269-89e7-be9cac8e15f1","route":"/api/director/canonical-odds","domain":"ROUND_CONTROL","feature":"ODDS","release":null,"release_source":"UNAVAILABLE","activation":null,"activation_source":"UNAVAILABLE","sha":"cccccccccccccccccccccccccccccccccccccccc","operation_id":null,"mutation_id":null,"job_id":null,"match_id":null,"round":null,"target_count":null,"authority_revision":null,"authority_fingerprint":null,"latency_ms":8.954,"http_status":200,"query_family":"read_certification_runtime_context_v1","phase":"rpc_transport","outcome":"NOT_APPLICABLE","error_class":null,"domain_error_code":null,"sqlstate":null,"canonical_readback":"NOT_OBSERVED","dropped_events":0}
{"schema_version":1,"timestamp":"2026-10-03T02:16:52.193Z","event":"RPC","request_id":"31c8b70e-c48f-4269-89e7-be9cac8e15f1","correlation_id":"31c8b70e-c48f-4269-89e7-be9cac8e15f1","route":"/api/director/canonical-odds","domain":"ROUND_CONTROL","feature":"ODDS","release":null,"release_source":"UNAVAILABLE","activation":null,"activation_source":"UNAVAILABLE","sha":"cccccccccccccccccccccccccccccccccccccccc","operation_id":null,"mutation_id":null,"job_id":null,"match_id":null,"round":null,"target_count":null,"authority_revision":null,"authority_fingerprint":null,"latency_ms":12.797,"http_status":200,"query_family":"dispatch_certification_odds_v1","phase":"rpc_transport","outcome":"COMMITTED","error_class":null,"domain_error_code":null,"sqlstate":null,"canonical_readback":"NOT_OBSERVED","dropped_events":0}
{"schema_version":1,"timestamp":"2026-10-03T02:16:52.206Z","event":"RPC","request_id":"31c8b70e-c48f-4269-89e7-be9cac8e15f1","correlation_id":"31c8b70e-c48f-4269-89e7-be9cac8e15f1","route":"/api/director/canonical-odds","domain":"ROUND_CONTROL","feature":"ODDS","release":null,"release_source":"UNAVAILABLE","activation":null,"activation_source":"UNAVAILABLE","sha":"cccccccccccccccccccccccccccccccccccccccc","operation_id":null,"mutation_id":null,"job_id":null,"match_id":null,"round":null,"target_count":null,"authority_revision":null,"authority_fingerprint":null,"latency_ms":13.044,"http_status":200,"query_family":"dispatch_certification_odds_v1","phase":"rpc_transport","outcome":"COMMITTED","error_class":null,"domain_error_code":null,"sqlstate":null,"canonical_readback":"NOT_OBSERVED","dropped_events":0}
{"schema_version":1,"timestamp":"2026-10-03T02:16:52.206Z","event":"REQUEST","request_id":"31c8b70e-c48f-4269-89e7-be9cac8e15f1","correlation_id":"31c8b70e-c48f-4269-89e7-be9cac8e15f1","route":"/api/director/canonical-odds","domain":"ODDS","feature":"ODDS","release":null,"release_source":"UNAVAILABLE","activation":null,"activation_source":"UNAVAILABLE","sha":"cccccccccccccccccccccccccccccccccccccccc","operation_id":null,"mutation_id":null,"job_id":null,"match_id":null,"round":null,"target_count":null,"authority_revision":null,"authority_fingerprint":null,"latency_ms":66.314,"http_status":200,"query_family":null,"phase":null,"outcome":"NOT_APPLICABLE","error_class":null,"domain_error_code":null,"sqlstate":null,"canonical_readback":"NOT_OBSERVED","dropped_events":0}
{"schema_version":1,"timestamp":"2026-10-03T02:16:52.218Z","event":"RPC","request_id":"b2054685-c691-46fd-9331-64b588608acf","correlation_id":"b2054685-c691-46fd-9331-64b588608acf","route":"/api/director/canonical-odds","domain":"TOURNAMENT_READ","feature":"ODDS","release":null,"release_source":"UNAVAILABLE","activation":null,"activation_source":"UNAVAILABLE","sha":"cccccccccccccccccccccccccccccccccccccccc","operation_id":null,"mutation_id":null,"job_id":null,"match_id":null,"round":null,"target_count":null,"authority_revision":null,"authority_fingerprint":null,"latency_ms":9.23,"http_status":200,"query_family":"read_certification_runtime_context_v1","phase":"rpc_transport","outcome":"NOT_APPLICABLE","error_class":null,"domain_error_code":null,"sqlstate":null,"canonical_readback":"NOT_OBSERVED","dropped_events":0}
{"schema_version":1,"timestamp":"2026-10-03T02:16:52.227Z","event":"RPC","request_id":"b2054685-c691-46fd-9331-64b588608acf","correlation_id":"b2054685-c691-46fd-9331-64b588608acf","route":"/api/director/canonical-odds","domain":"TOURNAMENT_READ","feature":"ODDS","release":null,"release_source":"UNAVAILABLE","activation":null,"activation_source":"UNAVAILABLE","sha":"cccccccccccccccccccccccccccccccccccccccc","operation_id":null,"mutation_id":null,"job_id":null,"match_id":null,"round":null,"target_count":null,"authority_revision":null,"authority_fingerprint":null,"latency_ms":8.694,"http_status":200,"query_family":"read_certification_runtime_context_v1","phase":"rpc_transport","outcome":"NOT_APPLICABLE","error_class":null,"domain_error_code":null,"sqlstate":null,"canonical_readback":"NOT_OBSERVED","dropped_events":0}
{"schema_version":1,"timestamp":"2026-10-03T02:16:52.238Z","event":"RPC","request_id":"b2054685-c691-46fd-9331-64b588608acf","correlation_id":"b2054685-c691-46fd-9331-64b588608acf","route":"/api/director/canonical-odds","domain":"TOURNAMENT_READ","feature":"ODDS","release":null,"release_source":"UNAVAILABLE","activation":null,"activation_source":"UNAVAILABLE","sha":"cccccccccccccccccccccccccccccccccccccccc","operation_id":null,"mutation_id":null,"job_id":null,"match_id":null,"round":null,"target_count":null,"authority_revision":null,"authority_fingerprint":null,"latency_ms":10.882,"http_status":200,"query_family":"read_certification_projection_v1","phase":"rpc_transport","outcome":"NOT_APPLICABLE","error_class":null,"domain_error_code":null,"sqlstate":null,"canonical_readback":"NOT_OBSERVED","dropped_events":0}
{"schema_version":1,"timestamp":"2026-10-03T02:16:52.247Z","event":"RPC","request_id":"b2054685-c691-46fd-9331-64b588608acf","correlation_id":"b2054685-c691-46fd-9331-64b588608acf","route":"/api/director/canonical-odds","domain":"ROUND_CONTROL","feature":"ODDS","release":null,"release_source":"UNAVAILABLE","activation":null,"activation_source":"UNAVAILABLE","sha":"cccccccccccccccccccccccccccccccccccccccc","operation_id":null,"mutation_id":null,"job_id":null,"match_id":null,"round":null,"target_count":null,"authority_revision":null,"authority_fingerprint":null,"latency_ms":8.975,"http_status":200,"query_family":"read_certification_runtime_context_v1","phase":"rpc_transport","outcome":"NOT_APPLICABLE","error_class":null,"domain_error_code":null,"sqlstate":null,"canonical_readback":"NOT_OBSERVED","dropped_events":0}
{"schema_version":1,"timestamp":"2026-10-03T02:16:52.268Z","event":"RPC","request_id":"b2054685-c691-46fd-9331-64b588608acf","correlation_id":"b2054685-c691-46fd-9331-64b588608acf","route":"/api/director/canonical-odds","domain":"ROUND_CONTROL","feature":"ODDS","release":null,"release_source":"UNAVAILABLE","activation":null,"activation_source":"UNAVAILABLE","sha":"cccccccccccccccccccccccccccccccccccccccc","operation_id":"bffefd4b-ca10-41b0-9122-cf294d521b23","mutation_id":null,"job_id":null,"match_id":null,"round":null,"target_count":null,"authority_revision":null,"authority_fingerprint":null,"latency_ms":20.488,"http_status":200,"query_family":"dispatch_certification_odds_v1","phase":"rpc_transport","outcome":"COMMITTED","error_class":null,"domain_error_code":null,"sqlstate":null,"canonical_readback":"NOT_OBSERVED","dropped_events":0}
{"schema_version":1,"timestamp":"2026-10-03T02:16:52.296Z","event":"RPC","request_id":"b2054685-c691-46fd-9331-64b588608acf","correlation_id":"b2054685-c691-46fd-9331-64b588608acf","route":"/api/director/canonical-odds","domain":"ROUND_CONTROL","feature":"ODDS","release":null,"release_source":"UNAVAILABLE","activation":null,"activation_source":"UNAVAILABLE","sha":"cccccccccccccccccccccccccccccccccccccccc","operation_id":"bffefd4b-ca10-41b0-9122-cf294d521b23","job_id":"8f2ea8f845005104cb7a5f7232b588c06b345f4fc753725de4feea57ce4413f7","mutation_id":null,"match_id":null,"round":null,"target_count":null,"authority_revision":null,"authority_fingerprint":null,"latency_ms":25.044,"http_status":200,"query_family":"dispatch_certification_odds_v1","phase":"rpc_transport","outcome":"COMMITTED","error_class":null,"domain_error_code":null,"sqlstate":null,"canonical_readback":"NOT_OBSERVED","dropped_events":0}
{"schema_version":1,"timestamp":"2026-10-03T02:16:52.297Z","event":"REQUEST","request_id":"b2054685-c691-46fd-9331-64b588608acf","correlation_id":"b2054685-c691-46fd-9331-64b588608acf","route":"/api/director/canonical-odds","domain":"ODDS","feature":"ODDS","release":null,"release_source":"UNAVAILABLE","activation":null,"activation_source":"UNAVAILABLE","sha":"cccccccccccccccccccccccccccccccccccccccc","operation_id":"bffefd4b-ca10-41b0-9122-cf294d521b23","job_id":"8f2ea8f845005104cb7a5f7232b588c06b345f4fc753725de4feea57ce4413f7","mutation_id":null,"match_id":null,"round":null,"target_count":null,"authority_revision":null,"authority_fingerprint":null,"latency_ms":89.251,"http_status":202,"query_family":null,"phase":null,"outcome":"NOT_APPLICABLE","error_class":null,"domain_error_code":null,"sqlstate":null,"canonical_readback":"NOT_OBSERVED","dropped_events":0}
{"schema_version":1,"timestamp":"2026-10-03T02:16:52.307Z","event":"RPC","request_id":"b2054685-c691-46fd-9331-64b588608acf","correlation_id":"b2054685-c691-46fd-9331-64b588608acf","route":"/api/director/canonical-odds","domain":"TOURNAMENT_READ","feature":"ODDS","release":null,"release_source":"UNAVAILABLE","activation":null,"activation_source":"UNAVAILABLE","sha":"cccccccccccccccccccccccccccccccccccccccc","operation_id":"bffefd4b-ca10-41b0-9122-cf294d521b23","job_id":"8f2ea8f845005104cb7a5f7232b588c06b345f4fc753725de4feea57ce4413f7","mutation_id":null,"match_id":null,"round":null,"target_count":null,"authority_revision":null,"authority_fingerprint":null,"latency_ms":9.867,"http_status":200,"query_family":"read_certification_runtime_context_v1","phase":"rpc_transport","outcome":"NOT_APPLICABLE","error_class":null,"domain_error_code":null,"sqlstate":null,"canonical_readback":"NOT_OBSERVED","dropped_events":0}
{"schema_version":1,"timestamp":"2026-10-03T02:16:52.326Z","event":"RPC","request_id":"b2054685-c691-46fd-9331-64b588608acf","correlation_id":"b2054685-c691-46fd-9331-64b588608acf","route":"/api/director/canonical-odds","domain":"TOURNAMENT_READ","feature":"ODDS","release":null,"release_source":"UNAVAILABLE","activation":null,"activation_source":"UNAVAILABLE","sha":"cccccccccccccccccccccccccccccccccccccccc","operation_id":"68b04317-6d4b-428b-8833-059824f5f713","job_id":"8f2ea8f845005104cb7a5f7232b588c06b345f4fc753725de4feea57ce4413f7","mutation_id":null,"match_id":null,"round":null,"target_count":null,"authority_revision":null,"authority_fingerprint":null,"latency_ms":18.811,"http_status":200,"query_family":"dispatch_certification_odds_v1","phase":"rpc_transport","outcome":"COMMITTED","error_class":null,"domain_error_code":null,"sqlstate":null,"canonical_readback":"NOT_OBSERVED","dropped_events":0}
{"schema_version":1,"timestamp":"2026-10-03T02:16:53.871Z","event":"RPC","request_id":"b2054685-c691-46fd-9331-64b588608acf","correlation_id":"b2054685-c691-46fd-9331-64b588608acf","route":"/api/director/canonical-odds","domain":"TOURNAMENT_READ","feature":"ODDS","release":null,"release_source":"UNAVAILABLE","activation":null,"activation_source":"UNAVAILABLE","sha":"cccccccccccccccccccccccccccccccccccccccc","operation_id":"fe23ee18-3e86-40d5-95a0-f8b4537a517a","job_id":"8f2ea8f845005104cb7a5f7232b588c06b345f4fc753725de4feea57ce4413f7","mutation_id":null,"match_id":null,"round":null,"target_count":null,"authority_revision":null,"authority_fingerprint":null,"latency_ms":22.888,"http_status":200,"query_family":"dispatch_certification_odds_v1","phase":"rpc_transport","outcome":"COMMITTED","error_class":null,"domain_error_code":null,"sqlstate":null,"canonical_readback":"NOT_OBSERVED","dropped_events":0}
{"schema_version":1,"timestamp":"2026-10-03T02:16:55.475Z","event":"RPC","request_id":"b2054685-c691-46fd-9331-64b588608acf","correlation_id":"b2054685-c691-46fd-9331-64b588608acf","route":"/api/director/canonical-odds","domain":"TOURNAMENT_READ","feature":"ODDS","release":null,"release_source":"UNAVAILABLE","activation":null,"activation_source":"UNAVAILABLE","sha":"cccccccccccccccccccccccccccccccccccccccc","operation_id":"8a160965-44a7-433e-830c-c190a65a0aba","job_id":"8f2ea8f845005104cb7a5f7232b588c06b345f4fc753725de4feea57ce4413f7","mutation_id":null,"match_id":null,"round":null,"target_count":null,"authority_revision":null,"authority_fingerprint":null,"latency_ms":20.751,"http_status":200,"query_family":"dispatch_certification_odds_v1","phase":"rpc_transport","outcome":"COMMITTED","error_class":null,"domain_error_code":null,"sqlstate":null,"canonical_readback":"NOT_OBSERVED","dropped_events":0}
{"schema_version":1,"timestamp":"2026-10-03T02:16:57.039Z","event":"RPC","request_id":"b2054685-c691-46fd-9331-64b588608acf","correlation_id":"b2054685-c691-46fd-9331-64b588608acf","route":"/api/director/canonical-odds","domain":"TOURNAMENT_READ","feature":"ODDS","release":null,"release_source":"UNAVAILABLE","activation":null,"activation_source":"UNAVAILABLE","sha":"cccccccccccccccccccccccccccccccccccccccc","operation_id":"9cb9e628-46c5-43fc-95fc-315cf477ae0c","job_id":"8f2ea8f845005104cb7a5f7232b588c06b345f4fc753725de4feea57ce4413f7","mutation_id":null,"match_id":null,"round":null,"target_count":null,"authority_revision":null,"authority_fingerprint":null,"latency_ms":24.391,"http_status":200,"query_family":"dispatch_certification_odds_v1","phase":"rpc_transport","outcome":"COMMITTED","error_class":null,"domain_error_code":null,"sqlstate":null,"canonical_readback":"NOT_OBSERVED","dropped_events":0}
{"schema_version":1,"timestamp":"2026-10-03T02:16:58.520Z","event":"RPC","request_id":"b2054685-c691-46fd-9331-64b588608acf","correlation_id":"b2054685-c691-46fd-9331-64b588608acf","route":"/api/director/canonical-odds","domain":"TOURNAMENT_READ","feature":"ODDS","release":null,"release_source":"UNAVAILABLE","activation":null,"activation_source":"UNAVAILABLE","sha":"cccccccccccccccccccccccccccccccccccccccc","operation_id":"a5015d04-19b3-49d9-898d-712cff89a29a","job_id":"8f2ea8f845005104cb7a5f7232b588c06b345f4fc753725de4feea57ce4413f7","mutation_id":null,"match_id":null,"round":null,"target_count":null,"authority_revision":null,"authority_fingerprint":null,"latency_ms":20.419,"http_status":200,"query_family":"dispatch_certification_odds_v1","phase":"rpc_transport","outcome":"COMMITTED","error_class":null,"domain_error_code":null,"sqlstate":null,"canonical_readback":"NOT_OBSERVED","dropped_events":0}
{"schema_version":1,"timestamp":"2026-10-03T02:16:58.543Z","event":"RPC","request_id":"b2054685-c691-46fd-9331-64b588608acf","correlation_id":"b2054685-c691-46fd-9331-64b588608acf","route":"/api/director/canonical-odds","domain":"TOURNAMENT_READ","feature":"ODDS","release":null,"release_source":"UNAVAILABLE","activation":null,"activation_source":"UNAVAILABLE","sha":"cccccccccccccccccccccccccccccccccccccccc","operation_id":"99b00ba2-bcb7-4a4f-9480-b143c04542e8","job_id":"8f2ea8f845005104cb7a5f7232b588c06b345f4fc753725de4feea57ce4413f7","mutation_id":null,"match_id":null,"round":null,"target_count":null,"authority_revision":null,"authority_fingerprint":null,"latency_ms":20.874,"http_status":200,"query_family":"dispatch_certification_odds_v1","phase":"rpc_transport","outcome":"COMMITTED","error_class":null,"domain_error_code":null,"sqlstate":null,"canonical_readback":"NOT_OBSERVED","dropped_events":0}
{"schema_version":1,"timestamp":"2026-10-03T02:16:58.557Z","event":"RPC","request_id":"64cafe93-6089-4771-b134-86c2369e4bbe","correlation_id":"64cafe93-6089-4771-b134-86c2369e4bbe","route":"/api/scoring/current","domain":"TOURNAMENT_READ","feature":"SCORING","release":null,"release_source":"UNAVAILABLE","activation":1,"activation_source":"AUTHORITY_READ","sha":"cccccccccccccccccccccccccccccccccccccccc","mutation_id":"b8575ea9-82d7-4558-a22a-56e35f39ff91","match_id":"2026-R1-6","operation_id":"5e426dc5-59ce-4401-b1d4-16126ec03d5a","job_id":null,"round":null,"target_count":null,"authority_revision":null,"authority_fingerprint":null,"latency_ms":13.893,"http_status":200,"query_family":"execute_certification_operation_v1","phase":"rpc_transport","outcome":"COMMITTED","error_class":null,"domain_error_code":null,"sqlstate":null,"canonical_readback":"NOT_OBSERVED","dropped_events":0}
{"schema_version":1,"timestamp":"2026-10-03T02:16:58.576Z","event":"RPC","request_id":"64cafe93-6089-4771-b134-86c2369e4bbe","correlation_id":"64cafe93-6089-4771-b134-86c2369e4bbe","route":"/api/scoring/current","domain":"TOURNAMENT_READ","feature":"SCORING","release":null,"release_source":"UNAVAILABLE","activation":1,"activation_source":"AUTHORITY_READ","sha":"cccccccccccccccccccccccccccccccccccccccc","mutation_id":"b8575ea9-82d7-4558-a22a-56e35f39ff91","match_id":"2026-R1-6","operation_id":"5e426dc5-59ce-4401-b1d4-16126ec03d5a","job_id":null,"round":null,"target_count":null,"authority_revision":null,"authority_fingerprint":null,"latency_ms":18.587,"http_status":200,"query_family":"read_certification_runtime_context_v1","phase":"rpc_transport","outcome":"NOT_APPLICABLE","error_class":null,"domain_error_code":null,"sqlstate":null,"canonical_readback":"NOT_OBSERVED","dropped_events":0}
{"schema_version":1,"timestamp":"2026-10-03T02:16:58.576Z","event":"RPC","request_id":"64cafe93-6089-4771-b134-86c2369e4bbe","correlation_id":"64cafe93-6089-4771-b134-86c2369e4bbe","route":"/api/scoring/current","domain":"TOURNAMENT_READ","feature":"SCORING","release":null,"release_source":"UNAVAILABLE","activation":1,"activation_source":"AUTHORITY_READ","sha":"cccccccccccccccccccccccccccccccccccccccc","mutation_id":"b8575ea9-82d7-4558-a22a-56e35f39ff91","match_id":"2026-R1-6","operation_id":"5e426dc5-59ce-4401-b1d4-16126ec03d5a","job_id":null,"round":null,"target_count":null,"authority_revision":null,"authority_fingerprint":null,"latency_ms":9.046,"http_status":200,"query_family":"read_certification_runtime_context_v1","phase":"rpc_transport","outcome":"NOT_APPLICABLE","error_class":null,"domain_error_code":null,"sqlstate":null,"canonical_readback":"NOT_OBSERVED","dropped_events":0}
{"schema_version":1,"timestamp":"2026-10-03T02:16:58.603Z","event":"RPC","request_id":"64cafe93-6089-4771-b134-86c2369e4bbe","correlation_id":"64cafe93-6089-4771-b134-86c2369e4bbe","route":"/api/scoring/current","domain":"TOURNAMENT_READ","feature":"SCORING","release":null,"release_source":"UNAVAILABLE","activation":1,"activation_source":"AUTHORITY_READ","sha":"cccccccccccccccccccccccccccccccccccccccc","mutation_id":"b8575ea9-82d7-4558-a22a-56e35f39ff91","match_id":"2026-R1-6","operation_id":"5e426dc5-59ce-4401-b1d4-16126ec03d5a","job_id":null,"round":null,"target_count":null,"authority_revision":null,"authority_fingerprint":null,"latency_ms":26.358,"http_status":200,"query_family":"read_certification_projection_v1","phase":"rpc_transport","outcome":"NOT_APPLICABLE","error_class":null,"domain_error_code":null,"sqlstate":null,"canonical_readback":"NOT_OBSERVED","dropped_events":0}
{"schema_version":1,"timestamp":"2026-10-03T02:16:58.603Z","event":"RPC","request_id":"64cafe93-6089-4771-b134-86c2369e4bbe","correlation_id":"64cafe93-6089-4771-b134-86c2369e4bbe","route":"/api/scoring/current","domain":"TOURNAMENT_READ","feature":"SCORING","release":null,"release_source":"UNAVAILABLE","activation":1,"activation_source":"AUTHORITY_READ","sha":"cccccccccccccccccccccccccccccccccccccccc","mutation_id":"b8575ea9-82d7-4558-a22a-56e35f39ff91","match_id":"2026-R1-6","operation_id":"5e426dc5-59ce-4401-b1d4-16126ec03d5a","job_id":null,"round":null,"target_count":null,"authority_revision":null,"authority_fingerprint":null,"latency_ms":11.089,"http_status":200,"query_family":"read_certification_projection_v1","phase":"rpc_transport","outcome":"NOT_APPLICABLE","error_class":null,"domain_error_code":null,"sqlstate":null,"canonical_readback":"NOT_OBSERVED","dropped_events":0}
{"schema_version":1,"timestamp":"2026-10-03T02:16:58.631Z","event":"RPC","request_id":"64cafe93-6089-4771-b134-86c2369e4bbe","correlation_id":"64cafe93-6089-4771-b134-86c2369e4bbe","route":"/api/scoring/current","domain":"TOURNAMENT_READ","feature":"SCORING","release":null,"release_source":"UNAVAILABLE","activation":1,"activation_source":"AUTHORITY_READ","sha":"cccccccccccccccccccccccccccccccccccccccc","mutation_id":"b8575ea9-82d7-4558-a22a-56e35f39ff91","match_id":"2026-R1-6","operation_id":"c695bcf9-730c-42f7-abfe-78ff149a4d7b","round":0,"job_id":null,"target_count":null,"authority_revision":null,"authority_fingerprint":null,"latency_ms":25.706,"http_status":200,"query_family":"execute_certification_operation_v1","phase":"rpc_transport","outcome":"COMMITTED","error_class":null,"domain_error_code":null,"sqlstate":null,"canonical_readback":"NOT_OBSERVED","dropped_events":0}
{"schema_version":1,"timestamp":"2026-10-03T02:16:58.631Z","event":"RPC","request_id":"64cafe93-6089-4771-b134-86c2369e4bbe","correlation_id":"64cafe93-6089-4771-b134-86c2369e4bbe","route":"/api/scoring/current","domain":"TOURNAMENT_READ","feature":"SCORING","release":null,"release_source":"UNAVAILABLE","activation":1,"activation_source":"AUTHORITY_READ","sha":"cccccccccccccccccccccccccccccccccccccccc","mutation_id":"b8575ea9-82d7-4558-a22a-56e35f39ff91","match_id":"2026-R1-6","operation_id":"48a81ba3-fb5b-4823-a2b5-ed16b57db042","round":0,"job_id":null,"target_count":null,"authority_revision":null,"authority_fingerprint":null,"latency_ms":13.238,"http_status":200,"query_family":"execute_certification_operation_v1","phase":"rpc_transport","outcome":"COMMITTED","error_class":null,"domain_error_code":null,"sqlstate":null,"canonical_readback":"NOT_OBSERVED","dropped_events":0}
Calcutta recalculation remains pending { matchId: '2026-R1-6', code: 'CERTIFICATION_INPUT_INVALID' }
{"schema_version":1,"timestamp":"2026-10-03T02:16:58.912Z","event":"RPC","request_id":"402532a3-c0e1-4885-a4bc-a4c254ec2290","correlation_id":"402532a3-c0e1-4885-a4bc-a4c254ec2290","route":"/api/director/canonical-odds","domain":"TOURNAMENT_READ","feature":"ODDS","release":null,"release_source":"UNAVAILABLE","activation":null,"activation_source":"UNAVAILABLE","sha":"cccccccccccccccccccccccccccccccccccccccc","operation_id":null,"mutation_id":null,"job_id":null,"match_id":null,"round":null,"target_count":null,"authority_revision":null,"authority_fingerprint":null,"latency_ms":21.848,"http_status":200,"query_family":"read_certification_runtime_context_v1","phase":"rpc_transport","outcome":"NOT_APPLICABLE","error_class":null,"domain_error_code":null,"sqlstate":null,"canonical_readback":"NOT_OBSERVED","dropped_events":0}
{"schema_version":1,"timestamp":"2026-10-03T02:16:58.928Z","event":"RPC","request_id":"402532a3-c0e1-4885-a4bc-a4c254ec2290","correlation_id":"402532a3-c0e1-4885-a4bc-a4c254ec2290","route":"/api/director/canonical-odds","domain":"TOURNAMENT_READ","feature":"ODDS","release":null,"release_source":"UNAVAILABLE","activation":null,"activation_source":"UNAVAILABLE","sha":"cccccccccccccccccccccccccccccccccccccccc","operation_id":null,"mutation_id":null,"job_id":null,"match_id":null,"round":null,"target_count":null,"authority_revision":null,"authority_fingerprint":null,"latency_ms":15.263,"http_status":200,"query_family":"read_certification_runtime_context_v1","phase":"rpc_transport","outcome":"NOT_APPLICABLE","error_class":null,"domain_error_code":null,"sqlstate":null,"canonical_readback":"NOT_OBSERVED","dropped_events":0}
{"schema_version":1,"timestamp":"2026-10-03T02:16:58.942Z","event":"RPC","request_id":"402532a3-c0e1-4885-a4bc-a4c254ec2290","correlation_id":"402532a3-c0e1-4885-a4bc-a4c254ec2290","route":"/api/director/canonical-odds","domain":"TOURNAMENT_READ","feature":"ODDS","release":null,"release_source":"UNAVAILABLE","activation":null,"activation_source":"UNAVAILABLE","sha":"cccccccccccccccccccccccccccccccccccccccc","operation_id":null,"mutation_id":null,"job_id":null,"match_id":null,"round":null,"target_count":null,"authority_revision":null,"authority_fingerprint":null,"latency_ms":14.168,"http_status":200,"query_family":"read_certification_projection_v1","phase":"rpc_transport","outcome":"NOT_APPLICABLE","error_class":null,"domain_error_code":null,"sqlstate":null,"canonical_readback":"NOT_OBSERVED","dropped_events":0}
{"schema_version":1,"timestamp":"2026-10-03T02:16:58.953Z","event":"RPC","request_id":"402532a3-c0e1-4885-a4bc-a4c254ec2290","correlation_id":"402532a3-c0e1-4885-a4bc-a4c254ec2290","route":"/api/director/canonical-odds","domain":"ROUND_CONTROL","feature":"ODDS","release":null,"release_source":"UNAVAILABLE","activation":null,"activation_source":"UNAVAILABLE","sha":"cccccccccccccccccccccccccccccccccccccccc","operation_id":null,"mutation_id":null,"job_id":null,"match_id":null,"round":null,"target_count":null,"authority_revision":null,"authority_fingerprint":null,"latency_ms":10.469,"http_status":200,"query_family":"read_certification_runtime_context_v1","phase":"rpc_transport","outcome":"NOT_APPLICABLE","error_class":null,"domain_error_code":null,"sqlstate":null,"canonical_readback":"NOT_OBSERVED","dropped_events":0}
{"schema_version":1,"timestamp":"2026-10-03T02:16:58.969Z","event":"RPC","request_id":"402532a3-c0e1-4885-a4bc-a4c254ec2290","correlation_id":"402532a3-c0e1-4885-a4bc-a4c254ec2290","route":"/api/director/canonical-odds","domain":"ROUND_CONTROL","feature":"ODDS","release":null,"release_source":"UNAVAILABLE","activation":null,"activation_source":"UNAVAILABLE","sha":"cccccccccccccccccccccccccccccccccccccccc","job_id":"8f2ea8f845005104cb7a5f7232b588c06b345f4fc753725de4feea57ce4413f7","operation_id":null,"mutation_id":null,"match_id":null,"round":null,"target_count":null,"authority_revision":null,"authority_fingerprint":null,"latency_ms":15.126,"http_status":200,"query_family":"dispatch_certification_odds_v1","phase":"rpc_transport","outcome":"COMMITTED","error_class":null,"domain_error_code":null,"sqlstate":null,"canonical_readback":"NOT_OBSERVED","dropped_events":0}
{"schema_version":1,"timestamp":"2026-10-03T02:16:58.982Z","event":"RPC","request_id":"402532a3-c0e1-4885-a4bc-a4c254ec2290","correlation_id":"402532a3-c0e1-4885-a4bc-a4c254ec2290","route":"/api/director/canonical-odds","domain":"ROUND_CONTROL","feature":"ODDS","release":null,"release_source":"UNAVAILABLE","activation":null,"activation_source":"UNAVAILABLE","sha":"cccccccccccccccccccccccccccccccccccccccc","job_id":"8f2ea8f845005104cb7a5f7232b588c06b345f4fc753725de4feea57ce4413f7","operation_id":null,"mutation_id":null,"match_id":null,"round":null,"target_count":null,"authority_revision":null,"authority_fingerprint":null,"latency_ms":13.25,"http_status":200,"query_family":"dispatch_certification_odds_v1","phase":"rpc_transport","outcome":"COMMITTED","error_class":null,"domain_error_code":null,"sqlstate":null,"canonical_readback":"NOT_OBSERVED","dropped_events":0}
{"schema_version":1,"timestamp":"2026-10-03T02:16:58.982Z","event":"REQUEST","request_id":"402532a3-c0e1-4885-a4bc-a4c254ec2290","correlation_id":"402532a3-c0e1-4885-a4bc-a4c254ec2290","route":"/api/director/canonical-odds","domain":"ODDS","feature":"ODDS","release":null,"release_source":"UNAVAILABLE","activation":null,"activation_source":"UNAVAILABLE","sha":"cccccccccccccccccccccccccccccccccccccccc","job_id":"8f2ea8f845005104cb7a5f7232b588c06b345f4fc753725de4feea57ce4413f7","operation_id":null,"mutation_id":null,"match_id":null,"round":null,"target_count":null,"authority_revision":null,"authority_fingerprint":null,"latency_ms":94.547,"http_status":200,"query_family":null,"phase":null,"outcome":"NOT_APPLICABLE","error_class":null,"domain_error_code":null,"sqlstate":null,"canonical_readback":"NOT_OBSERVED","dropped_events":0}
{"schema_version":1,"timestamp":"2026-10-03T02:16:58.995Z","event":"RPC","request_id":"e8da26f9-9a4d-4567-8f68-df57d79b7bda","correlation_id":"e8da26f9-9a4d-4567-8f68-df57d79b7bda","route":"/api/director/canonical-odds","domain":"TOURNAMENT_READ","feature":"ODDS","release":null,"release_source":"UNAVAILABLE","activation":null,"activation_source":"UNAVAILABLE","sha":"cccccccccccccccccccccccccccccccccccccccc","operation_id":null,"mutation_id":null,"job_id":null,"match_id":null,"round":null,"target_count":null,"authority_revision":null,"authority_fingerprint":null,"latency_ms":9.491,"http_status":200,"query_family":"read_certification_runtime_context_v1","phase":"rpc_transport","outcome":"NOT_APPLICABLE","error_class":null,"domain_error_code":null,"sqlstate":null,"canonical_readback":"NOT_OBSERVED","dropped_events":0}
{"schema_version":1,"timestamp":"2026-10-03T02:16:59.004Z","event":"RPC","request_id":"e8da26f9-9a4d-4567-8f68-df57d79b7bda","correlation_id":"e8da26f9-9a4d-4567-8f68-df57d79b7bda","route":"/api/director/canonical-odds","domain":"TOURNAMENT_READ","feature":"ODDS","release":null,"release_source":"UNAVAILABLE","activation":null,"activation_source":"UNAVAILABLE","sha":"cccccccccccccccccccccccccccccccccccccccc","operation_id":null,"mutation_id":null,"job_id":null,"match_id":null,"round":null,"target_count":null,"authority_revision":null,"authority_fingerprint":null,"latency_ms":8.963,"http_status":200,"query_family":"read_certification_runtime_context_v1","phase":"rpc_transport","outcome":"NOT_APPLICABLE","error_class":null,"domain_error_code":null,"sqlstate":null,"canonical_readback":"NOT_OBSERVED","dropped_events":0}
{"schema_version":1,"timestamp":"2026-10-03T02:16:59.015Z","event":"RPC","request_id":"e8da26f9-9a4d-4567-8f68-df57d79b7bda","correlation_id":"e8da26f9-9a4d-4567-8f68-df57d79b7bda","route":"/api/director/canonical-odds","domain":"TOURNAMENT_READ","feature":"ODDS","release":null,"release_source":"UNAVAILABLE","activation":null,"activation_source":"UNAVAILABLE","sha":"cccccccccccccccccccccccccccccccccccccccc","operation_id":null,"mutation_id":null,"job_id":null,"match_id":null,"round":null,"target_count":null,"authority_revision":null,"authority_fingerprint":null,"latency_ms":10.279,"http_status":200,"query_family":"read_certification_projection_v1","phase":"rpc_transport","outcome":"NOT_APPLICABLE","error_class":null,"domain_error_code":null,"sqlstate":null,"canonical_readback":"NOT_OBSERVED","dropped_events":0}
{"schema_version":1,"timestamp":"2026-10-03T02:16:59.024Z","event":"RPC","request_id":"e8da26f9-9a4d-4567-8f68-df57d79b7bda","correlation_id":"e8da26f9-9a4d-4567-8f68-df57d79b7bda","route":"/api/director/canonical-odds","domain":"ROUND_CONTROL","feature":"ODDS","release":null,"release_source":"UNAVAILABLE","activation":null,"activation_source":"UNAVAILABLE","sha":"cccccccccccccccccccccccccccccccccccccccc","operation_id":null,"mutation_id":null,"job_id":null,"match_id":null,"round":null,"target_count":null,"authority_revision":null,"authority_fingerprint":null,"latency_ms":8.647,"http_status":200,"query_family":"read_certification_runtime_context_v1","phase":"rpc_transport","outcome":"NOT_APPLICABLE","error_class":null,"domain_error_code":null,"sqlstate":null,"canonical_readback":"NOT_OBSERVED","dropped_events":0}
{"schema_version":1,"timestamp":"2026-10-03T02:16:59.037Z","event":"RPC","request_id":"e8da26f9-9a4d-4567-8f68-df57d79b7bda","correlation_id":"e8da26f9-9a4d-4567-8f68-df57d79b7bda","route":"/api/director/canonical-odds","domain":"ROUND_CONTROL","feature":"ODDS","release":null,"release_source":"UNAVAILABLE","activation":null,"activation_source":"UNAVAILABLE","sha":"cccccccccccccccccccccccccccccccccccccccc","operation_id":"dcccb700-3006-44ed-b9da-6fa1dd44ad3d","job_id":"8f2ea8f845005104cb7a5f7232b588c06b345f4fc753725de4feea57ce4413f7","mutation_id":null,"match_id":null,"round":null,"target_count":null,"authority_revision":null,"authority_fingerprint":null,"latency_ms":13.468,"http_status":200,"query_family":"dispatch_certification_odds_v1","phase":"rpc_transport","outcome":"COMMITTED","error_class":null,"domain_error_code":null,"sqlstate":null,"canonical_readback":"NOT_OBSERVED","dropped_events":0}
{"schema_version":1,"timestamp":"2026-10-03T02:16:59.064Z","event":"RPC","request_id":"e8da26f9-9a4d-4567-8f68-df57d79b7bda","correlation_id":"e8da26f9-9a4d-4567-8f68-df57d79b7bda","route":"/api/director/canonical-odds","domain":"ROUND_CONTROL","feature":"ODDS","release":null,"release_source":"UNAVAILABLE","activation":null,"activation_source":"UNAVAILABLE","sha":"cccccccccccccccccccccccccccccccccccccccc","operation_id":"dcccb700-3006-44ed-b9da-6fa1dd44ad3d","job_id":"8f2ea8f845005104cb7a5f7232b588c06b345f4fc753725de4feea57ce4413f7","mutation_id":null,"match_id":null,"round":null,"target_count":null,"authority_revision":null,"authority_fingerprint":null,"latency_ms":26.338,"http_status":200,"query_family":"dispatch_certification_odds_v1","phase":"rpc_transport","outcome":"COMMITTED","error_class":null,"domain_error_code":null,"sqlstate":null,"canonical_readback":"NOT_OBSERVED","dropped_events":0}
{"schema_version":1,"timestamp":"2026-10-03T02:16:59.064Z","event":"REQUEST","request_id":"e8da26f9-9a4d-4567-8f68-df57d79b7bda","correlation_id":"e8da26f9-9a4d-4567-8f68-df57d79b7bda","route":"/api/director/canonical-odds","domain":"ODDS","feature":"ODDS","release":null,"release_source":"UNAVAILABLE","activation":null,"activation_source":"UNAVAILABLE","sha":"cccccccccccccccccccccccccccccccccccccccc","operation_id":"dcccb700-3006-44ed-b9da-6fa1dd44ad3d","job_id":"8f2ea8f845005104cb7a5f7232b588c06b345f4fc753725de4feea57ce4413f7","mutation_id":null,"match_id":null,"round":null,"target_count":null,"authority_revision":null,"authority_fingerprint":null,"latency_ms":79.415,"http_status":200,"query_family":null,"phase":null,"outcome":"NOT_APPLICABLE","error_class":null,"domain_error_code":null,"sqlstate":null,"canonical_readback":"NOT_OBSERVED","dropped_events":0}
{"schema_version":1,"timestamp":"2026-10-03T02:16:59.076Z","event":"RPC","request_id":"d55feefa-84a1-4fc1-bf67-016cf8d8f6a3","correlation_id":"d55feefa-84a1-4fc1-bf67-016cf8d8f6a3","route":"/api/director/canonical-odds","domain":"TOURNAMENT_READ","feature":"ODDS","release":null,"release_source":"UNAVAILABLE","activation":null,"activation_source":"UNAVAILABLE","sha":"cccccccccccccccccccccccccccccccccccccccc","operation_id":null,"mutation_id":null,"job_id":null,"match_id":null,"round":null,"target_count":null,"authority_revision":null,"authority_fingerprint":null,"latency_ms":10.168,"http_status":200,"query_family":"read_certification_runtime_context_v1","phase":"rpc_transport","outcome":"NOT_APPLICABLE","error_class":null,"domain_error_code":null,"sqlstate":null,"canonical_readback":"NOT_OBSERVED","dropped_events":0}
{"schema_version":1,"timestamp":"2026-10-03T02:16:59.087Z","event":"RPC","request_id":"d55feefa-84a1-4fc1-bf67-016cf8d8f6a3","correlation_id":"d55feefa-84a1-4fc1-bf67-016cf8d8f6a3","route":"/api/director/canonical-odds","domain":"TOURNAMENT_READ","feature":"ODDS","release":null,"release_source":"UNAVAILABLE","activation":null,"activation_source":"UNAVAILABLE","sha":"cccccccccccccccccccccccccccccccccccccccc","operation_id":null,"mutation_id":null,"job_id":null,"match_id":null,"round":null,"target_count":null,"authority_revision":null,"authority_fingerprint":null,"latency_ms":10.599,"http_status":200,"query_family":"read_certification_runtime_context_v1","phase":"rpc_transport","outcome":"NOT_APPLICABLE","error_class":null,"domain_error_code":null,"sqlstate":null,"canonical_readback":"NOT_OBSERVED","dropped_events":0}
{"schema_version":1,"timestamp":"2026-10-03T02:16:59.099Z","event":"RPC","request_id":"d55feefa-84a1-4fc1-bf67-016cf8d8f6a3","correlation_id":"d55feefa-84a1-4fc1-bf67-016cf8d8f6a3","route":"/api/director/canonical-odds","domain":"TOURNAMENT_READ","feature":"ODDS","release":null,"release_source":"UNAVAILABLE","activation":null,"activation_source":"UNAVAILABLE","sha":"cccccccccccccccccccccccccccccccccccccccc","operation_id":null,"mutation_id":null,"job_id":null,"match_id":null,"round":null,"target_count":null,"authority_revision":null,"authority_fingerprint":null,"latency_ms":11.742,"http_status":200,"query_family":"read_certification_projection_v1","phase":"rpc_transport","outcome":"NOT_APPLICABLE","error_class":null,"domain_error_code":null,"sqlstate":null,"canonical_readback":"NOT_OBSERVED","dropped_events":0}
{"schema_version":1,"timestamp":"2026-10-03T02:16:59.110Z","event":"RPC","request_id":"d55feefa-84a1-4fc1-bf67-016cf8d8f6a3","correlation_id":"d55feefa-84a1-4fc1-bf67-016cf8d8f6a3","route":"/api/director/canonical-odds","domain":"ROUND_CONTROL","feature":"ODDS","release":null,"release_source":"UNAVAILABLE","activation":null,"activation_source":"UNAVAILABLE","sha":"cccccccccccccccccccccccccccccccccccccccc","operation_id":"dcccb700-3006-44ed-b9da-6fa1dd44ad3d","mutation_id":null,"job_id":null,"match_id":null,"round":null,"target_count":null,"authority_revision":null,"authority_fingerprint":null,"latency_ms":10.574,"http_status":200,"query_family":"read_certification_odds_operation_v1","phase":"rpc_transport","outcome":"NOT_APPLICABLE","error_class":null,"domain_error_code":null,"sqlstate":null,"canonical_readback":"NOT_OBSERVED","dropped_events":0}
{"schema_version":1,"timestamp":"2026-10-03T02:16:59.110Z","event":"REQUEST","request_id":"d55feefa-84a1-4fc1-bf67-016cf8d8f6a3","correlation_id":"d55feefa-84a1-4fc1-bf67-016cf8d8f6a3","route":"/api/director/canonical-odds","domain":"ODDS","feature":"ODDS","release":null,"release_source":"UNAVAILABLE","activation":null,"activation_source":"UNAVAILABLE","sha":"cccccccccccccccccccccccccccccccccccccccc","operation_id":null,"mutation_id":null,"job_id":null,"match_id":null,"round":null,"target_count":null,"authority_revision":null,"authority_fingerprint":null,"latency_ms":45.107,"http_status":200,"query_family":null,"phase":null,"outcome":"NOT_APPLICABLE","error_class":null,"domain_error_code":null,"sqlstate":null,"canonical_readback":"NOT_OBSERVED","dropped_events":0}
{"schema_version":1,"timestamp":"2026-10-03T02:16:59.124Z","event":"RPC","request_id":"5d278a83-72c9-4b7a-be4e-0e3460c3b54f","correlation_id":"5d278a83-72c9-4b7a-be4e-0e3460c3b54f","route":"/api/director/canonical-odds","domain":"TOURNAMENT_READ","feature":"ODDS","release":null,"release_source":"UNAVAILABLE","activation":null,"activation_source":"UNAVAILABLE","sha":"cccccccccccccccccccccccccccccccccccccccc","operation_id":null,"mutation_id":null,"job_id":null,"match_id":null,"round":null,"target_count":null,"authority_revision":null,"authority_fingerprint":null,"latency_ms":11.11,"http_status":200,"query_family":"read_certification_runtime_context_v1","phase":"rpc_transport","outcome":"NOT_APPLICABLE","error_class":null,"domain_error_code":null,"sqlstate":null,"canonical_readback":"NOT_OBSERVED","dropped_events":0}
{"schema_version":1,"timestamp":"2026-10-03T02:16:59.135Z","event":"RPC","request_id":"5d278a83-72c9-4b7a-be4e-0e3460c3b54f","correlation_id":"5d278a83-72c9-4b7a-be4e-0e3460c3b54f","route":"/api/director/canonical-odds","domain":"TOURNAMENT_READ","feature":"ODDS","release":null,"release_source":"UNAVAILABLE","activation":null,"activation_source":"UNAVAILABLE","sha":"cccccccccccccccccccccccccccccccccccccccc","operation_id":null,"mutation_id":null,"job_id":null,"match_id":null,"round":null,"target_count":null,"authority_revision":null,"authority_fingerprint":null,"latency_ms":10.351,"http_status":200,"query_family":"read_certification_runtime_context_v1","phase":"rpc_transport","outcome":"NOT_APPLICABLE","error_class":null,"domain_error_code":null,"sqlstate":null,"canonical_readback":"NOT_OBSERVED","dropped_events":0}
{"schema_version":1,"timestamp":"2026-10-03T02:16:59.146Z","event":"RPC","request_id":"5d278a83-72c9-4b7a-be4e-0e3460c3b54f","correlation_id":"5d278a83-72c9-4b7a-be4e-0e3460c3b54f","route":"/api/director/canonical-odds","domain":"TOURNAMENT_READ","feature":"ODDS","release":null,"release_source":"UNAVAILABLE","activation":null,"activation_source":"UNAVAILABLE","sha":"cccccccccccccccccccccccccccccccccccccccc","operation_id":null,"mutation_id":null,"job_id":null,"match_id":null,"round":null,"target_count":null,"authority_revision":null,"authority_fingerprint":null,"latency_ms":11.444,"http_status":200,"query_family":"read_certification_projection_v1","phase":"rpc_transport","outcome":"NOT_APPLICABLE","error_class":null,"domain_error_code":null,"sqlstate":null,"canonical_readback":"NOT_OBSERVED","dropped_events":0}
{"schema_version":1,"timestamp":"2026-10-03T02:16:59.157Z","event":"RPC","request_id":"5d278a83-72c9-4b7a-be4e-0e3460c3b54f","correlation_id":"5d278a83-72c9-4b7a-be4e-0e3460c3b54f","route":"/api/director/canonical-odds","domain":"ROUND_CONTROL","feature":"ODDS","release":null,"release_source":"UNAVAILABLE","activation":null,"activation_source":"UNAVAILABLE","sha":"cccccccccccccccccccccccccccccccccccccccc","operation_id":null,"mutation_id":null,"job_id":null,"match_id":null,"round":null,"target_count":null,"authority_revision":null,"authority_fingerprint":null,"latency_ms":10.097,"http_status":200,"query_family":"read_certification_runtime_context_v1","phase":"rpc_transport","outcome":"NOT_APPLICABLE","error_class":null,"domain_error_code":null,"sqlstate":null,"canonical_readback":"NOT_OBSERVED","dropped_events":0}
{"schema_version":1,"timestamp":"2026-10-03T02:16:59.173Z","event":"RPC","request_id":"5d278a83-72c9-4b7a-be4e-0e3460c3b54f","correlation_id":"5d278a83-72c9-4b7a-be4e-0e3460c3b54f","route":"/api/director/canonical-odds","domain":"ROUND_CONTROL","feature":"ODDS","release":null,"release_source":"UNAVAILABLE","activation":null,"activation_source":"UNAVAILABLE","sha":"cccccccccccccccccccccccccccccccccccccccc","operation_id":null,"mutation_id":null,"job_id":null,"match_id":null,"round":null,"target_count":null,"authority_revision":null,"authority_fingerprint":null,"latency_ms":15.907,"http_status":200,"query_family":"dispatch_certification_odds_v1","phase":"rpc_transport","outcome":"COMMITTED","error_class":null,"domain_error_code":null,"sqlstate":null,"canonical_readback":"NOT_OBSERVED","dropped_events":0}
{"schema_version":1,"timestamp":"2026-10-03T02:16:59.188Z","event":"RPC","request_id":"5d278a83-72c9-4b7a-be4e-0e3460c3b54f","correlation_id":"5d278a83-72c9-4b7a-be4e-0e3460c3b54f","route":"/api/director/canonical-odds","domain":"ROUND_CONTROL","feature":"ODDS","release":null,"release_source":"UNAVAILABLE","activation":null,"activation_source":"UNAVAILABLE","sha":"cccccccccccccccccccccccccccccccccccccccc","operation_id":null,"mutation_id":null,"job_id":null,"match_id":null,"round":null,"target_count":null,"authority_revision":null,"authority_fingerprint":null,"latency_ms":14.398,"http_status":200,"query_family":"dispatch_certification_odds_v1","phase":"rpc_transport","outcome":"COMMITTED","error_class":null,"domain_error_code":null,"sqlstate":null,"canonical_readback":"NOT_OBSERVED","dropped_events":0}
{"schema_version":1,"timestamp":"2026-10-03T02:16:59.188Z","event":"REQUEST","request_id":"5d278a83-72c9-4b7a-be4e-0e3460c3b54f","correlation_id":"5d278a83-72c9-4b7a-be4e-0e3460c3b54f","route":"/api/director/canonical-odds","domain":"ODDS","feature":"ODDS","release":null,"release_source":"UNAVAILABLE","activation":null,"activation_source":"UNAVAILABLE","sha":"cccccccccccccccccccccccccccccccccccccccc","operation_id":null,"mutation_id":null,"job_id":null,"match_id":null,"round":null,"target_count":null,"authority_revision":null,"authority_fingerprint":null,"latency_ms":75.814,"http_status":200,"query_family":null,"phase":null,"outcome":"NOT_APPLICABLE","error_class":null,"domain_error_code":null,"sqlstate":null,"canonical_readback":"NOT_OBSERVED","dropped_events":0}
