   ▲ Next.js 15.5.18

   Creating an optimized production build ...
<w> [webpack.cache.PackFileCacheStrategy] Skipped not serializable cache item 'Compilation/modules|javascript/auto|/private/tmp/bagger-phase2d-staging-admission/node_modules/next/dist/build/webpack/loaders/next-flight-css-loader.js??ruleSet[1].rules[14].oneOf[5].use[0]!/private/tmp/bagger-phase2d-staging-admission/node_modules/next/dist/build/webpack/loaders/css-loader/src/index.js??ruleSet[1].rules[14].oneOf[5].use[1]!/private/tmp/bagger-phase2d-staging-admission/node_modules/next/dist/build/webpack/loaders/postcss-loader/src/index.js??ruleSet[1].rules[14].oneOf[5].use[2]!/private/var/folders/1l/c2bdsd7114l3tgslqq4np9qc0000gn/T/bagger-r2-application-rEjeki/app/historical.module.css|rsc': No serializer registered for Warning
<w> while serializing webpack/lib/cache/PackFileCacheStrategy.PackContentItems -> webpack/lib/NormalModule -> Array { 1 items } -> webpack/lib/ModuleWarning -> Warning
<w> [webpack.cache.PackFileCacheStrategy] Skipped not serializable cache item 'Compilation/modules|javascript/auto|/private/tmp/bagger-phase2d-staging-admission/node_modules/next/dist/build/webpack/loaders/next-flight-css-loader.js??ruleSet[1].rules[14].oneOf[5].use[0]!/private/tmp/bagger-phase2d-staging-admission/node_modules/next/dist/build/webpack/loaders/css-loader/src/index.js??ruleSet[1].rules[14].oneOf[5].use[1]!/private/tmp/bagger-phase2d-staging-admission/node_modules/next/dist/build/webpack/loaders/postcss-loader/src/index.js??ruleSet[1].rules[14].oneOf[5].use[2]!/private/var/folders/1l/c2bdsd7114l3tgslqq4np9qc0000gn/T/bagger-r2-application-rEjeki/app/draft/draft.module.css|rsc': No serializer registered for Warning
<w> while serializing webpack/lib/cache/PackFileCacheStrategy.PackContentItems -> webpack/lib/NormalModule -> Array { 1 items } -> webpack/lib/ModuleWarning -> Warning
<w> [webpack.cache.PackFileCacheStrategy] Skipped not serializable cache item 'Compilation/modules|javascript/auto|/private/tmp/bagger-phase2d-staging-admission/node_modules/next/dist/build/webpack/loaders/next-flight-css-loader.js??ruleSet[1].rules[14].oneOf[5].use[0]!/private/tmp/bagger-phase2d-staging-admission/node_modules/next/dist/build/webpack/loaders/css-loader/src/index.js??ruleSet[1].rules[14].oneOf[5].use[1]!/private/tmp/bagger-phase2d-staging-admission/node_modules/next/dist/build/webpack/loaders/postcss-loader/src/index.js??ruleSet[1].rules[14].oneOf[5].use[2]!/private/var/folders/1l/c2bdsd7114l3tgslqq4np9qc0000gn/T/bagger-r2-application-rEjeki/app/live/live.module.css|rsc': No serializer registered for Warning
<w> while serializing webpack/lib/cache/PackFileCacheStrategy.PackContentItems -> webpack/lib/NormalModule -> Array { 1 items } -> webpack/lib/ModuleWarning -> Warning
<w> [webpack.cache.PackFileCacheStrategy] Skipped not serializable cache item 'Compilation/modules|javascript/auto|/private/tmp/bagger-phase2d-staging-admission/node_modules/next/dist/build/webpack/loaders/next-flight-css-loader.js??ruleSet[1].rules[14].oneOf[5].use[0]!/private/tmp/bagger-phase2d-staging-admission/node_modules/next/dist/build/webpack/loaders/css-loader/src/index.js??ruleSet[1].rules[14].oneOf[5].use[1]!/private/tmp/bagger-phase2d-staging-admission/node_modules/next/dist/build/webpack/loaders/postcss-loader/src/index.js??ruleSet[1].rules[14].oneOf[5].use[2]!/private/var/folders/1l/c2bdsd7114l3tgslqq4np9qc0000gn/T/bagger-r2-application-rEjeki/app/history/historical-match-row.module.css|rsc': No serializer registered for Warning
<w> while serializing webpack/lib/cache/PackFileCacheStrategy.PackContentItems -> webpack/lib/NormalModule -> Array { 1 items } -> webpack/lib/ModuleWarning -> Warning
<w> [webpack.cache.PackFileCacheStrategy] Skipped not serializable cache item 'Compilation/modules|javascript/auto|/private/tmp/bagger-phase2d-staging-admission/node_modules/next/dist/build/webpack/loaders/next-flight-css-loader.js??ruleSet[1].rules[14].oneOf[5].use[0]!/private/tmp/bagger-phase2d-staging-admission/node_modules/next/dist/build/webpack/loaders/css-loader/src/index.js??ruleSet[1].rules[14].oneOf[5].use[1]!/private/tmp/bagger-phase2d-staging-admission/node_modules/next/dist/build/webpack/loaders/postcss-loader/src/index.js??ruleSet[1].rules[14].oneOf[5].use[2]!/private/var/folders/1l/c2bdsd7114l3tgslqq4np9qc0000gn/T/bagger-r2-application-rEjeki/app/draft/draft.module.css|ssr': No serializer registered for Warning
<w> while serializing webpack/lib/cache/PackFileCacheStrategy.PackContentItems -> webpack/lib/NormalModule -> Array { 1 items } -> webpack/lib/ModuleWarning -> Warning
<w> [webpack.cache.PackFileCacheStrategy] Skipped not serializable cache item 'Compilation/modules|javascript/auto|/private/tmp/bagger-phase2d-staging-admission/node_modules/next/dist/build/webpack/loaders/next-flight-css-loader.js??ruleSet[1].rules[14].oneOf[5].use[0]!/private/tmp/bagger-phase2d-staging-admission/node_modules/next/dist/build/webpack/loaders/css-loader/src/index.js??ruleSet[1].rules[14].oneOf[5].use[1]!/private/tmp/bagger-phase2d-staging-admission/node_modules/next/dist/build/webpack/loaders/postcss-loader/src/index.js??ruleSet[1].rules[14].oneOf[5].use[2]!/private/var/folders/1l/c2bdsd7114l3tgslqq4np9qc0000gn/T/bagger-r2-application-rEjeki/app/historical.module.css|ssr': No serializer registered for Warning
<w> while serializing webpack/lib/cache/PackFileCacheStrategy.PackContentItems -> webpack/lib/NormalModule -> Array { 1 items } -> webpack/lib/ModuleWarning -> Warning
<w> [webpack.cache.PackFileCacheStrategy] Skipped not serializable cache item 'Compilation/modules|javascript/auto|/private/tmp/bagger-phase2d-staging-admission/node_modules/next/dist/build/webpack/loaders/next-flight-css-loader.js??ruleSet[1].rules[14].oneOf[5].use[0]!/private/tmp/bagger-phase2d-staging-admission/node_modules/next/dist/build/webpack/loaders/css-loader/src/index.js??ruleSet[1].rules[14].oneOf[5].use[1]!/private/tmp/bagger-phase2d-staging-admission/node_modules/next/dist/build/webpack/loaders/postcss-loader/src/index.js??ruleSet[1].rules[14].oneOf[5].use[2]!/private/var/folders/1l/c2bdsd7114l3tgslqq4np9qc0000gn/T/bagger-r2-application-rEjeki/app/live/live.module.css|ssr': No serializer registered for Warning
<w> while serializing webpack/lib/cache/PackFileCacheStrategy.PackContentItems -> webpack/lib/NormalModule -> Array { 1 items } -> webpack/lib/ModuleWarning -> Warning
<w> [webpack.cache.PackFileCacheStrategy] Skipped not serializable cache item 'Compilation/modules|javascript/auto|/private/tmp/bagger-phase2d-staging-admission/node_modules/next/dist/build/webpack/loaders/next-flight-css-loader.js??ruleSet[1].rules[14].oneOf[5].use[0]!/private/tmp/bagger-phase2d-staging-admission/node_modules/next/dist/build/webpack/loaders/css-loader/src/index.js??ruleSet[1].rules[14].oneOf[5].use[1]!/private/tmp/bagger-phase2d-staging-admission/node_modules/next/dist/build/webpack/loaders/postcss-loader/src/index.js??ruleSet[1].rules[14].oneOf[5].use[2]!/private/var/folders/1l/c2bdsd7114l3tgslqq4np9qc0000gn/T/bagger-r2-application-rEjeki/app/odds-center/odds.module.css|ssr': No serializer registered for Warning
<w> while serializing webpack/lib/cache/PackFileCacheStrategy.PackContentItems -> webpack/lib/NormalModule -> Array { 1 items } -> webpack/lib/ModuleWarning -> Warning
<w> [webpack.cache.PackFileCacheStrategy] Skipped not serializable cache item 'Compilation/modules|javascript/auto|/private/tmp/bagger-phase2d-staging-admission/node_modules/next/dist/build/webpack/loaders/next-flight-css-loader.js??ruleSet[1].rules[14].oneOf[5].use[0]!/private/tmp/bagger-phase2d-staging-admission/node_modules/next/dist/build/webpack/loaders/css-loader/src/index.js??ruleSet[1].rules[14].oneOf[5].use[1]!/private/tmp/bagger-phase2d-staging-admission/node_modules/next/dist/build/webpack/loaders/postcss-loader/src/index.js??ruleSet[1].rules[14].oneOf[5].use[2]!/private/var/folders/1l/c2bdsd7114l3tgslqq4np9qc0000gn/T/bagger-r2-application-rEjeki/app/war-room/war-room.module.css|ssr': No serializer registered for Warning
<w> while serializing webpack/lib/cache/PackFileCacheStrategy.PackContentItems -> webpack/lib/NormalModule -> Array { 2 items } -> webpack/lib/ModuleWarning -> Warning
<w> [webpack.cache.PackFileCacheStrategy] Skipped not serializable cache item 'Compilation/modules|javascript/auto|/private/tmp/bagger-phase2d-staging-admission/node_modules/next/dist/build/webpack/loaders/next-flight-css-loader.js??ruleSet[1].rules[14].oneOf[5].use[0]!/private/tmp/bagger-phase2d-staging-admission/node_modules/next/dist/build/webpack/loaders/css-loader/src/index.js??ruleSet[1].rules[14].oneOf[5].use[1]!/private/tmp/bagger-phase2d-staging-admission/node_modules/next/dist/build/webpack/loaders/postcss-loader/src/index.js??ruleSet[1].rules[14].oneOf[5].use[2]!/private/var/folders/1l/c2bdsd7114l3tgslqq4np9qc0000gn/T/bagger-r2-application-rEjeki/app/admin/admin-center.module.css|ssr': No serializer registered for Warning
<w> while serializing webpack/lib/cache/PackFileCacheStrategy.PackContentItems -> webpack/lib/NormalModule -> Array { 1 items } -> webpack/lib/ModuleWarning -> Warning
<w> [webpack.cache.PackFileCacheStrategy] Skipped not serializable cache item 'Compilation/modules|javascript/auto|/private/tmp/bagger-phase2d-staging-admission/node_modules/next/dist/build/webpack/loaders/next-flight-css-loader.js??ruleSet[1].rules[14].oneOf[5].use[0]!/private/tmp/bagger-phase2d-staging-admission/node_modules/next/dist/build/webpack/loaders/css-loader/src/index.js??ruleSet[1].rules[14].oneOf[5].use[1]!/private/tmp/bagger-phase2d-staging-admission/node_modules/next/dist/build/webpack/loaders/postcss-loader/src/index.js??ruleSet[1].rules[14].oneOf[5].use[2]!/private/var/folders/1l/c2bdsd7114l3tgslqq4np9qc0000gn/T/bagger-r2-application-rEjeki/app/admin/player-passport-admin.module.css|ssr': No serializer registered for Warning
<w> while serializing webpack/lib/cache/PackFileCacheStrategy.PackContentItems -> webpack/lib/NormalModule -> Array { 1 items } -> webpack/lib/ModuleWarning -> Warning
<w> [webpack.cache.PackFileCacheStrategy] Skipped not serializable cache item 'Compilation/modules|javascript/auto|/private/tmp/bagger-phase2d-staging-admission/node_modules/next/dist/build/webpack/loaders/next-flight-css-loader.js??ruleSet[1].rules[14].oneOf[5].use[0]!/private/tmp/bagger-phase2d-staging-admission/node_modules/next/dist/build/webpack/loaders/css-loader/src/index.js??ruleSet[1].rules[14].oneOf[5].use[1]!/private/tmp/bagger-phase2d-staging-admission/node_modules/next/dist/build/webpack/loaders/postcss-loader/src/index.js??ruleSet[1].rules[14].oneOf[5].use[2]!/private/var/folders/1l/c2bdsd7114l3tgslqq4np9qc0000gn/T/bagger-r2-application-rEjeki/app/admin/cms-manager.module.css|ssr': No serializer registered for Warning
<w> while serializing webpack/lib/cache/PackFileCacheStrategy.PackContentItems -> webpack/lib/NormalModule -> Array { 1 items } -> webpack/lib/ModuleWarning -> Warning
<w> [webpack.cache.PackFileCacheStrategy] Skipped not serializable cache item 'Compilation/modules|javascript/auto|/private/tmp/bagger-phase2d-staging-admission/node_modules/next/dist/build/webpack/loaders/next-flight-css-loader.js??ruleSet[1].rules[14].oneOf[5].use[0]!/private/tmp/bagger-phase2d-staging-admission/node_modules/next/dist/build/webpack/loaders/css-loader/src/index.js??ruleSet[1].rules[14].oneOf[5].use[1]!/private/tmp/bagger-phase2d-staging-admission/node_modules/next/dist/build/webpack/loaders/postcss-loader/src/index.js??ruleSet[1].rules[14].oneOf[5].use[2]!/private/var/folders/1l/c2bdsd7114l3tgslqq4np9qc0000gn/T/bagger-r2-application-rEjeki/app/admin/director/ProductionFutureYearAdministrationPanel.module.css|ssr': No serializer registered for Warning
<w> while serializing webpack/lib/cache/PackFileCacheStrategy.PackContentItems -> webpack/lib/NormalModule -> Array { 1 items } -> webpack/lib/ModuleWarning -> Warning
<w> [webpack.cache.PackFileCacheStrategy] Skipped not serializable cache item 'Compilation/modules|javascript/auto|/private/tmp/bagger-phase2d-staging-admission/node_modules/next/dist/build/webpack/loaders/next-flight-css-loader.js??ruleSet[1].rules[14].oneOf[5].use[0]!/private/tmp/bagger-phase2d-staging-admission/node_modules/next/dist/build/webpack/loaders/css-loader/src/index.js??ruleSet[1].rules[14].oneOf[5].use[1]!/private/tmp/bagger-phase2d-staging-admission/node_modules/next/dist/build/webpack/loaders/postcss-loader/src/index.js??ruleSet[1].rules[14].oneOf[5].use[2]!/private/var/folders/1l/c2bdsd7114l3tgslqq4np9qc0000gn/T/bagger-r2-application-rEjeki/app/admin/director/net-skins-entries.module.css|ssr': No serializer registered for Warning
<w> while serializing webpack/lib/cache/PackFileCacheStrategy.PackContentItems -> webpack/lib/NormalModule -> Array { 1 items } -> webpack/lib/ModuleWarning -> Warning
 ⚠ Compiled with warnings in 7.6s

./app/admin/admin-center.module.css
Warning

(1:1045) autoprefixer: end value has mixed support, consider using flex-end instead

Import trace for requested module:
./app/admin/admin-center.module.css
./app/admin/AdminCenter.js

./app/admin/cms-manager.module.css
Warning

(1:674) autoprefixer: end value has mixed support, consider using flex-end instead

Import trace for requested module:
./app/admin/cms-manager.module.css
./app/admin/CmsManager.js
./app/admin/AdminCenter.js

./app/admin/director/ProductionFutureYearAdministrationPanel.module.css
Warning

(1:3693) autoprefixer: end value has mixed support, consider using flex-end instead

Import trace for requested module:
./app/admin/director/ProductionFutureYearAdministrationPanel.module.css
./app/admin/director/ProductionFutureYearAdministrationPanel.js
./app/admin/director/ProductionDirectorConsole.js

./app/admin/director/net-skins-entries.module.css
Warning

(24:53) autoprefixer: end value has mixed support, consider using flex-end instead

Import trace for requested module:
./app/admin/director/net-skins-entries.module.css
./app/admin/director/ProductionNetSkinsEntries.js
./app/admin/director/CanonicalDirectorOperations.js
./app/admin/director/CanonicalDirectorConsole.js

./app/admin/player-passport-admin.module.css
Warning

(1:108) autoprefixer: end value has mixed support, consider using flex-end instead

Import trace for requested module:
./app/admin/player-passport-admin.module.css
./app/admin/PlayerPassportAdmin.js
./app/admin/AdminCenter.js

./app/draft/draft.module.css
Warning

(1:1661) autoprefixer: end value has mixed support, consider using flex-end instead

Import trace for requested module:
./app/draft/draft.module.css
./app/draft/DraftExperience.js
./app/draft/page.js

./app/draft/draft.module.css
Warning

(1:1661) autoprefixer: end value has mixed support, consider using flex-end instead

Import trace for requested module:
./app/draft/draft.module.css
./app/draft/DraftAnalysisSummary.js

./app/historical.module.css
Warning

(2285:3) autoprefixer: end value has mixed support, consider using flex-end instead

Import trace for requested module:
./app/historical.module.css
./app/board-of-governors/page.js

./app/historical.module.css
Warning

(2285:3) autoprefixer: end value has mixed support, consider using flex-end instead

Import trace for requested module:
./app/historical.module.css
./app/history/HistoryBackToTop.js

./app/history/historical-match-row.module.css
Warning

(1:1188) autoprefixer: end value has mixed support, consider using flex-end instead

Import trace for requested module:
./app/history/historical-match-row.module.css
./app/history/HistoricalMatchRow.js
./app/history/[year]/round/[round]/page.js

./app/live/live.module.css
Warning

(155:3) autoprefixer: end value has mixed support, consider using flex-end instead

Import trace for requested module:
./app/live/live.module.css
./app/PublicMatchCard.js
./app/history/[year]/team/[side]/page.js

./app/live/live.module.css
Warning

(155:3) autoprefixer: end value has mixed support, consider using flex-end instead

Import trace for requested module:
./app/live/live.module.css
./app/me/ParticipantProfile.js

./app/odds-center/odds.module.css
Warning

(1:1051) autoprefixer: end value has mixed support, consider using flex-end instead

Import trace for requested module:
./app/odds-center/odds.module.css
./app/odds-center/OddsCenter.js

./app/war-room/war-room.module.css
Warning

(5:240) autoprefixer: end value has mixed support, consider using flex-end instead

Import trace for requested module:
./app/war-room/war-room.module.css
./app/war-room/WarRoom.js

./app/war-room/war-room.module.css
Warning

(19:50) autoprefixer: end value has mixed support, consider using flex-end instead

Import trace for requested module:
./app/war-room/war-room.module.css
./app/war-room/WarRoom.js

<w> [webpack.cache.PackFileCacheStrategy] Skipped not serializable cache item 'Compilation/modules|/private/tmp/bagger-phase2d-staging-admission/node_modules/next/dist/build/webpack/loaders/css-loader/src/index.js??ruleSet[1].rules[14].oneOf[5].use[2]!/private/tmp/bagger-phase2d-staging-admission/node_modules/next/dist/build/webpack/loaders/postcss-loader/src/index.js??ruleSet[1].rules[14].oneOf[5].use[3]!/private/var/folders/1l/c2bdsd7114l3tgslqq4np9qc0000gn/T/bagger-r2-application-rEjeki/app/historical.module.css': No serializer registered for Warning
<w> while serializing webpack/lib/cache/PackFileCacheStrategy.PackContentItems -> webpack/lib/NormalModule -> Array { 1 items } -> webpack/lib/ModuleWarning -> Warning
<w> [webpack.cache.PackFileCacheStrategy] Skipped not serializable cache item 'Compilation/modules|/private/tmp/bagger-phase2d-staging-admission/node_modules/next/dist/build/webpack/loaders/css-loader/src/index.js??ruleSet[1].rules[14].oneOf[5].use[2]!/private/tmp/bagger-phase2d-staging-admission/node_modules/next/dist/build/webpack/loaders/postcss-loader/src/index.js??ruleSet[1].rules[14].oneOf[5].use[3]!/private/var/folders/1l/c2bdsd7114l3tgslqq4np9qc0000gn/T/bagger-r2-application-rEjeki/app/draft/draft.module.css': No serializer registered for Warning
<w> while serializing webpack/lib/cache/PackFileCacheStrategy.PackContentItems -> webpack/lib/NormalModule -> Array { 1 items } -> webpack/lib/ModuleWarning -> Warning
<w> [webpack.cache.PackFileCacheStrategy] Skipped not serializable cache item 'Compilation/modules|/private/tmp/bagger-phase2d-staging-admission/node_modules/next/dist/build/webpack/loaders/css-loader/src/index.js??ruleSet[1].rules[14].oneOf[5].use[2]!/private/tmp/bagger-phase2d-staging-admission/node_modules/next/dist/build/webpack/loaders/postcss-loader/src/index.js??ruleSet[1].rules[14].oneOf[5].use[3]!/private/var/folders/1l/c2bdsd7114l3tgslqq4np9qc0000gn/T/bagger-r2-application-rEjeki/app/live/live.module.css': No serializer registered for Warning
<w> while serializing webpack/lib/cache/PackFileCacheStrategy.PackContentItems -> webpack/lib/NormalModule -> Array { 1 items } -> webpack/lib/ModuleWarning -> Warning
<w> [webpack.cache.PackFileCacheStrategy] Skipped not serializable cache item 'Compilation/modules|/private/tmp/bagger-phase2d-staging-admission/node_modules/next/dist/build/webpack/loaders/css-loader/src/index.js??ruleSet[1].rules[14].oneOf[5].use[2]!/private/tmp/bagger-phase2d-staging-admission/node_modules/next/dist/build/webpack/loaders/postcss-loader/src/index.js??ruleSet[1].rules[14].oneOf[5].use[3]!/private/var/folders/1l/c2bdsd7114l3tgslqq4np9qc0000gn/T/bagger-r2-application-rEjeki/app/history/historical-match-row.module.css': No serializer registered for Warning
<w> while serializing webpack/lib/cache/PackFileCacheStrategy.PackContentItems -> webpack/lib/NormalModule -> Array { 1 items } -> webpack/lib/ModuleWarning -> Warning
<w> [webpack.cache.PackFileCacheStrategy] Skipped not serializable cache item 'Compilation/modules|/private/tmp/bagger-phase2d-staging-admission/node_modules/next/dist/build/webpack/loaders/css-loader/src/index.js??ruleSet[1].rules[14].oneOf[5].use[2]!/private/tmp/bagger-phase2d-staging-admission/node_modules/next/dist/build/webpack/loaders/postcss-loader/src/index.js??ruleSet[1].rules[14].oneOf[5].use[3]!/private/var/folders/1l/c2bdsd7114l3tgslqq4np9qc0000gn/T/bagger-r2-application-rEjeki/app/odds-center/odds.module.css': No serializer registered for Warning
<w> while serializing webpack/lib/cache/PackFileCacheStrategy.PackContentItems -> webpack/lib/NormalModule -> Array { 1 items } -> webpack/lib/ModuleWarning -> Warning
<w> [webpack.cache.PackFileCacheStrategy] Skipped not serializable cache item 'Compilation/modules|/private/tmp/bagger-phase2d-staging-admission/node_modules/next/dist/build/webpack/loaders/css-loader/src/index.js??ruleSet[1].rules[14].oneOf[5].use[2]!/private/tmp/bagger-phase2d-staging-admission/node_modules/next/dist/build/webpack/loaders/postcss-loader/src/index.js??ruleSet[1].rules[14].oneOf[5].use[3]!/private/var/folders/1l/c2bdsd7114l3tgslqq4np9qc0000gn/T/bagger-r2-application-rEjeki/app/war-room/war-room.module.css': No serializer registered for Warning
<w> while serializing webpack/lib/cache/PackFileCacheStrategy.PackContentItems -> webpack/lib/NormalModule -> Array { 2 items } -> webpack/lib/ModuleWarning -> Warning
<w> [webpack.cache.PackFileCacheStrategy] Skipped not serializable cache item 'Compilation/modules|/private/tmp/bagger-phase2d-staging-admission/node_modules/next/dist/build/webpack/loaders/css-loader/src/index.js??ruleSet[1].rules[14].oneOf[5].use[2]!/private/tmp/bagger-phase2d-staging-admission/node_modules/next/dist/build/webpack/loaders/postcss-loader/src/index.js??ruleSet[1].rules[14].oneOf[5].use[3]!/private/var/folders/1l/c2bdsd7114l3tgslqq4np9qc0000gn/T/bagger-r2-application-rEjeki/app/admin/admin-center.module.css': No serializer registered for Warning
<w> while serializing webpack/lib/cache/PackFileCacheStrategy.PackContentItems -> webpack/lib/NormalModule -> Array { 1 items } -> webpack/lib/ModuleWarning -> Warning
<w> [webpack.cache.PackFileCacheStrategy] Skipped not serializable cache item 'Compilation/modules|/private/tmp/bagger-phase2d-staging-admission/node_modules/next/dist/build/webpack/loaders/css-loader/src/index.js??ruleSet[1].rules[14].oneOf[5].use[2]!/private/tmp/bagger-phase2d-staging-admission/node_modules/next/dist/build/webpack/loaders/postcss-loader/src/index.js??ruleSet[1].rules[14].oneOf[5].use[3]!/private/var/folders/1l/c2bdsd7114l3tgslqq4np9qc0000gn/T/bagger-r2-application-rEjeki/app/admin/player-passport-admin.module.css': No serializer registered for Warning
<w> while serializing webpack/lib/cache/PackFileCacheStrategy.PackContentItems -> webpack/lib/NormalModule -> Array { 1 items } -> webpack/lib/ModuleWarning -> Warning
<w> [webpack.cache.PackFileCacheStrategy] Skipped not serializable cache item 'Compilation/modules|/private/tmp/bagger-phase2d-staging-admission/node_modules/next/dist/build/webpack/loaders/css-loader/src/index.js??ruleSet[1].rules[14].oneOf[5].use[2]!/private/tmp/bagger-phase2d-staging-admission/node_modules/next/dist/build/webpack/loaders/postcss-loader/src/index.js??ruleSet[1].rules[14].oneOf[5].use[3]!/private/var/folders/1l/c2bdsd7114l3tgslqq4np9qc0000gn/T/bagger-r2-application-rEjeki/app/admin/cms-manager.module.css': No serializer registered for Warning
<w> while serializing webpack/lib/cache/PackFileCacheStrategy.PackContentItems -> webpack/lib/NormalModule -> Array { 1 items } -> webpack/lib/ModuleWarning -> Warning
<w> [webpack.cache.PackFileCacheStrategy] Skipped not serializable cache item 'Compilation/modules|/private/tmp/bagger-phase2d-staging-admission/node_modules/next/dist/build/webpack/loaders/css-loader/src/index.js??ruleSet[1].rules[14].oneOf[5].use[2]!/private/tmp/bagger-phase2d-staging-admission/node_modules/next/dist/build/webpack/loaders/postcss-loader/src/index.js??ruleSet[1].rules[14].oneOf[5].use[3]!/private/var/folders/1l/c2bdsd7114l3tgslqq4np9qc0000gn/T/bagger-r2-application-rEjeki/app/admin/director/ProductionFutureYearAdministrationPanel.module.css': No serializer registered for Warning
<w> while serializing webpack/lib/cache/PackFileCacheStrategy.PackContentItems -> webpack/lib/NormalModule -> Array { 1 items } -> webpack/lib/ModuleWarning -> Warning
<w> [webpack.cache.PackFileCacheStrategy] Skipped not serializable cache item 'Compilation/modules|/private/tmp/bagger-phase2d-staging-admission/node_modules/next/dist/build/webpack/loaders/css-loader/src/index.js??ruleSet[1].rules[14].oneOf[5].use[2]!/private/tmp/bagger-phase2d-staging-admission/node_modules/next/dist/build/webpack/loaders/postcss-loader/src/index.js??ruleSet[1].rules[14].oneOf[5].use[3]!/private/var/folders/1l/c2bdsd7114l3tgslqq4np9qc0000gn/T/bagger-r2-application-rEjeki/app/admin/director/net-skins-entries.module.css': No serializer registered for Warning
<w> while serializing webpack/lib/cache/PackFileCacheStrategy.PackContentItems -> webpack/lib/NormalModule -> Array { 1 items } -> webpack/lib/ModuleWarning -> Warning
 ⚠ Compiled with warnings in 2.8s

./app/admin/admin-center.module.css.webpack[javascript/auto]!=!../../../../../../tmp/bagger-phase2d-staging-admission/node_modules/next/dist/build/webpack/loaders/css-loader/src/index.js??ruleSet[1].rules[14].oneOf[5].use[2]!../../../../../../tmp/bagger-phase2d-staging-admission/node_modules/next/dist/build/webpack/loaders/postcss-loader/src/index.js??ruleSet[1].rules[14].oneOf[5].use[3]!./app/admin/admin-center.module.css
Warning

(1:1045) autoprefixer: end value has mixed support, consider using flex-end instead

Import trace for requested module:
./app/admin/admin-center.module.css.webpack[javascript/auto]!=!../../../../../../tmp/bagger-phase2d-staging-admission/node_modules/next/dist/build/webpack/loaders/css-loader/src/index.js??ruleSet[1].rules[14].oneOf[5].use[2]!../../../../../../tmp/bagger-phase2d-staging-admission/node_modules/next/dist/build/webpack/loaders/postcss-loader/src/index.js??ruleSet[1].rules[14].oneOf[5].use[3]!./app/admin/admin-center.module.css
./app/admin/admin-center.module.css
./app/admin/AdminCenter.js

./app/admin/cms-manager.module.css.webpack[javascript/auto]!=!../../../../../../tmp/bagger-phase2d-staging-admission/node_modules/next/dist/build/webpack/loaders/css-loader/src/index.js??ruleSet[1].rules[14].oneOf[5].use[2]!../../../../../../tmp/bagger-phase2d-staging-admission/node_modules/next/dist/build/webpack/loaders/postcss-loader/src/index.js??ruleSet[1].rules[14].oneOf[5].use[3]!./app/admin/cms-manager.module.css
Warning

(1:674) autoprefixer: end value has mixed support, consider using flex-end instead

Import trace for requested module:
./app/admin/cms-manager.module.css.webpack[javascript/auto]!=!../../../../../../tmp/bagger-phase2d-staging-admission/node_modules/next/dist/build/webpack/loaders/css-loader/src/index.js??ruleSet[1].rules[14].oneOf[5].use[2]!../../../../../../tmp/bagger-phase2d-staging-admission/node_modules/next/dist/build/webpack/loaders/postcss-loader/src/index.js??ruleSet[1].rules[14].oneOf[5].use[3]!./app/admin/cms-manager.module.css
./app/admin/cms-manager.module.css
./app/admin/CmsManager.js
./app/admin/AdminCenter.js

./app/admin/director/ProductionFutureYearAdministrationPanel.module.css.webpack[javascript/auto]!=!../../../../../../tmp/bagger-phase2d-staging-admission/node_modules/next/dist/build/webpack/loaders/css-loader/src/index.js??ruleSet[1].rules[14].oneOf[5].use[2]!../../../../../../tmp/bagger-phase2d-staging-admission/node_modules/next/dist/build/webpack/loaders/postcss-loader/src/index.js??ruleSet[1].rules[14].oneOf[5].use[3]!./app/admin/director/ProductionFutureYearAdministrationPanel.module.css
Warning

(1:3693) autoprefixer: end value has mixed support, consider using flex-end instead

Import trace for requested module:
./app/admin/director/ProductionFutureYearAdministrationPanel.module.css.webpack[javascript/auto]!=!../../../../../../tmp/bagger-phase2d-staging-admission/node_modules/next/dist/build/webpack/loaders/css-loader/src/index.js??ruleSet[1].rules[14].oneOf[5].use[2]!../../../../../../tmp/bagger-phase2d-staging-admission/node_modules/next/dist/build/webpack/loaders/postcss-loader/src/index.js??ruleSet[1].rules[14].oneOf[5].use[3]!./app/admin/director/ProductionFutureYearAdministrationPanel.module.css
./app/admin/director/ProductionFutureYearAdministrationPanel.module.css
./app/admin/director/ProductionFutureYearAdministrationPanel.js
./app/admin/director/ProductionDirectorConsole.js

./app/admin/director/net-skins-entries.module.css.webpack[javascript/auto]!=!../../../../../../tmp/bagger-phase2d-staging-admission/node_modules/next/dist/build/webpack/loaders/css-loader/src/index.js??ruleSet[1].rules[14].oneOf[5].use[2]!../../../../../../tmp/bagger-phase2d-staging-admission/node_modules/next/dist/build/webpack/loaders/postcss-loader/src/index.js??ruleSet[1].rules[14].oneOf[5].use[3]!./app/admin/director/net-skins-entries.module.css
Warning

(24:53) autoprefixer: end value has mixed support, consider using flex-end instead

Import trace for requested module:
./app/admin/director/net-skins-entries.module.css.webpack[javascript/auto]!=!../../../../../../tmp/bagger-phase2d-staging-admission/node_modules/next/dist/build/webpack/loaders/css-loader/src/index.js??ruleSet[1].rules[14].oneOf[5].use[2]!../../../../../../tmp/bagger-phase2d-staging-admission/node_modules/next/dist/build/webpack/loaders/postcss-loader/src/index.js??ruleSet[1].rules[14].oneOf[5].use[3]!./app/admin/director/net-skins-entries.module.css
./app/admin/director/net-skins-entries.module.css
./app/admin/director/ProductionNetSkinsEntries.js
./app/admin/director/CanonicalDirectorOperations.js
./app/admin/director/CanonicalDirectorConsole.js

./app/admin/player-passport-admin.module.css.webpack[javascript/auto]!=!../../../../../../tmp/bagger-phase2d-staging-admission/node_modules/next/dist/build/webpack/loaders/css-loader/src/index.js??ruleSet[1].rules[14].oneOf[5].use[2]!../../../../../../tmp/bagger-phase2d-staging-admission/node_modules/next/dist/build/webpack/loaders/postcss-loader/src/index.js??ruleSet[1].rules[14].oneOf[5].use[3]!./app/admin/player-passport-admin.module.css
Warning

(1:108) autoprefixer: end value has mixed support, consider using flex-end instead

Import trace for requested module:
./app/admin/player-passport-admin.module.css.webpack[javascript/auto]!=!../../../../../../tmp/bagger-phase2d-staging-admission/node_modules/next/dist/build/webpack/loaders/css-loader/src/index.js??ruleSet[1].rules[14].oneOf[5].use[2]!../../../../../../tmp/bagger-phase2d-staging-admission/node_modules/next/dist/build/webpack/loaders/postcss-loader/src/index.js??ruleSet[1].rules[14].oneOf[5].use[3]!./app/admin/player-passport-admin.module.css
./app/admin/player-passport-admin.module.css
./app/admin/PlayerPassportAdmin.js
./app/admin/AdminCenter.js

./app/draft/draft.module.css.webpack[javascript/auto]!=!../../../../../../tmp/bagger-phase2d-staging-admission/node_modules/next/dist/build/webpack/loaders/css-loader/src/index.js??ruleSet[1].rules[14].oneOf[5].use[2]!../../../../../../tmp/bagger-phase2d-staging-admission/node_modules/next/dist/build/webpack/loaders/postcss-loader/src/index.js??ruleSet[1].rules[14].oneOf[5].use[3]!./app/draft/draft.module.css
Warning

(1:1661) autoprefixer: end value has mixed support, consider using flex-end instead

Import trace for requested module:
./app/draft/draft.module.css.webpack[javascript/auto]!=!../../../../../../tmp/bagger-phase2d-staging-admission/node_modules/next/dist/build/webpack/loaders/css-loader/src/index.js??ruleSet[1].rules[14].oneOf[5].use[2]!../../../../../../tmp/bagger-phase2d-staging-admission/node_modules/next/dist/build/webpack/loaders/postcss-loader/src/index.js??ruleSet[1].rules[14].oneOf[5].use[3]!./app/draft/draft.module.css
./app/draft/draft.module.css

./app/historical.module.css.webpack[javascript/auto]!=!../../../../../../tmp/bagger-phase2d-staging-admission/node_modules/next/dist/build/webpack/loaders/css-loader/src/index.js??ruleSet[1].rules[14].oneOf[5].use[2]!../../../../../../tmp/bagger-phase2d-staging-admission/node_modules/next/dist/build/webpack/loaders/postcss-loader/src/index.js??ruleSet[1].rules[14].oneOf[5].use[3]!./app/historical.module.css
Warning

(2285:3) autoprefixer: end value has mixed support, consider using flex-end instead

Import trace for requested module:
./app/historical.module.css.webpack[javascript/auto]!=!../../../../../../tmp/bagger-phase2d-staging-admission/node_modules/next/dist/build/webpack/loaders/css-loader/src/index.js??ruleSet[1].rules[14].oneOf[5].use[2]!../../../../../../tmp/bagger-phase2d-staging-admission/node_modules/next/dist/build/webpack/loaders/postcss-loader/src/index.js??ruleSet[1].rules[14].oneOf[5].use[3]!./app/historical.module.css
./app/historical.module.css

./app/history/historical-match-row.module.css.webpack[javascript/auto]!=!../../../../../../tmp/bagger-phase2d-staging-admission/node_modules/next/dist/build/webpack/loaders/css-loader/src/index.js??ruleSet[1].rules[14].oneOf[5].use[2]!../../../../../../tmp/bagger-phase2d-staging-admission/node_modules/next/dist/build/webpack/loaders/postcss-loader/src/index.js??ruleSet[1].rules[14].oneOf[5].use[3]!./app/history/historical-match-row.module.css
Warning

(1:1188) autoprefixer: end value has mixed support, consider using flex-end instead

Import trace for requested module:
./app/history/historical-match-row.module.css.webpack[javascript/auto]!=!../../../../../../tmp/bagger-phase2d-staging-admission/node_modules/next/dist/build/webpack/loaders/css-loader/src/index.js??ruleSet[1].rules[14].oneOf[5].use[2]!../../../../../../tmp/bagger-phase2d-staging-admission/node_modules/next/dist/build/webpack/loaders/postcss-loader/src/index.js??ruleSet[1].rules[14].oneOf[5].use[3]!./app/history/historical-match-row.module.css
./app/history/historical-match-row.module.css

./app/live/live.module.css.webpack[javascript/auto]!=!../../../../../../tmp/bagger-phase2d-staging-admission/node_modules/next/dist/build/webpack/loaders/css-loader/src/index.js??ruleSet[1].rules[14].oneOf[5].use[2]!../../../../../../tmp/bagger-phase2d-staging-admission/node_modules/next/dist/build/webpack/loaders/postcss-loader/src/index.js??ruleSet[1].rules[14].oneOf[5].use[3]!./app/live/live.module.css
Warning

(155:3) autoprefixer: end value has mixed support, consider using flex-end instead

Import trace for requested module:
./app/live/live.module.css.webpack[javascript/auto]!=!../../../../../../tmp/bagger-phase2d-staging-admission/node_modules/next/dist/build/webpack/loaders/css-loader/src/index.js??ruleSet[1].rules[14].oneOf[5].use[2]!../../../../../../tmp/bagger-phase2d-staging-admission/node_modules/next/dist/build/webpack/loaders/postcss-loader/src/index.js??ruleSet[1].rules[14].oneOf[5].use[3]!./app/live/live.module.css
./app/live/live.module.css

./app/odds-center/odds.module.css.webpack[javascript/auto]!=!../../../../../../tmp/bagger-phase2d-staging-admission/node_modules/next/dist/build/webpack/loaders/css-loader/src/index.js??ruleSet[1].rules[14].oneOf[5].use[2]!../../../../../../tmp/bagger-phase2d-staging-admission/node_modules/next/dist/build/webpack/loaders/postcss-loader/src/index.js??ruleSet[1].rules[14].oneOf[5].use[3]!./app/odds-center/odds.module.css
Warning

(1:1051) autoprefixer: end value has mixed support, consider using flex-end instead

Import trace for requested module:
./app/odds-center/odds.module.css.webpack[javascript/auto]!=!../../../../../../tmp/bagger-phase2d-staging-admission/node_modules/next/dist/build/webpack/loaders/css-loader/src/index.js??ruleSet[1].rules[14].oneOf[5].use[2]!../../../../../../tmp/bagger-phase2d-staging-admission/node_modules/next/dist/build/webpack/loaders/postcss-loader/src/index.js??ruleSet[1].rules[14].oneOf[5].use[3]!./app/odds-center/odds.module.css
./app/odds-center/odds.module.css
./app/odds-center/OddsCenter.js

./app/war-room/war-room.module.css.webpack[javascript/auto]!=!../../../../../../tmp/bagger-phase2d-staging-admission/node_modules/next/dist/build/webpack/loaders/css-loader/src/index.js??ruleSet[1].rules[14].oneOf[5].use[2]!../../../../../../tmp/bagger-phase2d-staging-admission/node_modules/next/dist/build/webpack/loaders/postcss-loader/src/index.js??ruleSet[1].rules[14].oneOf[5].use[3]!./app/war-room/war-room.module.css
Warning

(5:240) autoprefixer: end value has mixed support, consider using flex-end instead

Import trace for requested module:
./app/war-room/war-room.module.css.webpack[javascript/auto]!=!../../../../../../tmp/bagger-phase2d-staging-admission/node_modules/next/dist/build/webpack/loaders/css-loader/src/index.js??ruleSet[1].rules[14].oneOf[5].use[2]!../../../../../../tmp/bagger-phase2d-staging-admission/node_modules/next/dist/build/webpack/loaders/postcss-loader/src/index.js??ruleSet[1].rules[14].oneOf[5].use[3]!./app/war-room/war-room.module.css
./app/war-room/war-room.module.css
./app/war-room/WarRoom.js

./app/war-room/war-room.module.css.webpack[javascript/auto]!=!../../../../../../tmp/bagger-phase2d-staging-admission/node_modules/next/dist/build/webpack/loaders/css-loader/src/index.js??ruleSet[1].rules[14].oneOf[5].use[2]!../../../../../../tmp/bagger-phase2d-staging-admission/node_modules/next/dist/build/webpack/loaders/postcss-loader/src/index.js??ruleSet[1].rules[14].oneOf[5].use[3]!./app/war-room/war-room.module.css
Warning

(19:50) autoprefixer: end value has mixed support, consider using flex-end instead

Import trace for requested module:
./app/war-room/war-room.module.css.webpack[javascript/auto]!=!../../../../../../tmp/bagger-phase2d-staging-admission/node_modules/next/dist/build/webpack/loaders/css-loader/src/index.js??ruleSet[1].rules[14].oneOf[5].use[2]!../../../../../../tmp/bagger-phase2d-staging-admission/node_modules/next/dist/build/webpack/loaders/postcss-loader/src/index.js??ruleSet[1].rules[14].oneOf[5].use[3]!./app/war-room/war-room.module.css
./app/war-room/war-room.module.css
./app/war-room/WarRoom.js

 ✓ Compiled successfully in 10.5s
   Linting and checking validity of types ...
   Collecting page data ...
   Generating static pages (0/19) ...
   Generating static pages (4/19) 
   Generating static pages (9/19) 
   Generating static pages (14/19) 
 ✓ Generating static pages (19/19)
   Finalizing page optimization ...
   Collecting build traces ...

Route (app)                                                           Size  First Load JS
┌ ƒ /                                                              4.42 kB         115 kB
├ ○ /_not-found                                                    1.01 kB         104 kB
├ ○ /activate                                                      1.93 kB         108 kB
├ ƒ /admin                                                         24.6 kB         141 kB
├ ○ /admin/data-health                                               472 B         103 kB
├ ƒ /admin/director                                                 127 kB         278 kB
├ ƒ /admin/director/completed-history                              2.06 kB         113 kB
├ ƒ /admin/director/game-center-readiness                            411 B         151 kB
├ ƒ /admin/live-matches                                              472 B         103 kB
├ ○ /admin/publish-odds                                              472 B         103 kB
├ ƒ /admin/source-audit                                            1.01 kB         104 kB
├ ƒ /admin/step11-6-production-google-writer-fence                 6.51 kB         114 kB
├ ƒ /admin/step12-production-google-writer-provider-fence          5.24 kB         112 kB
├ ƒ /admin/tournament-guide                                          472 B         103 kB
├ ƒ /api/admin/cms                                                   472 B         103 kB
├ ƒ /api/admin/data-authority-certification                          472 B         103 kB
├ ƒ /api/admin/draft-projection                                      472 B         103 kB
├ ƒ /api/admin/production-calcutta-v1                                472 B         103 kB
├ ƒ /api/admin/production-director-synchronization                   472 B         103 kB
├ ƒ /api/admin/production-maintenance-precommit-deployment-rebind    472 B         103 kB
├ ƒ /api/admin/production-net-skins-v1                               472 B         103 kB
├ ƒ /api/admin/production-odds-calculations                          472 B         103 kB
├ ƒ /api/admin/scorecard-calibration                                 472 B         103 kB
├ ƒ /api/admin/session                                               472 B         103 kB
├ ƒ /api/admin/step11-6-production-google-writer-fence               472 B         103 kB
├ ƒ /api/admin/step11-production-google-certificate                  472 B         103 kB
├ ƒ /api/admin/step11-production-google-metadata                     472 B         103 kB
├ ƒ /api/admin/step11-scoring-rehearsal                              472 B         103 kB
├ ƒ /api/admin/tournament                                            472 B         103 kB
├ ƒ /api/admin/war-room-calculation-parity                           472 B         103 kB
├ ƒ /api/admin/war-room-input-parity                                 472 B         103 kB
├ ƒ /api/auth/hooks/send-sms                                         472 B         103 kB
├ ƒ /api/captains-briefing                                           472 B         103 kB
├ ƒ /api/cron/account-deletion                                       472 B         103 kB
├ ƒ /api/cron/future-match-google-compatibility                      472 B         103 kB
├ ƒ /api/cron/guide-sync                                             472 B         103 kB
├ ƒ /api/cron/guide-sync/diagnostics                                 472 B         103 kB
├ ƒ /api/cron/round-scorecards-archive                               472 B         103 kB
├ ƒ /api/cron/scoring-google-outbox                                  472 B         103 kB
├ ƒ /api/director                                                    472 B         103 kB
├ ƒ /api/director/access                                             472 B         103 kB
├ ƒ /api/director/canonical-odds                                     472 B         103 kB
├ ƒ /api/director/canonical-operations                               472 B         103 kB
├ ƒ /api/director/canonical-overview                                 472 B         103 kB
├ ƒ /api/director/completed-history                                  472 B         103 kB
├ ƒ /api/director/draft                                              472 B         103 kB
├ ƒ /api/director/entitlement                                        472 B         103 kB
├ ƒ /api/director/future-tournaments                                 472 B         103 kB
├ ƒ /api/director/future-tournaments/google-writer                   472 B         103 kB
├ ƒ /api/director/guide                                              472 B         103 kB
├ ƒ /api/director/guide-content                                      472 B         103 kB
├ ƒ /api/director/handicaps                                          472 B         103 kB
├ ƒ /api/director/identity-shadow-diagnostics                        472 B         103 kB
├ ƒ /api/director/impersonation                                      472 B         103 kB
├ ƒ /api/director/net-skins-entries                                  472 B         103 kB
├ ƒ /api/director/notifications/sandbox                              472 B         103 kB
├ ƒ /api/director/odds-publication                                   472 B         103 kB
├ ƒ /api/director/participant-identity                               472 B         103 kB
├ ƒ /api/director/players-access                                     472 B         103 kB
├ ƒ /api/director/prediction-settings                                472 B         103 kB
├ ƒ /api/director/production-overview                                472 B         103 kB
├ ƒ /api/director/reset-preview                                      472 B         103 kB
├ ƒ /api/director/round-scoring                                      472 B         103 kB
├ ƒ /api/director/scoring-authority                                  472 B         103 kB
├ ƒ /api/director/scoring-shadow                                     472 B         103 kB
├ ƒ /api/director/scoring-shadow/benchmark                           472 B         103 kB
├ ƒ /api/director/scoring-shadow/phase2-dry-run                      472 B         103 kB
├ ƒ /api/director/tournament-awards                                  472 B         103 kB
├ ƒ /api/director/tournament-setup                                   472 B         103 kB
├ ƒ /api/draft-analysis                                              472 B         103 kB
├ ƒ /api/draft-analytics                                             472 B         103 kB
├ ƒ /api/entry                                                       472 B         103 kB
├ ƒ /api/game-center/[matchId]                                       472 B         103 kB
├ ƒ /api/leaderboards/calcutta                                       472 B         103 kB
├ ƒ /api/leaderboards/core                                           472 B         103 kB
├ ƒ /api/leaderboards/insights                                       472 B         103 kB
├ ƒ /api/leaderboards/net-skins                                      472 B         103 kB
├ ƒ /api/live                                                        472 B         103 kB
├ ƒ /api/live-matches                                                472 B         103 kB
├ ƒ /api/mobile/v1/account/deletion                                  472 B         103 kB
├ ƒ /api/mobile/v1/auth/captcha                                      472 B         103 kB
├ ƒ /api/mobile/v1/auth/certification/renew                          472 B         103 kB
├ ƒ /api/mobile/v1/auth/otp/certify                                  472 B         103 kB
├ ƒ /api/mobile/v1/auth/otp/phone                                    472 B         103 kB
├ ƒ /api/mobile/v1/auth/otp/request                                  472 B         103 kB
├ ƒ /api/mobile/v1/calcutta                                          472 B         103 kB
├ ƒ /api/mobile/v1/guide                                             472 B         103 kB
├ ƒ /api/mobile/v1/health                                            472 B         103 kB
├ ƒ /api/mobile/v1/history                                           472 B         103 kB
├ ƒ /api/mobile/v1/history/[year]                                    472 B         103 kB
├ ƒ /api/mobile/v1/leaders                                           472 B         103 kB
├ ƒ /api/mobile/v1/matches                                           472 B         103 kB
├ ƒ /api/mobile/v1/matches/[matchId]                                 472 B         103 kB
├ ƒ /api/mobile/v1/net-skins                                         472 B         103 kB
├ ƒ /api/mobile/v1/odds                                              472 B         103 kB
├ ƒ /api/mobile/v1/passport                                          472 B         103 kB
├ ƒ /api/mobile/v1/portrait-policy                                   472 B         103 kB
├ ƒ /api/mobile/v1/records                                           472 B         103 kB
├ ƒ /api/mobile/v1/schedule                                          472 B         103 kB
├ ƒ /api/mobile/v1/scoring/current                                   472 B         103 kB
├ ƒ /api/mobile/v1/scoring/finalize                                  472 B         103 kB
├ ƒ /api/mobile/v1/scoring/hole                                      472 B         103 kB
├ ƒ /api/mobile/v1/scoring/mutation-status                           472 B         103 kB
├ ƒ /api/mobile/v1/session                                           472 B         103 kB
├ ƒ /api/mobile/v1/today                                             472 B         103 kB
├ ƒ /api/my-match                                                    472 B         103 kB
├ ƒ /api/odds/calculations                                           472 B         103 kB
├ ƒ /api/odds/inputs                                                 472 B         103 kB
├ ƒ /api/odds/prediction-settings                                    472 B         103 kB
├ ƒ /api/odds/publication-operations                                 472 B         103 kB
├ ƒ /api/odds/publish                                                472 B         103 kB
├ ƒ /api/odds/publish-preview                                        472 B         103 kB
├ ƒ /api/participant/auth/diagnostics                                472 B         103 kB
├ ƒ /api/participant/auth/otp/request                                472 B         103 kB
├ ƒ /api/participant/auth/otp/verify                                 472 B         103 kB
├ ƒ /api/participant/auth/phone                                      472 B         103 kB
├ ƒ /api/participant/auth/phone-enrollment                           472 B         103 kB
├ ƒ /api/participant/auth/phone-login-proof                          472 B         103 kB
├ ƒ /api/participant/auth/session                                    472 B         103 kB
├ ƒ /api/participant/context                                         472 B         103 kB
├ ƒ /api/participant/home                                            472 B         103 kB
├ ƒ /api/participant/tournament-guide                                472 B         103 kB
├ ƒ /api/player-passport/activation                                  472 B         103 kB
├ ƒ /api/player-passport/admin                                       472 B         103 kB
├ ƒ /api/player-passport/initialize                                  472 B         103 kB
├ ƒ /api/player-passport/matches                                     472 B         103 kB
├ ƒ /api/player-passport/notifications                               472 B         103 kB
├ ƒ /api/player-passport/readiness                                   472 B         103 kB
├ ƒ /api/player-passport/session                                     472 B         103 kB
├ ƒ /api/preview-environment                                         472 B         103 kB
├ ƒ /api/preview-reliability                                         472 B         103 kB
├ ƒ /api/scoring/access                                              472 B         103 kB
├ ƒ /api/scoring/current                                             472 B         103 kB
├ ƒ /api/scoring/diagnostics                                         472 B         103 kB
├ ƒ /api/scoring/matches                                             472 B         103 kB
├ ƒ /api/scoring/matches/[matchId]                                   472 B         103 kB
├ ƒ /api/scoring/mutation-status                                     472 B         103 kB
├ ƒ /api/scoring/session                                             472 B         103 kB
├ ƒ /api/spectator/[resource]                                        472 B         103 kB
├ ƒ /api/spectator/golf/[...path]                                    472 B         103 kB
├ ƒ /api/tournament-guide                                            472 B         103 kB
├ ƒ /api/tournament-guide/schema                                     472 B         103 kB
├ ƒ /api/tournament/foundation                                       472 B         103 kB
├ ƒ /api/tournament/live                                             472 B         103 kB
├ ƒ /api/tournament/secondary                                        472 B         103 kB
├ ○ /app                                                             472 B         103 kB
├ ƒ /app/courses                                                     146 B         118 kB
├ ƒ /app/courses/[courseId]                                        1.35 kB         118 kB
├ ƒ /app/courses/[courseId]/holes/[holeNumber]                      4.4 kB         115 kB
├ ƒ /app/guide                                                     4.18 kB         115 kB
├ ƒ /app/guide/[section]                                             145 B         121 kB
├ ƒ /app/history                                                     143 B         118 kB
├ ƒ /app/history/[year]                                             2.7 kB         119 kB
├ ƒ /app/history/[year]/round/[round]                                153 B         126 kB
├ ƒ /app/history/[year]/team/[side]                                4.05 kB         125 kB
├ ƒ /app/leaderboards                                                30 kB         146 kB
├ ƒ /app/odds                                                        136 B         117 kB
├ ƒ /app/players                                                     140 B         117 kB
├ ƒ /app/players/[slug]                                              150 B         127 kB
├ ƒ /app/tournament                                                  214 B         145 kB
├ ○ /apple-icon.png                                                    0 B            0 B
├ ƒ /board-of-governors                                              140 B         117 kB
├ ƒ /champions                                                     6.57 kB         117 kB
├ ƒ /champions/[year]                                              6.74 kB         118 kB
├ ƒ /compare                                                       11.4 kB         122 kB
├ ƒ /courses                                                         145 B         118 kB
├ ƒ /courses/[courseId]                                            1.35 kB         118 kB
├ ƒ /courses/[courseId]/holes/[holeNumber]                          4.4 kB         115 kB
├ ƒ /data-health                                                     636 B         111 kB
├ ƒ /draft                                                           912 B         118 kB
├ ƒ /draft/[year]                                                    912 B         118 kB
├ ƒ /draft/analytics                                               6.42 kB         123 kB
├ ƒ /enter                                                         1.74 kB         105 kB
├ ƒ /follow/[[...path]]                                            8.17 kB         117 kB
├ ƒ /game-center/[matchId]                                         11.3 kB         118 kB
├ ƒ /history                                                         143 B         118 kB
├ ƒ /history/[year]                                                 2.7 kB         119 kB
├ ƒ /history/[year]/round/[round]                                    153 B         126 kB
├ ƒ /history/[year]/team/[side]                                    4.05 kB         125 kB
├ ƒ /home                                                          18.2 kB         137 kB
├ ○ /icon.png                                                          0 B            0 B
├ ƒ /live                                                            232 B         149 kB
├ ○ /manifest.webmanifest                                            472 B         103 kB
├ ƒ /me                                                             8.8 kB         115 kB
├ ƒ /me/verify-mobile                                              2.92 kB         109 kB
├ ƒ /my-match                                                        147 B         141 kB
├ ƒ /odds-center                                                     136 B         117 kB
├ ○ /odds-center/admin                                               472 B         103 kB
├ ƒ /participant-auth                                              13.1 kB         116 kB
├ ƒ /players                                                         140 B         117 kB
├ ƒ /players/[slug]                                                  150 B         127 kB
├ ○ /privacy                                                         171 B         106 kB
├ ƒ /ratings                                                       1.32 kB         112 kB
├ ƒ /records                                                        4.4 kB         115 kB
├ ƒ /records/[slug]                                                8.57 kB         119 kB
├ ○ /robots.txt                                                      472 B         103 kB
├ ○ /rules                                                           472 B         103 kB
├ ƒ /score                                                           147 B         141 kB
├ ƒ /score/access/[token]                                            472 B         103 kB
├ ○ /sitemap.xml                                                     472 B         103 kB
├ ƒ /statistics                                                    4.25 kB         115 kB
├ ƒ /statistics/handicaps                                            140 B         117 kB
├ ƒ /statistics/partnerships                                         140 B         117 kB
├ ƒ /statistics/rivalries                                            139 B         117 kB
├ ○ /support                                                         171 B         106 kB
├ ƒ /tournament-guide                                              4.18 kB         115 kB
├ ƒ /tournament-guide/[section]                                      145 B         121 kB
├ ƒ /war-room                                                      18.6 kB         135 kB
├ ƒ /war-room/lineup-optimizer                                     5.25 kB         122 kB
├ ƒ /war-room/simulator                                              472 B         103 kB
└ ƒ /war-room/team-intelligence                                    8.57 kB         125 kB
+ First Load JS shared by all                                       103 kB
  ├ chunks/1547-c7ee97a2117cbca9.js                                  46 kB
  ├ chunks/7a57e81c-045bb389ab8ee4ac.js                            54.2 kB
  └ other shared chunks (total)                                    2.68 kB


○  (Static)   prerendered as static content
ƒ  (Dynamic)  server-rendered on demand


   ▲ Next.js 15.5.18
   - Local:        http://127.0.0.1:62006
   - Network:      http://127.0.0.1:62006

 ✓ Starting...
 ✓ Ready in 161ms
(node:66505) ExperimentalWarning: localStorage is not available because --localstorage-file was not provided.
(Use `node --trace-warnings ...` to show where the warning was created)
{"schema_version":1,"timestamp":"2026-10-03T02:13:39.367Z","event":"RPC","request_id":"d61a3399-431a-448f-9e11-1ff5cfd085b1","correlation_id":"d61a3399-431a-448f-9e11-1ff5cfd085b1","route":"/api/tournament/live","domain":"TOURNAMENT_READ","feature":"TOURNAMENT_READ","release":null,"release_source":"UNAVAILABLE","activation":null,"activation_source":"UNAVAILABLE","sha":"cccccccccccccccccccccccccccccccccccccccc","operation_id":null,"mutation_id":null,"job_id":null,"match_id":null,"round":null,"target_count":null,"authority_revision":null,"authority_fingerprint":null,"latency_ms":24.121,"http_status":200,"query_family":"read_certification_runtime_context_v1","phase":"rpc_transport","outcome":"NOT_APPLICABLE","error_class":null,"domain_error_code":null,"sqlstate":null,"canonical_readback":"NOT_OBSERVED","dropped_events":0}
{"schema_version":1,"timestamp":"2026-10-03T02:13:39.367Z","event":"RPC","request_id":"d61a3399-431a-448f-9e11-1ff5cfd085b1","correlation_id":"d61a3399-431a-448f-9e11-1ff5cfd085b1","route":"/api/tournament/live","domain":"TOURNAMENT_READ","feature":"TOURNAMENT_READ","release":null,"release_source":"UNAVAILABLE","activation":null,"activation_source":"UNAVAILABLE","sha":"cccccccccccccccccccccccccccccccccccccccc","operation_id":null,"mutation_id":null,"job_id":null,"match_id":null,"round":null,"target_count":null,"authority_revision":null,"authority_fingerprint":null,"latency_ms":10.513,"http_status":200,"query_family":"read_certification_runtime_context_v1","phase":"rpc_transport","outcome":"NOT_APPLICABLE","error_class":null,"domain_error_code":null,"sqlstate":null,"canonical_readback":"NOT_OBSERVED","dropped_events":0}
{"schema_version":1,"timestamp":"2026-10-03T02:13:39.397Z","event":"RPC","request_id":"d61a3399-431a-448f-9e11-1ff5cfd085b1","correlation_id":"d61a3399-431a-448f-9e11-1ff5cfd085b1","route":"/api/tournament/live","domain":"TOURNAMENT_READ","feature":"TOURNAMENT_READ","release":null,"release_source":"UNAVAILABLE","activation":1,"activation_source":"AUTHORITY_READ","sha":"cccccccccccccccccccccccccccccccccccccccc","operation_id":null,"mutation_id":null,"job_id":null,"match_id":null,"round":null,"target_count":null,"authority_revision":null,"authority_fingerprint":null,"latency_ms":29.516,"http_status":200,"query_family":"read_certification_projection_v1","phase":"rpc_transport","outcome":"NOT_APPLICABLE","error_class":null,"domain_error_code":null,"sqlstate":null,"canonical_readback":"NOT_OBSERVED","dropped_events":0}
{"schema_version":1,"timestamp":"2026-10-03T02:13:39.397Z","event":"RPC","request_id":"d61a3399-431a-448f-9e11-1ff5cfd085b1","correlation_id":"d61a3399-431a-448f-9e11-1ff5cfd085b1","route":"/api/tournament/live","domain":"TOURNAMENT_READ","feature":"TOURNAMENT_READ","release":null,"release_source":"UNAVAILABLE","activation":1,"activation_source":"AUTHORITY_READ","sha":"cccccccccccccccccccccccccccccccccccccccc","operation_id":null,"mutation_id":null,"job_id":null,"match_id":null,"round":null,"target_count":null,"authority_revision":null,"authority_fingerprint":null,"latency_ms":11.934,"http_status":200,"query_family":"read_certification_projection_v1","phase":"rpc_transport","outcome":"NOT_APPLICABLE","error_class":"INTERNAL_ERROR","domain_error_code":null,"sqlstate":null,"canonical_readback":"NOT_OBSERVED","dropped_events":0}
{"schema_version":1,"timestamp":"2026-10-03T02:13:39.411Z","event":"RPC","request_id":"d61a3399-431a-448f-9e11-1ff5cfd085b1","correlation_id":"d61a3399-431a-448f-9e11-1ff5cfd085b1","route":"/api/tournament/live","domain":"TOURNAMENT_READ","feature":"TOURNAMENT_READ","release":null,"release_source":"UNAVAILABLE","activation":1,"activation_source":"AUTHORITY_READ","sha":"cccccccccccccccccccccccccccccccccccccccc","operation_id":null,"mutation_id":null,"job_id":null,"match_id":null,"round":null,"target_count":null,"authority_revision":null,"authority_fingerprint":null,"latency_ms":10.049,"http_status":200,"query_family":"read_certification_runtime_context_v1","phase":"rpc_transport","outcome":"NOT_APPLICABLE","error_class":null,"domain_error_code":null,"sqlstate":null,"canonical_readback":"NOT_OBSERVED","dropped_events":0}
{"schema_version":1,"timestamp":"2026-10-03T02:13:39.423Z","event":"RPC","request_id":"d61a3399-431a-448f-9e11-1ff5cfd085b1","correlation_id":"d61a3399-431a-448f-9e11-1ff5cfd085b1","route":"/api/tournament/live","domain":"TOURNAMENT_READ","feature":"TOURNAMENT_READ","release":null,"release_source":"UNAVAILABLE","activation":1,"activation_source":"AUTHORITY_READ","sha":"cccccccccccccccccccccccccccccccccccccccc","operation_id":null,"mutation_id":null,"job_id":null,"match_id":null,"round":null,"target_count":null,"authority_revision":null,"authority_fingerprint":null,"latency_ms":11.874,"http_status":200,"query_family":"read_certification_projection_v1","phase":"rpc_transport","outcome":"NOT_APPLICABLE","error_class":null,"domain_error_code":null,"sqlstate":null,"canonical_readback":"NOT_OBSERVED","dropped_events":0}
{"schema_version":1,"timestamp":"2026-10-03T02:13:39.423Z","event":"REQUEST","request_id":"d61a3399-431a-448f-9e11-1ff5cfd085b1","correlation_id":"d61a3399-431a-448f-9e11-1ff5cfd085b1","route":"/api/tournament/live","domain":"TOURNAMENT_READ","feature":"TOURNAMENT_READ","release":null,"release_source":"UNAVAILABLE","activation":1,"activation_source":"AUTHORITY_READ","sha":"cccccccccccccccccccccccccccccccccccccccc","operation_id":null,"mutation_id":null,"job_id":null,"match_id":null,"round":null,"target_count":null,"authority_revision":null,"authority_fingerprint":null,"latency_ms":82.317,"http_status":200,"query_family":null,"phase":null,"outcome":"NOT_APPLICABLE","error_class":null,"domain_error_code":null,"sqlstate":null,"canonical_readback":"NOT_OBSERVED","dropped_events":0}
Runtime performance {
  operation: 'GET /api/live',
  totalMs: 0,
  blocked: true,
  source: 'supabase'
}
{"schema_version":1,"timestamp":"2026-10-03T02:13:39.428Z","event":"REQUEST","request_id":"a33bbf5c-0c8e-47d7-9faa-7e08f63094ce","correlation_id":"a33bbf5c-0c8e-47d7-9faa-7e08f63094ce","route":"/api/live","domain":"TOURNAMENT_READ","feature":"TOURNAMENT_READ","release":null,"release_source":"UNAVAILABLE","activation":null,"activation_source":"UNAVAILABLE","sha":"cccccccccccccccccccccccccccccccccccccccc","operation_id":null,"mutation_id":null,"job_id":null,"match_id":null,"round":null,"target_count":null,"authority_revision":null,"authority_fingerprint":null,"latency_ms":0.676,"http_status":409,"query_family":null,"phase":null,"outcome":"NOT_APPLICABLE","error_class":"CONFLICT","domain_error_code":null,"sqlstate":null,"canonical_readback":"NOT_OBSERVED","dropped_events":0}
{"schema_version":1,"timestamp":"2026-10-03T02:13:39.435Z","event":"REQUEST","request_id":"a181f0c5-be0e-4fd9-9c71-7ed186d83a30","correlation_id":"a181f0c5-be0e-4fd9-9c71-7ed186d83a30","route":"/api/director/canonical-operations","domain":"DIRECTOR","feature":"DIRECTOR","release":null,"release_source":"UNAVAILABLE","activation":null,"activation_source":"UNAVAILABLE","sha":"cccccccccccccccccccccccccccccccccccccccc","operation_id":null,"mutation_id":null,"job_id":null,"match_id":null,"round":null,"target_count":null,"authority_revision":null,"authority_fingerprint":null,"latency_ms":2.647,"http_status":403,"query_family":null,"phase":null,"outcome":"NOT_APPLICABLE","error_class":"AUTHORIZATION_DENIED","domain_error_code":null,"sqlstate":null,"canonical_readback":"NOT_OBSERVED","dropped_events":0}
{"schema_version":1,"timestamp":"2026-10-03T02:13:39.453Z","event":"RPC","request_id":"cd7710bb-456e-4fdc-bf34-1d7e20ca9bbc","correlation_id":"cd7710bb-456e-4fdc-bf34-1d7e20ca9bbc","route":"/api/director/canonical-operations","domain":"TOURNAMENT_READ","feature":"DIRECTOR","release":null,"release_source":"UNAVAILABLE","activation":null,"activation_source":"UNAVAILABLE","sha":"cccccccccccccccccccccccccccccccccccccccc","operation_id":null,"mutation_id":null,"job_id":null,"match_id":null,"round":null,"target_count":null,"authority_revision":null,"authority_fingerprint":null,"latency_ms":10.686,"http_status":200,"query_family":"read_certification_runtime_context_v1","phase":"rpc_transport","outcome":"NOT_APPLICABLE","error_class":null,"domain_error_code":null,"sqlstate":null,"canonical_readback":"NOT_OBSERVED","dropped_events":0}
{"schema_version":1,"timestamp":"2026-10-03T02:13:39.463Z","event":"RPC","request_id":"cd7710bb-456e-4fdc-bf34-1d7e20ca9bbc","correlation_id":"cd7710bb-456e-4fdc-bf34-1d7e20ca9bbc","route":"/api/director/canonical-operations","domain":"TOURNAMENT_READ","feature":"DIRECTOR","release":null,"release_source":"UNAVAILABLE","activation":null,"activation_source":"UNAVAILABLE","sha":"cccccccccccccccccccccccccccccccccccccccc","operation_id":null,"mutation_id":null,"job_id":null,"match_id":null,"round":null,"target_count":null,"authority_revision":null,"authority_fingerprint":null,"latency_ms":10.36,"http_status":200,"query_family":"read_certification_runtime_context_v1","phase":"rpc_transport","outcome":"NOT_APPLICABLE","error_class":null,"domain_error_code":null,"sqlstate":null,"canonical_readback":"NOT_OBSERVED","dropped_events":0}
{"schema_version":1,"timestamp":"2026-10-03T02:13:39.475Z","event":"RPC","request_id":"cd7710bb-456e-4fdc-bf34-1d7e20ca9bbc","correlation_id":"cd7710bb-456e-4fdc-bf34-1d7e20ca9bbc","route":"/api/director/canonical-operations","domain":"TOURNAMENT_READ","feature":"DIRECTOR","release":null,"release_source":"UNAVAILABLE","activation":null,"activation_source":"UNAVAILABLE","sha":"cccccccccccccccccccccccccccccccccccccccc","operation_id":null,"mutation_id":null,"job_id":null,"match_id":null,"round":null,"target_count":null,"authority_revision":null,"authority_fingerprint":null,"latency_ms":11.806,"http_status":200,"query_family":"read_certification_projection_v1","phase":"rpc_transport","outcome":"NOT_APPLICABLE","error_class":null,"domain_error_code":null,"sqlstate":null,"canonical_readback":"NOT_OBSERVED","dropped_events":0}
{"schema_version":1,"timestamp":"2026-10-03T02:13:39.476Z","event":"REQUEST","request_id":"cd7710bb-456e-4fdc-bf34-1d7e20ca9bbc","correlation_id":"cd7710bb-456e-4fdc-bf34-1d7e20ca9bbc","route":"/api/director/canonical-operations","domain":"DIRECTOR","feature":"DIRECTOR","release":null,"release_source":"UNAVAILABLE","activation":null,"activation_source":"UNAVAILABLE","sha":"cccccccccccccccccccccccccccccccccccccccc","operation_id":null,"mutation_id":null,"job_id":null,"match_id":null,"round":null,"target_count":null,"authority_revision":null,"authority_fingerprint":null,"latency_ms":37.832,"http_status":403,"query_family":null,"phase":null,"outcome":"NOT_APPLICABLE","error_class":"AUTHORIZATION_DENIED","domain_error_code":null,"sqlstate":null,"canonical_readback":"NOT_OBSERVED","dropped_events":0}
{"schema_version":1,"timestamp":"2026-10-03T02:13:39.489Z","event":"RPC","request_id":"bbbc8e32-cf35-48ec-a98f-32ca0b3ad15e","correlation_id":"bbbc8e32-cf35-48ec-a98f-32ca0b3ad15e","route":"/api/director/canonical-operations","domain":"TOURNAMENT_READ","feature":"DIRECTOR","release":null,"release_source":"UNAVAILABLE","activation":null,"activation_source":"UNAVAILABLE","sha":"cccccccccccccccccccccccccccccccccccccccc","operation_id":null,"mutation_id":null,"job_id":null,"match_id":null,"round":null,"target_count":null,"authority_revision":null,"authority_fingerprint":null,"latency_ms":9.983,"http_status":200,"query_family":"read_certification_runtime_context_v1","phase":"rpc_transport","outcome":"NOT_APPLICABLE","error_class":null,"domain_error_code":null,"sqlstate":null,"canonical_readback":"NOT_OBSERVED","dropped_events":0}
{"schema_version":1,"timestamp":"2026-10-03T02:13:39.499Z","event":"RPC","request_id":"bbbc8e32-cf35-48ec-a98f-32ca0b3ad15e","correlation_id":"bbbc8e32-cf35-48ec-a98f-32ca0b3ad15e","route":"/api/director/canonical-operations","domain":"TOURNAMENT_READ","feature":"DIRECTOR","release":null,"release_source":"UNAVAILABLE","activation":null,"activation_source":"UNAVAILABLE","sha":"cccccccccccccccccccccccccccccccccccccccc","operation_id":null,"mutation_id":null,"job_id":null,"match_id":null,"round":null,"target_count":null,"authority_revision":null,"authority_fingerprint":null,"latency_ms":9.674,"http_status":200,"query_family":"read_certification_runtime_context_v1","phase":"rpc_transport","outcome":"NOT_APPLICABLE","error_class":null,"domain_error_code":null,"sqlstate":null,"canonical_readback":"NOT_OBSERVED","dropped_events":0}
{"schema_version":1,"timestamp":"2026-10-03T02:13:39.510Z","event":"RPC","request_id":"bbbc8e32-cf35-48ec-a98f-32ca0b3ad15e","correlation_id":"bbbc8e32-cf35-48ec-a98f-32ca0b3ad15e","route":"/api/director/canonical-operations","domain":"TOURNAMENT_READ","feature":"DIRECTOR","release":null,"release_source":"UNAVAILABLE","activation":null,"activation_source":"UNAVAILABLE","sha":"cccccccccccccccccccccccccccccccccccccccc","operation_id":null,"mutation_id":null,"job_id":null,"match_id":null,"round":null,"target_count":null,"authority_revision":null,"authority_fingerprint":null,"latency_ms":11.491,"http_status":200,"query_family":"read_certification_projection_v1","phase":"rpc_transport","outcome":"NOT_APPLICABLE","error_class":null,"domain_error_code":null,"sqlstate":null,"canonical_readback":"NOT_OBSERVED","dropped_events":0}
{"schema_version":1,"timestamp":"2026-10-03T02:13:39.521Z","event":"RPC","request_id":"bbbc8e32-cf35-48ec-a98f-32ca0b3ad15e","correlation_id":"bbbc8e32-cf35-48ec-a98f-32ca0b3ad15e","route":"/api/director/canonical-operations","domain":"ROUND_CONTROL","feature":"DIRECTOR","release":null,"release_source":"UNAVAILABLE","activation":null,"activation_source":"UNAVAILABLE","sha":"cccccccccccccccccccccccccccccccccccccccc","operation_id":null,"mutation_id":null,"job_id":null,"match_id":null,"round":null,"target_count":null,"authority_revision":null,"authority_fingerprint":null,"latency_ms":9.556,"http_status":200,"query_family":"read_certification_runtime_context_v1","phase":"rpc_transport","outcome":"NOT_APPLICABLE","error_class":null,"domain_error_code":null,"sqlstate":null,"canonical_readback":"NOT_OBSERVED","dropped_events":0}
{"schema_version":1,"timestamp":"2026-10-03T02:13:39.587Z","event":"RPC","request_id":"bbbc8e32-cf35-48ec-a98f-32ca0b3ad15e","correlation_id":"bbbc8e32-cf35-48ec-a98f-32ca0b3ad15e","route":"/api/director/canonical-operations","domain":"ROUND_CONTROL","feature":"DIRECTOR","release":null,"release_source":"UNAVAILABLE","activation":null,"activation_source":"UNAVAILABLE","sha":"cccccccccccccccccccccccccccccccccccccccc","operation_id":null,"mutation_id":null,"job_id":null,"match_id":null,"round":null,"target_count":null,"authority_revision":null,"authority_fingerprint":null,"latency_ms":65.645,"http_status":200,"query_family":"read_certification_operation_v1","phase":"rpc_transport","outcome":"NOT_APPLICABLE","error_class":null,"domain_error_code":null,"sqlstate":null,"canonical_readback":"NOT_OBSERVED","dropped_events":0}
{"schema_version":1,"timestamp":"2026-10-03T02:13:39.587Z","event":"REQUEST","request_id":"bbbc8e32-cf35-48ec-a98f-32ca0b3ad15e","correlation_id":"bbbc8e32-cf35-48ec-a98f-32ca0b3ad15e","route":"/api/director/canonical-operations","domain":"DIRECTOR","feature":"DIRECTOR","release":null,"release_source":"UNAVAILABLE","activation":null,"activation_source":"UNAVAILABLE","sha":"cccccccccccccccccccccccccccccccccccccccc","operation_id":null,"mutation_id":null,"job_id":null,"match_id":null,"round":null,"target_count":null,"authority_revision":null,"authority_fingerprint":null,"latency_ms":109.119,"http_status":200,"query_family":null,"phase":null,"outcome":"NOT_APPLICABLE","error_class":null,"domain_error_code":null,"sqlstate":null,"canonical_readback":"NOT_OBSERVED","dropped_events":0}
{"schema_version":1,"timestamp":"2026-10-03T02:13:39.602Z","event":"RPC","request_id":"428ffd18-6ba8-40fe-ac03-7c7886ecf97b","correlation_id":"428ffd18-6ba8-40fe-ac03-7c7886ecf97b","route":"/api/leaderboards/core","domain":"TOURNAMENT_READ","feature":"TOURNAMENT_READ","release":null,"release_source":"UNAVAILABLE","activation":null,"activation_source":"UNAVAILABLE","sha":"cccccccccccccccccccccccccccccccccccccccc","operation_id":null,"mutation_id":null,"job_id":null,"match_id":null,"round":null,"target_count":null,"authority_revision":null,"authority_fingerprint":null,"latency_ms":11.292,"http_status":200,"query_family":"read_certification_runtime_context_v1","phase":"rpc_transport","outcome":"NOT_APPLICABLE","error_class":null,"domain_error_code":null,"sqlstate":null,"canonical_readback":"NOT_OBSERVED","dropped_events":0}
{"schema_version":1,"timestamp":"2026-10-03T02:13:39.617Z","event":"RPC","request_id":"428ffd18-6ba8-40fe-ac03-7c7886ecf97b","correlation_id":"428ffd18-6ba8-40fe-ac03-7c7886ecf97b","route":"/api/leaderboards/core","domain":"TOURNAMENT_READ","feature":"TOURNAMENT_READ","release":null,"release_source":"UNAVAILABLE","activation":null,"activation_source":"UNAVAILABLE","sha":"cccccccccccccccccccccccccccccccccccccccc","operation_id":null,"mutation_id":null,"job_id":null,"match_id":null,"round":null,"target_count":null,"authority_revision":null,"authority_fingerprint":null,"latency_ms":14.553,"http_status":200,"query_family":"read_certification_projection_v1","phase":"rpc_transport","outcome":"NOT_APPLICABLE","error_class":null,"domain_error_code":null,"sqlstate":null,"canonical_readback":"NOT_OBSERVED","dropped_events":0}
{"schema_version":1,"timestamp":"2026-10-03T02:13:39.628Z","event":"RPC","request_id":"428ffd18-6ba8-40fe-ac03-7c7886ecf97b","correlation_id":"428ffd18-6ba8-40fe-ac03-7c7886ecf97b","route":"/api/leaderboards/core","domain":"TOURNAMENT_READ","feature":"TOURNAMENT_READ","release":null,"release_source":"UNAVAILABLE","activation":null,"activation_source":"UNAVAILABLE","sha":"cccccccccccccccccccccccccccccccccccccccc","operation_id":null,"mutation_id":null,"job_id":null,"match_id":null,"round":null,"target_count":null,"authority_revision":null,"authority_fingerprint":null,"latency_ms":10.651,"http_status":200,"query_family":"read_certification_runtime_context_v1","phase":"rpc_transport","outcome":"NOT_APPLICABLE","error_class":null,"domain_error_code":null,"sqlstate":null,"canonical_readback":"NOT_OBSERVED","dropped_events":0}
{"schema_version":1,"timestamp":"2026-10-03T02:13:39.646Z","event":"RPC","request_id":"428ffd18-6ba8-40fe-ac03-7c7886ecf97b","correlation_id":"428ffd18-6ba8-40fe-ac03-7c7886ecf97b","route":"/api/leaderboards/core","domain":"TOURNAMENT_READ","feature":"TOURNAMENT_READ","release":null,"release_source":"UNAVAILABLE","activation":1,"activation_source":"AUTHORITY_READ","sha":"cccccccccccccccccccccccccccccccccccccccc","operation_id":null,"mutation_id":null,"job_id":null,"match_id":null,"round":null,"target_count":null,"authority_revision":null,"authority_fingerprint":null,"latency_ms":17.589,"http_status":200,"query_family":"read_certification_projection_v1","phase":"rpc_transport","outcome":"NOT_APPLICABLE","error_class":null,"domain_error_code":null,"sqlstate":null,"canonical_readback":"NOT_OBSERVED","dropped_events":0}
{"schema_version":1,"timestamp":"2026-10-03T02:13:39.653Z","event":"REQUEST","request_id":"428ffd18-6ba8-40fe-ac03-7c7886ecf97b","correlation_id":"428ffd18-6ba8-40fe-ac03-7c7886ecf97b","route":"/api/leaderboards/core","domain":"TOURNAMENT_READ","feature":"TOURNAMENT_READ","release":null,"release_source":"UNAVAILABLE","activation":1,"activation_source":"AUTHORITY_READ","sha":"cccccccccccccccccccccccccccccccccccccccc","operation_id":null,"mutation_id":null,"job_id":null,"match_id":null,"round":null,"target_count":null,"authority_revision":null,"authority_fingerprint":null,"latency_ms":63.59,"http_status":200,"query_family":null,"phase":null,"outcome":"NOT_APPLICABLE","error_class":null,"domain_error_code":null,"sqlstate":null,"canonical_readback":"NOT_OBSERVED","dropped_events":0}
{"schema_version":1,"timestamp":"2026-10-03T02:13:39.668Z","event":"RPC","request_id":"f4eb71a4-58db-4e8d-97ef-54a656444d2b","correlation_id":"f4eb71a4-58db-4e8d-97ef-54a656444d2b","route":"/api/director/canonical-odds","domain":"TOURNAMENT_READ","feature":"ODDS","release":null,"release_source":"UNAVAILABLE","activation":null,"activation_source":"UNAVAILABLE","sha":"cccccccccccccccccccccccccccccccccccccccc","operation_id":null,"mutation_id":null,"job_id":null,"match_id":null,"round":null,"target_count":null,"authority_revision":null,"authority_fingerprint":null,"latency_ms":10.47,"http_status":200,"query_family":"read_certification_runtime_context_v1","phase":"rpc_transport","outcome":"NOT_APPLICABLE","error_class":null,"domain_error_code":null,"sqlstate":null,"canonical_readback":"NOT_OBSERVED","dropped_events":0}
{"schema_version":1,"timestamp":"2026-10-03T02:13:39.678Z","event":"RPC","request_id":"f4eb71a4-58db-4e8d-97ef-54a656444d2b","correlation_id":"f4eb71a4-58db-4e8d-97ef-54a656444d2b","route":"/api/director/canonical-odds","domain":"TOURNAMENT_READ","feature":"ODDS","release":null,"release_source":"UNAVAILABLE","activation":null,"activation_source":"UNAVAILABLE","sha":"cccccccccccccccccccccccccccccccccccccccc","operation_id":null,"mutation_id":null,"job_id":null,"match_id":null,"round":null,"target_count":null,"authority_revision":null,"authority_fingerprint":null,"latency_ms":9.605,"http_status":200,"query_family":"read_certification_runtime_context_v1","phase":"rpc_transport","outcome":"NOT_APPLICABLE","error_class":null,"domain_error_code":null,"sqlstate":null,"canonical_readback":"NOT_OBSERVED","dropped_events":0}
{"schema_version":1,"timestamp":"2026-10-03T02:13:39.689Z","event":"RPC","request_id":"f4eb71a4-58db-4e8d-97ef-54a656444d2b","correlation_id":"f4eb71a4-58db-4e8d-97ef-54a656444d2b","route":"/api/director/canonical-odds","domain":"TOURNAMENT_READ","feature":"ODDS","release":null,"release_source":"UNAVAILABLE","activation":null,"activation_source":"UNAVAILABLE","sha":"cccccccccccccccccccccccccccccccccccccccc","operation_id":null,"mutation_id":null,"job_id":null,"match_id":null,"round":null,"target_count":null,"authority_revision":null,"authority_fingerprint":null,"latency_ms":11.408,"http_status":200,"query_family":"read_certification_projection_v1","phase":"rpc_transport","outcome":"NOT_APPLICABLE","error_class":null,"domain_error_code":null,"sqlstate":null,"canonical_readback":"NOT_OBSERVED","dropped_events":0}
{"schema_version":1,"timestamp":"2026-10-03T02:13:39.700Z","event":"RPC","request_id":"f4eb71a4-58db-4e8d-97ef-54a656444d2b","correlation_id":"f4eb71a4-58db-4e8d-97ef-54a656444d2b","route":"/api/director/canonical-odds","domain":"ROUND_CONTROL","feature":"ODDS","release":null,"release_source":"UNAVAILABLE","activation":null,"activation_source":"UNAVAILABLE","sha":"cccccccccccccccccccccccccccccccccccccccc","operation_id":null,"mutation_id":null,"job_id":null,"match_id":null,"round":null,"target_count":null,"authority_revision":null,"authority_fingerprint":null,"latency_ms":10.232,"http_status":200,"query_family":"read_certification_runtime_context_v1","phase":"rpc_transport","outcome":"NOT_APPLICABLE","error_class":null,"domain_error_code":null,"sqlstate":null,"canonical_readback":"NOT_OBSERVED","dropped_events":0}
{"schema_version":1,"timestamp":"2026-10-03T02:13:39.715Z","event":"RPC","request_id":"f4eb71a4-58db-4e8d-97ef-54a656444d2b","correlation_id":"f4eb71a4-58db-4e8d-97ef-54a656444d2b","route":"/api/director/canonical-odds","domain":"ROUND_CONTROL","feature":"ODDS","release":null,"release_source":"UNAVAILABLE","activation":null,"activation_source":"UNAVAILABLE","sha":"cccccccccccccccccccccccccccccccccccccccc","operation_id":null,"mutation_id":null,"job_id":null,"match_id":null,"round":null,"target_count":null,"authority_revision":null,"authority_fingerprint":null,"latency_ms":14.467,"http_status":200,"query_family":"dispatch_certification_odds_v1","phase":"rpc_transport","outcome":"COMMITTED","error_class":null,"domain_error_code":null,"sqlstate":null,"canonical_readback":"NOT_OBSERVED","dropped_events":0}
{"schema_version":1,"timestamp":"2026-10-03T02:13:39.729Z","event":"RPC","request_id":"f4eb71a4-58db-4e8d-97ef-54a656444d2b","correlation_id":"f4eb71a4-58db-4e8d-97ef-54a656444d2b","route":"/api/director/canonical-odds","domain":"ROUND_CONTROL","feature":"ODDS","release":null,"release_source":"UNAVAILABLE","activation":null,"activation_source":"UNAVAILABLE","sha":"cccccccccccccccccccccccccccccccccccccccc","operation_id":null,"mutation_id":null,"job_id":null,"match_id":null,"round":null,"target_count":null,"authority_revision":null,"authority_fingerprint":null,"latency_ms":14.222,"http_status":200,"query_family":"dispatch_certification_odds_v1","phase":"rpc_transport","outcome":"COMMITTED","error_class":null,"domain_error_code":null,"sqlstate":null,"canonical_readback":"NOT_OBSERVED","dropped_events":0}
{"schema_version":1,"timestamp":"2026-10-03T02:13:39.730Z","event":"REQUEST","request_id":"f4eb71a4-58db-4e8d-97ef-54a656444d2b","correlation_id":"f4eb71a4-58db-4e8d-97ef-54a656444d2b","route":"/api/director/canonical-odds","domain":"ODDS","feature":"ODDS","release":null,"release_source":"UNAVAILABLE","activation":null,"activation_source":"UNAVAILABLE","sha":"cccccccccccccccccccccccccccccccccccccccc","operation_id":null,"mutation_id":null,"job_id":null,"match_id":null,"round":null,"target_count":null,"authority_revision":null,"authority_fingerprint":null,"latency_ms":73.333,"http_status":200,"query_family":null,"phase":null,"outcome":"NOT_APPLICABLE","error_class":null,"domain_error_code":null,"sqlstate":null,"canonical_readback":"NOT_OBSERVED","dropped_events":0}
{"schema_version":1,"timestamp":"2026-10-03T02:13:39.733Z","event":"REQUEST","request_id":"3fbed2dc-42c6-466c-97c0-a9f36269b85d","correlation_id":"3fbed2dc-42c6-466c-97c0-a9f36269b85d","route":"/api/director/canonical-odds","domain":"ODDS","feature":"ODDS","release":null,"release_source":"UNAVAILABLE","activation":null,"activation_source":"UNAVAILABLE","sha":"cccccccccccccccccccccccccccccccccccccccc","operation_id":null,"mutation_id":null,"job_id":null,"match_id":null,"round":null,"target_count":null,"authority_revision":null,"authority_fingerprint":null,"latency_ms":0.059,"http_status":403,"query_family":null,"phase":null,"outcome":"NOT_APPLICABLE","error_class":"AUTHORIZATION_DENIED","domain_error_code":null,"sqlstate":null,"canonical_readback":"NOT_OBSERVED","dropped_events":0}
{"schema_version":1,"timestamp":"2026-10-03T02:13:39.747Z","event":"RPC","request_id":"388d31ce-92ae-4692-8af2-f234114df09f","correlation_id":"388d31ce-92ae-4692-8af2-f234114df09f","route":"/api/director/canonical-operations","domain":"TOURNAMENT_READ","feature":"DIRECTOR","release":null,"release_source":"UNAVAILABLE","activation":null,"activation_source":"UNAVAILABLE","sha":"cccccccccccccccccccccccccccccccccccccccc","operation_id":null,"mutation_id":null,"job_id":null,"match_id":null,"round":null,"target_count":null,"authority_revision":null,"authority_fingerprint":null,"latency_ms":10.757,"http_status":200,"query_family":"read_certification_runtime_context_v1","phase":"rpc_transport","outcome":"NOT_APPLICABLE","error_class":null,"domain_error_code":null,"sqlstate":null,"canonical_readback":"NOT_OBSERVED","dropped_events":0}
{"schema_version":1,"timestamp":"2026-10-03T02:13:39.757Z","event":"RPC","request_id":"388d31ce-92ae-4692-8af2-f234114df09f","correlation_id":"388d31ce-92ae-4692-8af2-f234114df09f","route":"/api/director/canonical-operations","domain":"TOURNAMENT_READ","feature":"DIRECTOR","release":null,"release_source":"UNAVAILABLE","activation":null,"activation_source":"UNAVAILABLE","sha":"cccccccccccccccccccccccccccccccccccccccc","operation_id":null,"mutation_id":null,"job_id":null,"match_id":null,"round":null,"target_count":null,"authority_revision":null,"authority_fingerprint":null,"latency_ms":9.941,"http_status":200,"query_family":"read_certification_runtime_context_v1","phase":"rpc_transport","outcome":"NOT_APPLICABLE","error_class":null,"domain_error_code":null,"sqlstate":null,"canonical_readback":"NOT_OBSERVED","dropped_events":0}
{"schema_version":1,"timestamp":"2026-10-03T02:13:39.769Z","event":"RPC","request_id":"388d31ce-92ae-4692-8af2-f234114df09f","correlation_id":"388d31ce-92ae-4692-8af2-f234114df09f","route":"/api/director/canonical-operations","domain":"TOURNAMENT_READ","feature":"DIRECTOR","release":null,"release_source":"UNAVAILABLE","activation":null,"activation_source":"UNAVAILABLE","sha":"cccccccccccccccccccccccccccccccccccccccc","operation_id":null,"mutation_id":null,"job_id":null,"match_id":null,"round":null,"target_count":null,"authority_revision":null,"authority_fingerprint":null,"latency_ms":11.336,"http_status":200,"query_family":"read_certification_projection_v1","phase":"rpc_transport","outcome":"NOT_APPLICABLE","error_class":null,"domain_error_code":null,"sqlstate":null,"canonical_readback":"NOT_OBSERVED","dropped_events":0}
{"schema_version":1,"timestamp":"2026-10-03T02:13:39.779Z","event":"RPC","request_id":"388d31ce-92ae-4692-8af2-f234114df09f","correlation_id":"388d31ce-92ae-4692-8af2-f234114df09f","route":"/api/director/canonical-operations","domain":"ROUND_CONTROL","feature":"DIRECTOR","release":null,"release_source":"UNAVAILABLE","activation":null,"activation_source":"UNAVAILABLE","sha":"cccccccccccccccccccccccccccccccccccccccc","operation_id":null,"mutation_id":null,"job_id":null,"match_id":null,"round":null,"target_count":null,"authority_revision":null,"authority_fingerprint":null,"latency_ms":10.263,"http_status":200,"query_family":"read_certification_runtime_context_v1","phase":"rpc_transport","outcome":"NOT_APPLICABLE","error_class":null,"domain_error_code":null,"sqlstate":null,"canonical_readback":"NOT_OBSERVED","dropped_events":0}
{"schema_version":1,"timestamp":"2026-10-03T02:13:39.842Z","event":"RPC","request_id":"388d31ce-92ae-4692-8af2-f234114df09f","correlation_id":"388d31ce-92ae-4692-8af2-f234114df09f","route":"/api/director/canonical-operations","domain":"ROUND_CONTROL","feature":"DIRECTOR","release":null,"release_source":"UNAVAILABLE","activation":null,"activation_source":"UNAVAILABLE","sha":"cccccccccccccccccccccccccccccccccccccccc","operation_id":null,"mutation_id":null,"job_id":null,"match_id":null,"round":null,"target_count":null,"authority_revision":null,"authority_fingerprint":null,"latency_ms":62.302,"http_status":200,"query_family":"read_certification_operation_v1","phase":"rpc_transport","outcome":"NOT_APPLICABLE","error_class":null,"domain_error_code":null,"sqlstate":null,"canonical_readback":"NOT_OBSERVED","dropped_events":0}
{"schema_version":1,"timestamp":"2026-10-03T02:13:39.843Z","event":"REQUEST","request_id":"388d31ce-92ae-4692-8af2-f234114df09f","correlation_id":"388d31ce-92ae-4692-8af2-f234114df09f","route":"/api/director/canonical-operations","domain":"DIRECTOR","feature":"DIRECTOR","release":null,"release_source":"UNAVAILABLE","activation":null,"activation_source":"UNAVAILABLE","sha":"cccccccccccccccccccccccccccccccccccccccc","operation_id":null,"mutation_id":null,"job_id":null,"match_id":null,"round":null,"target_count":null,"authority_revision":null,"authority_fingerprint":null,"latency_ms":108.153,"http_status":200,"query_family":null,"phase":null,"outcome":"NOT_APPLICABLE","error_class":null,"domain_error_code":null,"sqlstate":null,"canonical_readback":"NOT_OBSERVED","dropped_events":0}
{"schema_version":1,"timestamp":"2026-10-03T02:13:39.857Z","event":"RPC","request_id":"562f2602-dfc9-443d-b84e-5aeeeb7697ce","correlation_id":"562f2602-dfc9-443d-b84e-5aeeeb7697ce","route":"/api/director/canonical-operations","domain":"TOURNAMENT_READ","feature":"DIRECTOR","release":null,"release_source":"UNAVAILABLE","activation":null,"activation_source":"UNAVAILABLE","sha":"cccccccccccccccccccccccccccccccccccccccc","operation_id":null,"mutation_id":null,"job_id":null,"match_id":null,"round":null,"target_count":null,"authority_revision":null,"authority_fingerprint":null,"latency_ms":10.262,"http_status":200,"query_family":"read_certification_runtime_context_v1","phase":"rpc_transport","outcome":"NOT_APPLICABLE","error_class":null,"domain_error_code":null,"sqlstate":null,"canonical_readback":"NOT_OBSERVED","dropped_events":0}
{"schema_version":1,"timestamp":"2026-10-03T02:13:39.866Z","event":"RPC","request_id":"562f2602-dfc9-443d-b84e-5aeeeb7697ce","correlation_id":"562f2602-dfc9-443d-b84e-5aeeeb7697ce","route":"/api/director/canonical-operations","domain":"TOURNAMENT_READ","feature":"DIRECTOR","release":null,"release_source":"UNAVAILABLE","activation":null,"activation_source":"UNAVAILABLE","sha":"cccccccccccccccccccccccccccccccccccccccc","operation_id":null,"mutation_id":null,"job_id":null,"match_id":null,"round":null,"target_count":null,"authority_revision":null,"authority_fingerprint":null,"latency_ms":9.178,"http_status":200,"query_family":"read_certification_runtime_context_v1","phase":"rpc_transport","outcome":"NOT_APPLICABLE","error_class":null,"domain_error_code":null,"sqlstate":null,"canonical_readback":"NOT_OBSERVED","dropped_events":0}
{"schema_version":1,"timestamp":"2026-10-03T02:13:39.878Z","event":"RPC","request_id":"562f2602-dfc9-443d-b84e-5aeeeb7697ce","correlation_id":"562f2602-dfc9-443d-b84e-5aeeeb7697ce","route":"/api/director/canonical-operations","domain":"TOURNAMENT_READ","feature":"DIRECTOR","release":null,"release_source":"UNAVAILABLE","activation":null,"activation_source":"UNAVAILABLE","sha":"cccccccccccccccccccccccccccccccccccccccc","operation_id":null,"mutation_id":null,"job_id":null,"match_id":null,"round":null,"target_count":null,"authority_revision":null,"authority_fingerprint":null,"latency_ms":11.431,"http_status":200,"query_family":"read_certification_projection_v1","phase":"rpc_transport","outcome":"NOT_APPLICABLE","error_class":null,"domain_error_code":null,"sqlstate":null,"canonical_readback":"NOT_OBSERVED","dropped_events":0}
{"schema_version":1,"timestamp":"2026-10-03T02:13:39.889Z","event":"RPC","request_id":"562f2602-dfc9-443d-b84e-5aeeeb7697ce","correlation_id":"562f2602-dfc9-443d-b84e-5aeeeb7697ce","route":"/api/director/canonical-operations","domain":"ROUND_CONTROL","feature":"DIRECTOR","release":null,"release_source":"UNAVAILABLE","activation":null,"activation_source":"UNAVAILABLE","sha":"cccccccccccccccccccccccccccccccccccccccc","operation_id":null,"mutation_id":null,"job_id":null,"match_id":null,"round":null,"target_count":null,"authority_revision":null,"authority_fingerprint":null,"latency_ms":10.475,"http_status":200,"query_family":"read_certification_runtime_context_v1","phase":"rpc_transport","outcome":"NOT_APPLICABLE","error_class":null,"domain_error_code":null,"sqlstate":null,"canonical_readback":"NOT_OBSERVED","dropped_events":0}
{"schema_version":1,"timestamp":"2026-10-03T02:13:39.899Z","event":"RPC","request_id":"562f2602-dfc9-443d-b84e-5aeeeb7697ce","correlation_id":"562f2602-dfc9-443d-b84e-5aeeeb7697ce","route":"/api/director/canonical-operations","domain":"ROUND_CONTROL","feature":"DIRECTOR","release":null,"release_source":"UNAVAILABLE","activation":null,"activation_source":"UNAVAILABLE","sha":"cccccccccccccccccccccccccccccccccccccccc","operation_id":null,"mutation_id":null,"job_id":null,"match_id":null,"round":null,"target_count":null,"authority_revision":null,"authority_fingerprint":null,"latency_ms":9.631,"http_status":200,"query_family":"read_certification_runtime_context_v1","phase":"rpc_transport","outcome":"NOT_APPLICABLE","error_class":null,"domain_error_code":null,"sqlstate":null,"canonical_readback":"NOT_OBSERVED","dropped_events":0}
{"schema_version":1,"timestamp":"2026-10-03T02:13:39.959Z","event":"RPC","request_id":"562f2602-dfc9-443d-b84e-5aeeeb7697ce","correlation_id":"562f2602-dfc9-443d-b84e-5aeeeb7697ce","route":"/api/director/canonical-operations","domain":"ROUND_CONTROL","feature":"DIRECTOR","release":null,"release_source":"UNAVAILABLE","activation":null,"activation_source":"UNAVAILABLE","sha":"cccccccccccccccccccccccccccccccccccccccc","operation_id":null,"mutation_id":null,"job_id":null,"match_id":null,"round":null,"target_count":null,"authority_revision":null,"authority_fingerprint":null,"latency_ms":59.947,"http_status":200,"query_family":"read_certification_operation_v1","phase":"rpc_transport","outcome":"NOT_APPLICABLE","error_class":null,"domain_error_code":null,"sqlstate":null,"canonical_readback":"NOT_OBSERVED","dropped_events":0}
{"schema_version":1,"timestamp":"2026-10-03T02:13:39.976Z","event":"RPC","request_id":"562f2602-dfc9-443d-b84e-5aeeeb7697ce","correlation_id":"562f2602-dfc9-443d-b84e-5aeeeb7697ce","route":"/api/director/canonical-operations","domain":"ROUND_CONTROL","feature":"DIRECTOR","release":null,"release_source":"UNAVAILABLE","activation":null,"activation_source":"UNAVAILABLE","sha":"cccccccccccccccccccccccccccccccccccccccc","operation_id":"f37d9a63-3c7e-4ede-a9c0-645aac790fa1","match_id":"2026-R1-6","mutation_id":null,"job_id":null,"round":null,"target_count":null,"authority_revision":null,"authority_fingerprint":null,"latency_ms":15.608,"http_status":200,"query_family":"admit_certification_operation_v1","phase":"rpc_transport","outcome":"COMMITTED","error_class":null,"domain_error_code":null,"sqlstate":null,"canonical_readback":"NOT_OBSERVED","dropped_events":0}
{"schema_version":1,"timestamp":"2026-10-03T02:13:40.008Z","event":"RPC","request_id":"562f2602-dfc9-443d-b84e-5aeeeb7697ce","correlation_id":"562f2602-dfc9-443d-b84e-5aeeeb7697ce","route":"/api/director/canonical-operations","domain":"ROUND_CONTROL","feature":"DIRECTOR","release":null,"release_source":"UNAVAILABLE","activation":null,"activation_source":"UNAVAILABLE","sha":"cccccccccccccccccccccccccccccccccccccccc","operation_id":"f37d9a63-3c7e-4ede-a9c0-645aac790fa1","match_id":"2026-R1-6","mutation_id":null,"job_id":null,"round":null,"target_count":null,"authority_revision":null,"authority_fingerprint":null,"latency_ms":31.608,"http_status":200,"query_family":"execute_certification_operation_v1","phase":"rpc_transport","outcome":"COMMITTED","error_class":null,"domain_error_code":null,"sqlstate":null,"canonical_readback":"NOT_OBSERVED","dropped_events":0}
{"schema_version":1,"timestamp":"2026-10-03T02:13:40.018Z","event":"RPC","request_id":"562f2602-dfc9-443d-b84e-5aeeeb7697ce","correlation_id":"562f2602-dfc9-443d-b84e-5aeeeb7697ce","route":"/api/director/canonical-operations","domain":"ROUND_CONTROL","feature":"DIRECTOR","release":null,"release_source":"UNAVAILABLE","activation":null,"activation_source":"UNAVAILABLE","sha":"cccccccccccccccccccccccccccccccccccccccc","operation_id":"f37d9a63-3c7e-4ede-a9c0-645aac790fa1","match_id":"2026-R1-6","mutation_id":null,"job_id":null,"round":null,"target_count":null,"authority_revision":null,"authority_fingerprint":null,"latency_ms":9.784,"http_status":200,"query_family":"read_certification_runtime_context_v1","phase":"rpc_transport","outcome":"NOT_APPLICABLE","error_class":null,"domain_error_code":null,"sqlstate":null,"canonical_readback":"NOT_OBSERVED","dropped_events":0}
{"schema_version":1,"timestamp":"2026-10-03T02:13:40.078Z","event":"RPC","request_id":"562f2602-dfc9-443d-b84e-5aeeeb7697ce","correlation_id":"562f2602-dfc9-443d-b84e-5aeeeb7697ce","route":"/api/director/canonical-operations","domain":"ROUND_CONTROL","feature":"DIRECTOR","release":null,"release_source":"UNAVAILABLE","activation":null,"activation_source":"UNAVAILABLE","sha":"cccccccccccccccccccccccccccccccccccccccc","operation_id":"f37d9a63-3c7e-4ede-a9c0-645aac790fa1","match_id":"2026-R1-6","mutation_id":null,"job_id":null,"round":null,"target_count":null,"authority_revision":null,"authority_fingerprint":null,"latency_ms":59.57,"http_status":200,"query_family":"read_certification_operation_v1","phase":"rpc_transport","outcome":"NOT_APPLICABLE","error_class":null,"domain_error_code":null,"sqlstate":null,"canonical_readback":"NOT_OBSERVED","dropped_events":0}
{"schema_version":1,"timestamp":"2026-10-03T02:13:40.078Z","event":"REQUEST","request_id":"562f2602-dfc9-443d-b84e-5aeeeb7697ce","correlation_id":"562f2602-dfc9-443d-b84e-5aeeeb7697ce","route":"/api/director/canonical-operations","domain":"DIRECTOR","feature":"DIRECTOR","release":null,"release_source":"UNAVAILABLE","activation":null,"activation_source":"UNAVAILABLE","sha":"cccccccccccccccccccccccccccccccccccccccc","operation_id":"f37d9a63-3c7e-4ede-a9c0-645aac790fa1","match_id":"2026-R1-6","mutation_id":null,"job_id":null,"round":null,"target_count":null,"authority_revision":null,"authority_fingerprint":null,"latency_ms":232.777,"http_status":200,"query_family":null,"phase":null,"outcome":"NOT_APPLICABLE","error_class":null,"domain_error_code":null,"sqlstate":null,"canonical_readback":"NOT_OBSERVED","dropped_events":0}
{"schema_version":1,"timestamp":"2026-10-03T02:13:40.098Z","event":"RPC","request_id":"118a1384-7a17-4797-be16-fc06b5517357","correlation_id":"118a1384-7a17-4797-be16-fc06b5517357","route":"/api/director/canonical-operations","domain":"TOURNAMENT_READ","feature":"DIRECTOR","release":null,"release_source":"UNAVAILABLE","activation":null,"activation_source":"UNAVAILABLE","sha":"cccccccccccccccccccccccccccccccccccccccc","operation_id":null,"mutation_id":null,"job_id":null,"match_id":null,"round":null,"target_count":null,"authority_revision":null,"authority_fingerprint":null,"latency_ms":9.617,"http_status":200,"query_family":"read_certification_runtime_context_v1","phase":"rpc_transport","outcome":"NOT_APPLICABLE","error_class":null,"domain_error_code":null,"sqlstate":null,"canonical_readback":"NOT_OBSERVED","dropped_events":0}
{"schema_version":1,"timestamp":"2026-10-03T02:13:40.108Z","event":"RPC","request_id":"118a1384-7a17-4797-be16-fc06b5517357","correlation_id":"118a1384-7a17-4797-be16-fc06b5517357","route":"/api/director/canonical-operations","domain":"TOURNAMENT_READ","feature":"DIRECTOR","release":null,"release_source":"UNAVAILABLE","activation":null,"activation_source":"UNAVAILABLE","sha":"cccccccccccccccccccccccccccccccccccccccc","operation_id":null,"mutation_id":null,"job_id":null,"match_id":null,"round":null,"target_count":null,"authority_revision":null,"authority_fingerprint":null,"latency_ms":9.857,"http_status":200,"query_family":"read_certification_runtime_context_v1","phase":"rpc_transport","outcome":"NOT_APPLICABLE","error_class":null,"domain_error_code":null,"sqlstate":null,"canonical_readback":"NOT_OBSERVED","dropped_events":0}
{"schema_version":1,"timestamp":"2026-10-03T02:13:40.120Z","event":"RPC","request_id":"118a1384-7a17-4797-be16-fc06b5517357","correlation_id":"118a1384-7a17-4797-be16-fc06b5517357","route":"/api/director/canonical-operations","domain":"TOURNAMENT_READ","feature":"DIRECTOR","release":null,"release_source":"UNAVAILABLE","activation":null,"activation_source":"UNAVAILABLE","sha":"cccccccccccccccccccccccccccccccccccccccc","operation_id":null,"mutation_id":null,"job_id":null,"match_id":null,"round":null,"target_count":null,"authority_revision":null,"authority_fingerprint":null,"latency_ms":12.082,"http_status":200,"query_family":"read_certification_projection_v1","phase":"rpc_transport","outcome":"NOT_APPLICABLE","error_class":null,"domain_error_code":null,"sqlstate":null,"canonical_readback":"NOT_OBSERVED","dropped_events":0}
{"schema_version":1,"timestamp":"2026-10-03T02:13:40.130Z","event":"RPC","request_id":"118a1384-7a17-4797-be16-fc06b5517357","correlation_id":"118a1384-7a17-4797-be16-fc06b5517357","route":"/api/director/canonical-operations","domain":"ROUND_CONTROL","feature":"DIRECTOR","release":null,"release_source":"UNAVAILABLE","activation":null,"activation_source":"UNAVAILABLE","sha":"cccccccccccccccccccccccccccccccccccccccc","operation_id":null,"mutation_id":null,"job_id":null,"match_id":null,"round":null,"target_count":null,"authority_revision":null,"authority_fingerprint":null,"latency_ms":9.478,"http_status":200,"query_family":"read_certification_runtime_context_v1","phase":"rpc_transport","outcome":"NOT_APPLICABLE","error_class":null,"domain_error_code":null,"sqlstate":null,"canonical_readback":"NOT_OBSERVED","dropped_events":0}
{"schema_version":1,"timestamp":"2026-10-03T02:13:40.139Z","event":"RPC","request_id":"118a1384-7a17-4797-be16-fc06b5517357","correlation_id":"118a1384-7a17-4797-be16-fc06b5517357","route":"/api/director/canonical-operations","domain":"ROUND_CONTROL","feature":"DIRECTOR","release":null,"release_source":"UNAVAILABLE","activation":null,"activation_source":"UNAVAILABLE","sha":"cccccccccccccccccccccccccccccccccccccccc","operation_id":null,"mutation_id":null,"job_id":null,"match_id":null,"round":null,"target_count":null,"authority_revision":null,"authority_fingerprint":null,"latency_ms":9.035,"http_status":200,"query_family":"read_certification_runtime_context_v1","phase":"rpc_transport","outcome":"NOT_APPLICABLE","error_class":null,"domain_error_code":null,"sqlstate":null,"canonical_readback":"NOT_OBSERVED","dropped_events":0}
{"schema_version":1,"timestamp":"2026-10-03T02:13:40.200Z","event":"RPC","request_id":"118a1384-7a17-4797-be16-fc06b5517357","correlation_id":"118a1384-7a17-4797-be16-fc06b5517357","route":"/api/director/canonical-operations","domain":"ROUND_CONTROL","feature":"DIRECTOR","release":null,"release_source":"UNAVAILABLE","activation":null,"activation_source":"UNAVAILABLE","sha":"cccccccccccccccccccccccccccccccccccccccc","operation_id":null,"mutation_id":null,"job_id":null,"match_id":null,"round":null,"target_count":null,"authority_revision":null,"authority_fingerprint":null,"latency_ms":60.567,"http_status":200,"query_family":"read_certification_operation_v1","phase":"rpc_transport","outcome":"NOT_APPLICABLE","error_class":null,"domain_error_code":null,"sqlstate":null,"canonical_readback":"NOT_OBSERVED","dropped_events":0}
{"schema_version":1,"timestamp":"2026-10-03T02:13:40.215Z","event":"RPC","request_id":"118a1384-7a17-4797-be16-fc06b5517357","correlation_id":"118a1384-7a17-4797-be16-fc06b5517357","route":"/api/director/canonical-operations","domain":"ROUND_CONTROL","feature":"DIRECTOR","release":null,"release_source":"UNAVAILABLE","activation":null,"activation_source":"UNAVAILABLE","sha":"cccccccccccccccccccccccccccccccccccccccc","operation_id":"bc8704d9-d32b-4718-bb91-620c3b23bad2","match_id":"2026-R1-6","mutation_id":null,"job_id":null,"round":null,"target_count":null,"authority_revision":null,"authority_fingerprint":null,"latency_ms":14.74,"http_status":200,"query_family":"admit_certification_operation_v1","phase":"rpc_transport","outcome":"COMMITTED","error_class":null,"domain_error_code":null,"sqlstate":null,"canonical_readback":"NOT_OBSERVED","dropped_events":0}
{"schema_version":1,"timestamp":"2026-10-03T02:13:40.241Z","event":"RPC","request_id":"118a1384-7a17-4797-be16-fc06b5517357","correlation_id":"118a1384-7a17-4797-be16-fc06b5517357","route":"/api/director/canonical-operations","domain":"ROUND_CONTROL","feature":"DIRECTOR","release":null,"release_source":"UNAVAILABLE","activation":null,"activation_source":"UNAVAILABLE","sha":"cccccccccccccccccccccccccccccccccccccccc","operation_id":"bc8704d9-d32b-4718-bb91-620c3b23bad2","match_id":"2026-R1-6","mutation_id":null,"job_id":null,"round":null,"target_count":null,"authority_revision":null,"authority_fingerprint":null,"latency_ms":25.13,"http_status":200,"query_family":"execute_certification_operation_v1","phase":"rpc_transport","outcome":"COMMITTED","error_class":null,"domain_error_code":null,"sqlstate":null,"canonical_readback":"NOT_OBSERVED","dropped_events":0}
{"schema_version":1,"timestamp":"2026-10-03T02:13:40.251Z","event":"RPC","request_id":"118a1384-7a17-4797-be16-fc06b5517357","correlation_id":"118a1384-7a17-4797-be16-fc06b5517357","route":"/api/director/canonical-operations","domain":"ROUND_CONTROL","feature":"DIRECTOR","release":null,"release_source":"UNAVAILABLE","activation":null,"activation_source":"UNAVAILABLE","sha":"cccccccccccccccccccccccccccccccccccccccc","operation_id":"bc8704d9-d32b-4718-bb91-620c3b23bad2","match_id":"2026-R1-6","mutation_id":null,"job_id":null,"round":null,"target_count":null,"authority_revision":null,"authority_fingerprint":null,"latency_ms":10.324,"http_status":200,"query_family":"read_certification_runtime_context_v1","phase":"rpc_transport","outcome":"NOT_APPLICABLE","error_class":null,"domain_error_code":null,"sqlstate":null,"canonical_readback":"NOT_OBSERVED","dropped_events":0}
{"schema_version":1,"timestamp":"2026-10-03T02:13:40.311Z","event":"RPC","request_id":"118a1384-7a17-4797-be16-fc06b5517357","correlation_id":"118a1384-7a17-4797-be16-fc06b5517357","route":"/api/director/canonical-operations","domain":"ROUND_CONTROL","feature":"DIRECTOR","release":null,"release_source":"UNAVAILABLE","activation":null,"activation_source":"UNAVAILABLE","sha":"cccccccccccccccccccccccccccccccccccccccc","operation_id":"bc8704d9-d32b-4718-bb91-620c3b23bad2","match_id":"2026-R1-6","mutation_id":null,"job_id":null,"round":null,"target_count":null,"authority_revision":null,"authority_fingerprint":null,"latency_ms":59.927,"http_status":200,"query_family":"read_certification_operation_v1","phase":"rpc_transport","outcome":"NOT_APPLICABLE","error_class":null,"domain_error_code":null,"sqlstate":null,"canonical_readback":"NOT_OBSERVED","dropped_events":0}
{"schema_version":1,"timestamp":"2026-10-03T02:13:40.312Z","event":"REQUEST","request_id":"118a1384-7a17-4797-be16-fc06b5517357","correlation_id":"118a1384-7a17-4797-be16-fc06b5517357","route":"/api/director/canonical-operations","domain":"DIRECTOR","feature":"DIRECTOR","release":null,"release_source":"UNAVAILABLE","activation":null,"activation_source":"UNAVAILABLE","sha":"cccccccccccccccccccccccccccccccccccccccc","operation_id":"bc8704d9-d32b-4718-bb91-620c3b23bad2","match_id":"2026-R1-6","mutation_id":null,"job_id":null,"round":null,"target_count":null,"authority_revision":null,"authority_fingerprint":null,"latency_ms":224.471,"http_status":200,"query_family":null,"phase":null,"outcome":"NOT_APPLICABLE","error_class":null,"domain_error_code":null,"sqlstate":null,"canonical_readback":"NOT_OBSERVED","dropped_events":0}
{"schema_version":1,"timestamp":"2026-10-03T02:13:40.332Z","event":"RPC","request_id":"7a43629f-72f4-4f13-b9dc-b42170dabb90","correlation_id":"7a43629f-72f4-4f13-b9dc-b42170dabb90","route":"/api/director/canonical-operations","domain":"TOURNAMENT_READ","feature":"DIRECTOR","release":null,"release_source":"UNAVAILABLE","activation":null,"activation_source":"UNAVAILABLE","sha":"cccccccccccccccccccccccccccccccccccccccc","operation_id":null,"mutation_id":null,"job_id":null,"match_id":null,"round":null,"target_count":null,"authority_revision":null,"authority_fingerprint":null,"latency_ms":9.94,"http_status":200,"query_family":"read_certification_runtime_context_v1","phase":"rpc_transport","outcome":"NOT_APPLICABLE","error_class":null,"domain_error_code":null,"sqlstate":null,"canonical_readback":"NOT_OBSERVED","dropped_events":0}
{"schema_version":1,"timestamp":"2026-10-03T02:13:40.341Z","event":"RPC","request_id":"7a43629f-72f4-4f13-b9dc-b42170dabb90","correlation_id":"7a43629f-72f4-4f13-b9dc-b42170dabb90","route":"/api/director/canonical-operations","domain":"TOURNAMENT_READ","feature":"DIRECTOR","release":null,"release_source":"UNAVAILABLE","activation":null,"activation_source":"UNAVAILABLE","sha":"cccccccccccccccccccccccccccccccccccccccc","operation_id":null,"mutation_id":null,"job_id":null,"match_id":null,"round":null,"target_count":null,"authority_revision":null,"authority_fingerprint":null,"latency_ms":9.546,"http_status":200,"query_family":"read_certification_runtime_context_v1","phase":"rpc_transport","outcome":"NOT_APPLICABLE","error_class":null,"domain_error_code":null,"sqlstate":null,"canonical_readback":"NOT_OBSERVED","dropped_events":0}
{"schema_version":1,"timestamp":"2026-10-03T02:13:40.352Z","event":"RPC","request_id":"7a43629f-72f4-4f13-b9dc-b42170dabb90","correlation_id":"7a43629f-72f4-4f13-b9dc-b42170dabb90","route":"/api/director/canonical-operations","domain":"TOURNAMENT_READ","feature":"DIRECTOR","release":null,"release_source":"UNAVAILABLE","activation":null,"activation_source":"UNAVAILABLE","sha":"cccccccccccccccccccccccccccccccccccccccc","operation_id":null,"mutation_id":null,"job_id":null,"match_id":null,"round":null,"target_count":null,"authority_revision":null,"authority_fingerprint":null,"latency_ms":10.777,"http_status":200,"query_family":"read_certification_projection_v1","phase":"rpc_transport","outcome":"NOT_APPLICABLE","error_class":null,"domain_error_code":null,"sqlstate":null,"canonical_readback":"NOT_OBSERVED","dropped_events":0}
{"schema_version":1,"timestamp":"2026-10-03T02:13:40.362Z","event":"RPC","request_id":"7a43629f-72f4-4f13-b9dc-b42170dabb90","correlation_id":"7a43629f-72f4-4f13-b9dc-b42170dabb90","route":"/api/director/canonical-operations","domain":"ROUND_CONTROL","feature":"DIRECTOR","release":null,"release_source":"UNAVAILABLE","activation":null,"activation_source":"UNAVAILABLE","sha":"cccccccccccccccccccccccccccccccccccccccc","operation_id":null,"mutation_id":null,"job_id":null,"match_id":null,"round":null,"target_count":null,"authority_revision":null,"authority_fingerprint":null,"latency_ms":9.153,"http_status":200,"query_family":"read_certification_runtime_context_v1","phase":"rpc_transport","outcome":"NOT_APPLICABLE","error_class":null,"domain_error_code":null,"sqlstate":null,"canonical_readback":"NOT_OBSERVED","dropped_events":0}
{"schema_version":1,"timestamp":"2026-10-03T02:13:40.371Z","event":"RPC","request_id":"7a43629f-72f4-4f13-b9dc-b42170dabb90","correlation_id":"7a43629f-72f4-4f13-b9dc-b42170dabb90","route":"/api/director/canonical-operations","domain":"ROUND_CONTROL","feature":"DIRECTOR","release":null,"release_source":"UNAVAILABLE","activation":null,"activation_source":"UNAVAILABLE","sha":"cccccccccccccccccccccccccccccccccccccccc","operation_id":null,"mutation_id":null,"job_id":null,"match_id":null,"round":null,"target_count":null,"authority_revision":null,"authority_fingerprint":null,"latency_ms":9.357,"http_status":200,"query_family":"read_certification_runtime_context_v1","phase":"rpc_transport","outcome":"NOT_APPLICABLE","error_class":null,"domain_error_code":null,"sqlstate":null,"canonical_readback":"NOT_OBSERVED","dropped_events":0}
{"schema_version":1,"timestamp":"2026-10-03T02:13:40.429Z","event":"RPC","request_id":"7a43629f-72f4-4f13-b9dc-b42170dabb90","correlation_id":"7a43629f-72f4-4f13-b9dc-b42170dabb90","route":"/api/director/canonical-operations","domain":"ROUND_CONTROL","feature":"DIRECTOR","release":null,"release_source":"UNAVAILABLE","activation":null,"activation_source":"UNAVAILABLE","sha":"cccccccccccccccccccccccccccccccccccccccc","operation_id":null,"mutation_id":null,"job_id":null,"match_id":null,"round":null,"target_count":null,"authority_revision":null,"authority_fingerprint":null,"latency_ms":57.658,"http_status":200,"query_family":"read_certification_operation_v1","phase":"rpc_transport","outcome":"NOT_APPLICABLE","error_class":null,"domain_error_code":null,"sqlstate":null,"canonical_readback":"NOT_OBSERVED","dropped_events":0}
{"schema_version":1,"timestamp":"2026-10-03T02:13:40.445Z","event":"RPC","request_id":"7a43629f-72f4-4f13-b9dc-b42170dabb90","correlation_id":"7a43629f-72f4-4f13-b9dc-b42170dabb90","route":"/api/director/canonical-operations","domain":"ROUND_CONTROL","feature":"DIRECTOR","release":null,"release_source":"UNAVAILABLE","activation":null,"activation_source":"UNAVAILABLE","sha":"cccccccccccccccccccccccccccccccccccccccc","operation_id":"47f6b051-3819-4356-8f13-d0f42881ca57","match_id":"2026-R1-6","mutation_id":null,"job_id":null,"round":null,"target_count":null,"authority_revision":null,"authority_fingerprint":null,"latency_ms":15.331,"http_status":200,"query_family":"admit_certification_operation_v1","phase":"rpc_transport","outcome":"COMMITTED","error_class":null,"domain_error_code":null,"sqlstate":null,"canonical_readback":"NOT_OBSERVED","dropped_events":0}
{"schema_version":1,"timestamp":"2026-10-03T02:13:40.469Z","event":"RPC","request_id":"7a43629f-72f4-4f13-b9dc-b42170dabb90","correlation_id":"7a43629f-72f4-4f13-b9dc-b42170dabb90","route":"/api/director/canonical-operations","domain":"ROUND_CONTROL","feature":"DIRECTOR","release":null,"release_source":"UNAVAILABLE","activation":null,"activation_source":"UNAVAILABLE","sha":"cccccccccccccccccccccccccccccccccccccccc","operation_id":"47f6b051-3819-4356-8f13-d0f42881ca57","match_id":"2026-R1-6","mutation_id":null,"job_id":null,"round":null,"target_count":null,"authority_revision":null,"authority_fingerprint":null,"latency_ms":24.418,"http_status":200,"query_family":"execute_certification_operation_v1","phase":"rpc_transport","outcome":"COMMITTED","error_class":null,"domain_error_code":null,"sqlstate":null,"canonical_readback":"NOT_OBSERVED","dropped_events":0}
{"schema_version":1,"timestamp":"2026-10-03T02:13:40.480Z","event":"RPC","request_id":"7a43629f-72f4-4f13-b9dc-b42170dabb90","correlation_id":"7a43629f-72f4-4f13-b9dc-b42170dabb90","route":"/api/director/canonical-operations","domain":"ROUND_CONTROL","feature":"DIRECTOR","release":null,"release_source":"UNAVAILABLE","activation":null,"activation_source":"UNAVAILABLE","sha":"cccccccccccccccccccccccccccccccccccccccc","operation_id":"47f6b051-3819-4356-8f13-d0f42881ca57","match_id":"2026-R1-6","mutation_id":null,"job_id":null,"round":null,"target_count":null,"authority_revision":null,"authority_fingerprint":null,"latency_ms":10.062,"http_status":200,"query_family":"read_certification_runtime_context_v1","phase":"rpc_transport","outcome":"NOT_APPLICABLE","error_class":null,"domain_error_code":null,"sqlstate":null,"canonical_readback":"NOT_OBSERVED","dropped_events":0}
{"schema_version":1,"timestamp":"2026-10-03T02:13:40.544Z","event":"RPC","request_id":"7a43629f-72f4-4f13-b9dc-b42170dabb90","correlation_id":"7a43629f-72f4-4f13-b9dc-b42170dabb90","route":"/api/director/canonical-operations","domain":"ROUND_CONTROL","feature":"DIRECTOR","release":null,"release_source":"UNAVAILABLE","activation":null,"activation_source":"UNAVAILABLE","sha":"cccccccccccccccccccccccccccccccccccccccc","operation_id":"47f6b051-3819-4356-8f13-d0f42881ca57","match_id":"2026-R1-6","mutation_id":null,"job_id":null,"round":null,"target_count":null,"authority_revision":null,"authority_fingerprint":null,"latency_ms":63.646,"http_status":200,"query_family":"read_certification_operation_v1","phase":"rpc_transport","outcome":"NOT_APPLICABLE","error_class":null,"domain_error_code":null,"sqlstate":null,"canonical_readback":"NOT_OBSERVED","dropped_events":0}
{"schema_version":1,"timestamp":"2026-10-03T02:13:40.544Z","event":"REQUEST","request_id":"7a43629f-72f4-4f13-b9dc-b42170dabb90","correlation_id":"7a43629f-72f4-4f13-b9dc-b42170dabb90","route":"/api/director/canonical-operations","domain":"DIRECTOR","feature":"DIRECTOR","release":null,"release_source":"UNAVAILABLE","activation":null,"activation_source":"UNAVAILABLE","sha":"cccccccccccccccccccccccccccccccccccccccc","operation_id":"47f6b051-3819-4356-8f13-d0f42881ca57","match_id":"2026-R1-6","mutation_id":null,"job_id":null,"round":null,"target_count":null,"authority_revision":null,"authority_fingerprint":null,"latency_ms":223.243,"http_status":200,"query_family":null,"phase":null,"outcome":"NOT_APPLICABLE","error_class":null,"domain_error_code":null,"sqlstate":null,"canonical_readback":"NOT_OBSERVED","dropped_events":0}
{"schema_version":1,"timestamp":"2026-10-03T02:13:40.574Z","event":"RPC","request_id":"43da511e-ebd0-484f-9859-e5bd3a6413aa","correlation_id":"43da511e-ebd0-484f-9859-e5bd3a6413aa","route":"/api/scoring/current","domain":"TOURNAMENT_READ","feature":"SCORING","release":null,"release_source":"UNAVAILABLE","activation":null,"activation_source":"UNAVAILABLE","sha":"cccccccccccccccccccccccccccccccccccccccc","operation_id":null,"mutation_id":null,"job_id":null,"match_id":null,"round":null,"target_count":null,"authority_revision":null,"authority_fingerprint":null,"latency_ms":10.696,"http_status":200,"query_family":"read_certification_runtime_context_v1","phase":"rpc_transport","outcome":"NOT_APPLICABLE","error_class":null,"domain_error_code":null,"sqlstate":null,"canonical_readback":"NOT_OBSERVED","dropped_events":0}
{"schema_version":1,"timestamp":"2026-10-03T02:13:40.588Z","event":"RPC","request_id":"43da511e-ebd0-484f-9859-e5bd3a6413aa","correlation_id":"43da511e-ebd0-484f-9859-e5bd3a6413aa","route":"/api/scoring/current","domain":"TOURNAMENT_READ","feature":"SCORING","release":null,"release_source":"UNAVAILABLE","activation":null,"activation_source":"UNAVAILABLE","sha":"cccccccccccccccccccccccccccccccccccccccc","operation_id":null,"mutation_id":null,"job_id":null,"match_id":null,"round":null,"target_count":null,"authority_revision":null,"authority_fingerprint":null,"latency_ms":13.745,"http_status":200,"query_family":"read_certification_projection_v1","phase":"rpc_transport","outcome":"NOT_APPLICABLE","error_class":null,"domain_error_code":null,"sqlstate":null,"canonical_readback":"NOT_OBSERVED","dropped_events":0}
{"schema_version":1,"timestamp":"2026-10-03T02:13:40.599Z","event":"RPC","request_id":"43da511e-ebd0-484f-9859-e5bd3a6413aa","correlation_id":"43da511e-ebd0-484f-9859-e5bd3a6413aa","route":"/api/scoring/current","domain":"TOURNAMENT_READ","feature":"SCORING","release":null,"release_source":"UNAVAILABLE","activation":null,"activation_source":"UNAVAILABLE","sha":"cccccccccccccccccccccccccccccccccccccccc","operation_id":null,"mutation_id":null,"job_id":null,"match_id":null,"round":null,"target_count":null,"authority_revision":null,"authority_fingerprint":null,"latency_ms":10.663,"http_status":200,"query_family":"read_certification_runtime_context_v1","phase":"rpc_transport","outcome":"NOT_APPLICABLE","error_class":null,"domain_error_code":null,"sqlstate":null,"canonical_readback":"NOT_OBSERVED","dropped_events":0}
{"schema_version":1,"timestamp":"2026-10-03T02:13:40.612Z","event":"RPC","request_id":"43da511e-ebd0-484f-9859-e5bd3a6413aa","correlation_id":"43da511e-ebd0-484f-9859-e5bd3a6413aa","route":"/api/scoring/current","domain":"TOURNAMENT_READ","feature":"SCORING","release":null,"release_source":"UNAVAILABLE","activation":null,"activation_source":"UNAVAILABLE","sha":"cccccccccccccccccccccccccccccccccccccccc","operation_id":null,"mutation_id":null,"job_id":null,"match_id":"2026-R1-6","round":null,"target_count":null,"authority_revision":null,"authority_fingerprint":null,"latency_ms":13.375,"http_status":200,"query_family":"read_certification_operation_v1","phase":"rpc_transport","outcome":"NOT_APPLICABLE","error_class":null,"domain_error_code":null,"sqlstate":null,"canonical_readback":"NOT_OBSERVED","dropped_events":0}
{"schema_version":1,"timestamp":"2026-10-03T02:13:40.612Z","event":"PHASE","request_id":"43da511e-ebd0-484f-9859-e5bd3a6413aa","correlation_id":"43da511e-ebd0-484f-9859-e5bd3a6413aa","route":"/api/scoring/current","domain":"AUTHORIZATION","feature":"SCORING","release":null,"release_source":"UNAVAILABLE","activation":null,"activation_source":"UNAVAILABLE","sha":"cccccccccccccccccccccccccccccccccccccccc","operation_id":null,"mutation_id":null,"job_id":null,"match_id":null,"round":null,"target_count":null,"authority_revision":null,"authority_fingerprint":null,"latency_ms":51,"http_status":null,"query_family":null,"phase":"authorization","outcome":"NOT_APPLICABLE","error_class":null,"domain_error_code":null,"sqlstate":null,"canonical_readback":"NOT_OBSERVED","dropped_events":0}
{"schema_version":1,"timestamp":"2026-10-03T02:13:40.624Z","event":"RPC","request_id":"43da511e-ebd0-484f-9859-e5bd3a6413aa","correlation_id":"43da511e-ebd0-484f-9859-e5bd3a6413aa","route":"/api/scoring/current","domain":"TOURNAMENT_READ","feature":"SCORING","release":null,"release_source":"UNAVAILABLE","activation":null,"activation_source":"UNAVAILABLE","sha":"cccccccccccccccccccccccccccccccccccccccc","mutation_id":"eab62578-83b0-449a-9b4c-d5620158bc9c","match_id":"2026-R1-6","operation_id":null,"job_id":null,"round":null,"target_count":null,"authority_revision":null,"authority_fingerprint":null,"latency_ms":10.4,"http_status":200,"query_family":"read_certification_runtime_context_v1","phase":"rpc_transport","outcome":"NOT_APPLICABLE","error_class":null,"domain_error_code":null,"sqlstate":null,"canonical_readback":"NOT_OBSERVED","dropped_events":0}
{"schema_version":1,"timestamp":"2026-10-03T02:13:40.635Z","event":"RPC","request_id":"43da511e-ebd0-484f-9859-e5bd3a6413aa","correlation_id":"43da511e-ebd0-484f-9859-e5bd3a6413aa","route":"/api/scoring/current","domain":"TOURNAMENT_READ","feature":"SCORING","release":null,"release_source":"UNAVAILABLE","activation":null,"activation_source":"UNAVAILABLE","sha":"cccccccccccccccccccccccccccccccccccccccc","mutation_id":"eab62578-83b0-449a-9b4c-d5620158bc9c","match_id":"2026-R1-6","operation_id":null,"job_id":null,"round":null,"target_count":null,"authority_revision":null,"authority_fingerprint":null,"latency_ms":11.362,"http_status":200,"query_family":"read_certification_operation_v1","phase":"rpc_transport","outcome":"NOT_APPLICABLE","error_class":null,"domain_error_code":null,"sqlstate":null,"canonical_readback":"NOT_OBSERVED","dropped_events":0}
{"schema_version":1,"timestamp":"2026-10-03T02:13:40.635Z","event":"PHASE","request_id":"43da511e-ebd0-484f-9859-e5bd3a6413aa","correlation_id":"43da511e-ebd0-484f-9859-e5bd3a6413aa","route":"/api/scoring/current","domain":"SCORING","feature":"SCORING","release":null,"release_source":"UNAVAILABLE","activation":null,"activation_source":"UNAVAILABLE","sha":"cccccccccccccccccccccccccccccccccccccccc","mutation_id":"eab62578-83b0-449a-9b4c-d5620158bc9c","match_id":"2026-R1-6","operation_id":null,"job_id":null,"round":null,"target_count":null,"authority_revision":null,"authority_fingerprint":null,"latency_ms":22.202,"http_status":null,"query_family":null,"phase":"scoring_context","outcome":"NOT_APPLICABLE","error_class":null,"domain_error_code":null,"sqlstate":null,"canonical_readback":"NOT_OBSERVED","dropped_events":0}
{"schema_version":1,"timestamp":"2026-10-03T02:13:40.646Z","event":"RPC","request_id":"43da511e-ebd0-484f-9859-e5bd3a6413aa","correlation_id":"43da511e-ebd0-484f-9859-e5bd3a6413aa","route":"/api/scoring/current","domain":"SCORING","feature":"SCORING","release":null,"release_source":"UNAVAILABLE","activation":null,"activation_source":"UNAVAILABLE","sha":"cccccccccccccccccccccccccccccccccccccccc","mutation_id":"eab62578-83b0-449a-9b4c-d5620158bc9c","match_id":"2026-R1-6","operation_id":null,"job_id":null,"round":null,"target_count":null,"authority_revision":null,"authority_fingerprint":null,"latency_ms":10.149,"http_status":200,"query_family":"read_certification_runtime_context_v1","phase":"rpc_transport","outcome":"NOT_APPLICABLE","error_class":null,"domain_error_code":null,"sqlstate":null,"canonical_readback":"NOT_OBSERVED","dropped_events":0}
{"schema_version":1,"timestamp":"2026-10-03T02:13:40.660Z","event":"RPC","request_id":"43da511e-ebd0-484f-9859-e5bd3a6413aa","correlation_id":"43da511e-ebd0-484f-9859-e5bd3a6413aa","route":"/api/scoring/current","domain":"SCORING","feature":"SCORING","release":null,"release_source":"UNAVAILABLE","activation":null,"activation_source":"UNAVAILABLE","sha":"cccccccccccccccccccccccccccccccccccccccc","mutation_id":"eab62578-83b0-449a-9b4c-d5620158bc9c","match_id":"2026-R1-6","operation_id":"eab62578-83b0-449a-9b4c-d5620158bc9c","job_id":null,"round":null,"target_count":null,"authority_revision":null,"authority_fingerprint":null,"latency_ms":14.248,"http_status":200,"query_family":"admit_certification_operation_v1","phase":"rpc_transport","outcome":"COMMITTED","error_class":null,"domain_error_code":null,"sqlstate":null,"canonical_readback":"NOT_OBSERVED","dropped_events":0}
{"schema_version":1,"timestamp":"2026-10-03T02:13:40.683Z","event":"RPC","request_id":"43da511e-ebd0-484f-9859-e5bd3a6413aa","correlation_id":"43da511e-ebd0-484f-9859-e5bd3a6413aa","route":"/api/scoring/current","domain":"SCORING","feature":"SCORING","release":null,"release_source":"UNAVAILABLE","activation":null,"activation_source":"UNAVAILABLE","sha":"cccccccccccccccccccccccccccccccccccccccc","mutation_id":"eab62578-83b0-449a-9b4c-d5620158bc9c","match_id":"2026-R1-6","operation_id":"eab62578-83b0-449a-9b4c-d5620158bc9c","job_id":null,"round":null,"target_count":null,"authority_revision":null,"authority_fingerprint":null,"latency_ms":22.7,"http_status":200,"query_family":"execute_certification_operation_v1","phase":"rpc_transport","outcome":"COMMITTED","error_class":null,"domain_error_code":null,"sqlstate":null,"canonical_readback":"NOT_OBSERVED","dropped_events":0}
{"schema_version":1,"timestamp":"2026-10-03T02:13:40.683Z","event":"OUTCOME","request_id":"43da511e-ebd0-484f-9859-e5bd3a6413aa","correlation_id":"43da511e-ebd0-484f-9859-e5bd3a6413aa","route":"/api/scoring/current","domain":"SCORING","feature":"SCORING","release":null,"release_source":"UNAVAILABLE","activation":null,"activation_source":"UNAVAILABLE","sha":"cccccccccccccccccccccccccccccccccccccccc","mutation_id":"eab62578-83b0-449a-9b4c-d5620158bc9c","match_id":"2026-R1-6","operation_id":"eab62578-83b0-449a-9b4c-d5620158bc9c","job_id":null,"round":null,"target_count":null,"authority_revision":null,"authority_fingerprint":null,"latency_ms":null,"http_status":null,"query_family":null,"phase":"score_acknowledgement","outcome":"COMMITTED","error_class":null,"domain_error_code":null,"sqlstate":null,"canonical_readback":"NOT_OBSERVED","dropped_events":0}
{"schema_version":1,"timestamp":"2026-10-03T02:13:40.683Z","event":"REQUEST","request_id":"43da511e-ebd0-484f-9859-e5bd3a6413aa","correlation_id":"43da511e-ebd0-484f-9859-e5bd3a6413aa","route":"/api/scoring/current","domain":"SCORING","feature":"SCORING","release":null,"release_source":"UNAVAILABLE","activation":null,"activation_source":"UNAVAILABLE","sha":"cccccccccccccccccccccccccccccccccccccccc","mutation_id":"eab62578-83b0-449a-9b4c-d5620158bc9c","match_id":"2026-R1-6","operation_id":"eab62578-83b0-449a-9b4c-d5620158bc9c","job_id":null,"round":null,"target_count":null,"authority_revision":null,"authority_fingerprint":null,"latency_ms":121.889,"http_status":200,"query_family":null,"phase":null,"outcome":"NOT_APPLICABLE","error_class":null,"domain_error_code":null,"sqlstate":null,"canonical_readback":"NOT_OBSERVED","dropped_events":0}
{"schema_version":1,"timestamp":"2026-10-03T02:13:40.705Z","event":"RPC","request_id":"43da511e-ebd0-484f-9859-e5bd3a6413aa","correlation_id":"43da511e-ebd0-484f-9859-e5bd3a6413aa","route":"/api/scoring/current","domain":"TOURNAMENT_READ","feature":"SCORING","release":null,"release_source":"UNAVAILABLE","activation":null,"activation_source":"UNAVAILABLE","sha":"cccccccccccccccccccccccccccccccccccccccc","mutation_id":"eab62578-83b0-449a-9b4c-d5620158bc9c","match_id":"2026-R1-6","operation_id":"eab62578-83b0-449a-9b4c-d5620158bc9c","job_id":null,"round":null,"target_count":null,"authority_revision":null,"authority_fingerprint":null,"latency_ms":20.897,"http_status":200,"query_family":"read_certification_runtime_context_v1","phase":"rpc_transport","outcome":"NOT_APPLICABLE","error_class":null,"domain_error_code":null,"sqlstate":null,"canonical_readback":"NOT_OBSERVED","dropped_events":0}
{"schema_version":1,"timestamp":"2026-10-03T02:13:40.705Z","event":"RPC","request_id":"43da511e-ebd0-484f-9859-e5bd3a6413aa","correlation_id":"43da511e-ebd0-484f-9859-e5bd3a6413aa","route":"/api/scoring/current","domain":"TOURNAMENT_READ","feature":"SCORING","release":null,"release_source":"UNAVAILABLE","activation":null,"activation_source":"UNAVAILABLE","sha":"cccccccccccccccccccccccccccccccccccccccc","mutation_id":"eab62578-83b0-449a-9b4c-d5620158bc9c","match_id":"2026-R1-6","operation_id":"eab62578-83b0-449a-9b4c-d5620158bc9c","job_id":null,"round":null,"target_count":null,"authority_revision":null,"authority_fingerprint":null,"latency_ms":10.482,"http_status":200,"query_family":"read_certification_runtime_context_v1","phase":"rpc_transport","outcome":"NOT_APPLICABLE","error_class":null,"domain_error_code":null,"sqlstate":null,"canonical_readback":"NOT_OBSERVED","dropped_events":0}
{"schema_version":1,"timestamp":"2026-10-03T02:13:40.725Z","event":"RPC","request_id":"43da511e-ebd0-484f-9859-e5bd3a6413aa","correlation_id":"43da511e-ebd0-484f-9859-e5bd3a6413aa","route":"/api/scoring/current","domain":"TOURNAMENT_READ","feature":"SCORING","release":null,"release_source":"UNAVAILABLE","activation":null,"activation_source":"UNAVAILABLE","sha":"cccccccccccccccccccccccccccccccccccccccc","mutation_id":"eab62578-83b0-449a-9b4c-d5620158bc9c","match_id":"2026-R1-6","operation_id":"eab62578-83b0-449a-9b4c-d5620158bc9c","job_id":null,"round":null,"target_count":null,"authority_revision":null,"authority_fingerprint":null,"latency_ms":19.42,"http_status":200,"query_family":"read_certification_runtime_context_v1","phase":"rpc_transport","outcome":"NOT_APPLICABLE","error_class":null,"domain_error_code":null,"sqlstate":null,"canonical_readback":"NOT_OBSERVED","dropped_events":0}
{"schema_version":1,"timestamp":"2026-10-03T02:13:40.725Z","event":"RPC","request_id":"43da511e-ebd0-484f-9859-e5bd3a6413aa","correlation_id":"43da511e-ebd0-484f-9859-e5bd3a6413aa","route":"/api/scoring/current","domain":"TOURNAMENT_READ","feature":"SCORING","release":null,"release_source":"UNAVAILABLE","activation":null,"activation_source":"UNAVAILABLE","sha":"cccccccccccccccccccccccccccccccccccccccc","mutation_id":"eab62578-83b0-449a-9b4c-d5620158bc9c","match_id":"2026-R1-6","operation_id":"eab62578-83b0-449a-9b4c-d5620158bc9c","job_id":null,"round":null,"target_count":null,"authority_revision":null,"authority_fingerprint":null,"latency_ms":9.469,"http_status":200,"query_family":"read_certification_runtime_context_v1","phase":"rpc_transport","outcome":"NOT_APPLICABLE","error_class":null,"domain_error_code":null,"sqlstate":null,"canonical_readback":"NOT_OBSERVED","dropped_events":0}
{"schema_version":1,"timestamp":"2026-10-03T02:13:40.754Z","event":"RPC","request_id":"43da511e-ebd0-484f-9859-e5bd3a6413aa","correlation_id":"43da511e-ebd0-484f-9859-e5bd3a6413aa","route":"/api/scoring/current","domain":"TOURNAMENT_READ","feature":"SCORING","release":null,"release_source":"UNAVAILABLE","activation":1,"activation_source":"AUTHORITY_READ","sha":"cccccccccccccccccccccccccccccccccccccccc","mutation_id":"eab62578-83b0-449a-9b4c-d5620158bc9c","match_id":"2026-R1-6","operation_id":"eab62578-83b0-449a-9b4c-d5620158bc9c","job_id":null,"round":null,"target_count":null,"authority_revision":null,"authority_fingerprint":null,"latency_ms":29.366,"http_status":200,"query_family":"read_certification_projection_v1","phase":"rpc_transport","outcome":"NOT_APPLICABLE","error_class":null,"domain_error_code":null,"sqlstate":null,"canonical_readback":"NOT_OBSERVED","dropped_events":0}
{"schema_version":1,"timestamp":"2026-10-03T02:13:40.754Z","event":"RPC","request_id":"43da511e-ebd0-484f-9859-e5bd3a6413aa","correlation_id":"43da511e-ebd0-484f-9859-e5bd3a6413aa","route":"/api/scoring/current","domain":"TOURNAMENT_READ","feature":"SCORING","release":null,"release_source":"UNAVAILABLE","activation":1,"activation_source":"AUTHORITY_READ","sha":"cccccccccccccccccccccccccccccccccccccccc","mutation_id":"eab62578-83b0-449a-9b4c-d5620158bc9c","match_id":"2026-R1-6","operation_id":"eab62578-83b0-449a-9b4c-d5620158bc9c","job_id":null,"round":null,"target_count":null,"authority_revision":null,"authority_fingerprint":null,"latency_ms":12.969,"http_status":200,"query_family":"read_certification_projection_v1","phase":"rpc_transport","outcome":"NOT_APPLICABLE","error_class":null,"domain_error_code":null,"sqlstate":null,"canonical_readback":"NOT_OBSERVED","dropped_events":0}
{"schema_version":1,"timestamp":"2026-10-03T02:13:40.772Z","event":"RPC","request_id":"43da511e-ebd0-484f-9859-e5bd3a6413aa","correlation_id":"43da511e-ebd0-484f-9859-e5bd3a6413aa","route":"/api/scoring/current","domain":"TOURNAMENT_READ","feature":"SCORING","release":null,"release_source":"UNAVAILABLE","activation":1,"activation_source":"AUTHORITY_READ","sha":"cccccccccccccccccccccccccccccccccccccccc","mutation_id":"eab62578-83b0-449a-9b4c-d5620158bc9c","match_id":"2026-R1-6","operation_id":"b968fa21-b0f0-4644-849f-72702fafec8e","job_id":null,"round":null,"target_count":null,"authority_revision":null,"authority_fingerprint":null,"latency_ms":16.413,"http_status":200,"query_family":"execute_certification_operation_v1","phase":"rpc_transport","outcome":"COMMITTED","error_class":null,"domain_error_code":null,"sqlstate":null,"canonical_readback":"NOT_OBSERVED","dropped_events":0}
{"schema_version":1,"timestamp":"2026-10-03T02:13:40.793Z","event":"RPC","request_id":"43da511e-ebd0-484f-9859-e5bd3a6413aa","correlation_id":"43da511e-ebd0-484f-9859-e5bd3a6413aa","route":"/api/scoring/current","domain":"TOURNAMENT_READ","feature":"SCORING","release":null,"release_source":"UNAVAILABLE","activation":1,"activation_source":"AUTHORITY_READ","sha":"cccccccccccccccccccccccccccccccccccccccc","mutation_id":"eab62578-83b0-449a-9b4c-d5620158bc9c","match_id":"2026-R1-6","operation_id":"b968fa21-b0f0-4644-849f-72702fafec8e","job_id":null,"round":null,"target_count":null,"authority_revision":null,"authority_fingerprint":null,"latency_ms":19.992,"http_status":200,"query_family":"read_certification_runtime_context_v1","phase":"rpc_transport","outcome":"NOT_APPLICABLE","error_class":null,"domain_error_code":null,"sqlstate":null,"canonical_readback":"NOT_OBSERVED","dropped_events":0}
{"schema_version":1,"timestamp":"2026-10-03T02:13:40.793Z","event":"RPC","request_id":"43da511e-ebd0-484f-9859-e5bd3a6413aa","correlation_id":"43da511e-ebd0-484f-9859-e5bd3a6413aa","route":"/api/scoring/current","domain":"TOURNAMENT_READ","feature":"SCORING","release":null,"release_source":"UNAVAILABLE","activation":1,"activation_source":"AUTHORITY_READ","sha":"cccccccccccccccccccccccccccccccccccccccc","mutation_id":"eab62578-83b0-449a-9b4c-d5620158bc9c","match_id":"2026-R1-6","operation_id":"b968fa21-b0f0-4644-849f-72702fafec8e","job_id":null,"round":null,"target_count":null,"authority_revision":null,"authority_fingerprint":null,"latency_ms":9.832,"http_status":200,"query_family":"read_certification_runtime_context_v1","phase":"rpc_transport","outcome":"NOT_APPLICABLE","error_class":null,"domain_error_code":null,"sqlstate":null,"canonical_readback":"NOT_OBSERVED","dropped_events":0}
{"schema_version":1,"timestamp":"2026-10-03T02:13:40.822Z","event":"RPC","request_id":"43da511e-ebd0-484f-9859-e5bd3a6413aa","correlation_id":"43da511e-ebd0-484f-9859-e5bd3a6413aa","route":"/api/scoring/current","domain":"TOURNAMENT_READ","feature":"SCORING","release":null,"release_source":"UNAVAILABLE","activation":1,"activation_source":"AUTHORITY_READ","sha":"cccccccccccccccccccccccccccccccccccccccc","mutation_id":"eab62578-83b0-449a-9b4c-d5620158bc9c","match_id":"2026-R1-6","operation_id":"b968fa21-b0f0-4644-849f-72702fafec8e","job_id":null,"round":null,"target_count":null,"authority_revision":null,"authority_fingerprint":null,"latency_ms":29.207,"http_status":200,"query_family":"read_certification_projection_v1","phase":"rpc_transport","outcome":"NOT_APPLICABLE","error_class":null,"domain_error_code":null,"sqlstate":null,"canonical_readback":"NOT_OBSERVED","dropped_events":0}
{"schema_version":1,"timestamp":"2026-10-03T02:13:40.822Z","event":"RPC","request_id":"43da511e-ebd0-484f-9859-e5bd3a6413aa","correlation_id":"43da511e-ebd0-484f-9859-e5bd3a6413aa","route":"/api/scoring/current","domain":"TOURNAMENT_READ","feature":"SCORING","release":null,"release_source":"UNAVAILABLE","activation":1,"activation_source":"AUTHORITY_READ","sha":"cccccccccccccccccccccccccccccccccccccccc","mutation_id":"eab62578-83b0-449a-9b4c-d5620158bc9c","match_id":"2026-R1-6","operation_id":"b968fa21-b0f0-4644-849f-72702fafec8e","job_id":null,"round":null,"target_count":null,"authority_revision":null,"authority_fingerprint":null,"latency_ms":12.607,"http_status":200,"query_family":"read_certification_projection_v1","phase":"rpc_transport","outcome":"NOT_APPLICABLE","error_class":null,"domain_error_code":null,"sqlstate":null,"canonical_readback":"NOT_OBSERVED","dropped_events":0}
{"schema_version":1,"timestamp":"2026-10-03T02:13:40.838Z","event":"RPC","request_id":"43da511e-ebd0-484f-9859-e5bd3a6413aa","correlation_id":"43da511e-ebd0-484f-9859-e5bd3a6413aa","route":"/api/scoring/current","domain":"TOURNAMENT_READ","feature":"SCORING","release":null,"release_source":"UNAVAILABLE","activation":1,"activation_source":"AUTHORITY_READ","sha":"cccccccccccccccccccccccccccccccccccccccc","mutation_id":"eab62578-83b0-449a-9b4c-d5620158bc9c","match_id":"2026-R1-6","operation_id":"7051588c-efe3-40d2-b064-ddf35b84d165","job_id":null,"round":null,"target_count":null,"authority_revision":null,"authority_fingerprint":null,"latency_ms":14.968,"http_status":200,"query_family":"execute_certification_operation_v1","phase":"rpc_transport","outcome":"COMMITTED","error_class":null,"domain_error_code":null,"sqlstate":null,"canonical_readback":"NOT_OBSERVED","dropped_events":0}
{"schema_version":1,"timestamp":"2026-10-03T02:13:40.850Z","event":"RPC","request_id":"3f9d9b74-3389-455b-a4ac-e8fc63ca1434","correlation_id":"3f9d9b74-3389-455b-a4ac-e8fc63ca1434","route":"/api/scoring/mutation-status","domain":"TOURNAMENT_READ","feature":"SCORING","release":null,"release_source":"UNAVAILABLE","activation":null,"activation_source":"UNAVAILABLE","sha":"cccccccccccccccccccccccccccccccccccccccc","operation_id":null,"mutation_id":null,"job_id":null,"match_id":null,"round":null,"target_count":null,"authority_revision":null,"authority_fingerprint":null,"latency_ms":9.836,"http_status":200,"query_family":"read_certification_runtime_context_v1","phase":"rpc_transport","outcome":"NOT_APPLICABLE","error_class":null,"domain_error_code":null,"sqlstate":null,"canonical_readback":"NOT_OBSERVED","dropped_events":0}
{"schema_version":1,"timestamp":"2026-10-03T02:13:40.863Z","event":"RPC","request_id":"3f9d9b74-3389-455b-a4ac-e8fc63ca1434","correlation_id":"3f9d9b74-3389-455b-a4ac-e8fc63ca1434","route":"/api/scoring/mutation-status","domain":"TOURNAMENT_READ","feature":"SCORING","release":null,"release_source":"UNAVAILABLE","activation":null,"activation_source":"UNAVAILABLE","sha":"cccccccccccccccccccccccccccccccccccccccc","operation_id":null,"mutation_id":null,"job_id":null,"match_id":null,"round":null,"target_count":null,"authority_revision":null,"authority_fingerprint":null,"latency_ms":12.746,"http_status":200,"query_family":"read_certification_projection_v1","phase":"rpc_transport","outcome":"NOT_APPLICABLE","error_class":null,"domain_error_code":null,"sqlstate":null,"canonical_readback":"NOT_OBSERVED","dropped_events":0}
{"schema_version":1,"timestamp":"2026-10-03T02:13:40.875Z","event":"RPC","request_id":"3f9d9b74-3389-455b-a4ac-e8fc63ca1434","correlation_id":"3f9d9b74-3389-455b-a4ac-e8fc63ca1434","route":"/api/scoring/mutation-status","domain":"TOURNAMENT_READ","feature":"SCORING","release":null,"release_source":"UNAVAILABLE","activation":null,"activation_source":"UNAVAILABLE","sha":"cccccccccccccccccccccccccccccccccccccccc","mutation_id":"eab62578-83b0-449a-9b4c-d5620158bc9c","match_id":"2026-R1-6","operation_id":"eab62578-83b0-449a-9b4c-d5620158bc9c","job_id":null,"round":null,"target_count":null,"authority_revision":null,"authority_fingerprint":null,"latency_ms":10.668,"http_status":200,"query_family":"read_certification_operation_v1","phase":"rpc_transport","outcome":"NOT_APPLICABLE","error_class":null,"domain_error_code":null,"sqlstate":null,"canonical_readback":"NOT_OBSERVED","dropped_events":0}
{"schema_version":1,"timestamp":"2026-10-03T02:13:40.875Z","event":"OUTCOME","request_id":"3f9d9b74-3389-455b-a4ac-e8fc63ca1434","correlation_id":"3f9d9b74-3389-455b-a4ac-e8fc63ca1434","route":"/api/scoring/mutation-status","domain":"SCORING","feature":"SCORING","release":null,"release_source":"UNAVAILABLE","activation":null,"activation_source":"UNAVAILABLE","sha":"cccccccccccccccccccccccccccccccccccccccc","mutation_id":"eab62578-83b0-449a-9b4c-d5620158bc9c","match_id":"2026-R1-6","operation_id":null,"job_id":null,"round":null,"target_count":null,"authority_revision":null,"authority_fingerprint":null,"latency_ms":null,"http_status":null,"query_family":null,"phase":"mutation_recovery","outcome":"COMMITTED","error_class":null,"domain_error_code":null,"sqlstate":null,"canonical_readback":"NOT_OBSERVED","dropped_events":0}
{"schema_version":1,"timestamp":"2026-10-03T02:13:40.875Z","event":"REQUEST","request_id":"3f9d9b74-3389-455b-a4ac-e8fc63ca1434","correlation_id":"3f9d9b74-3389-455b-a4ac-e8fc63ca1434","route":"/api/scoring/mutation-status","domain":"SCORING","feature":"SCORING","release":null,"release_source":"UNAVAILABLE","activation":null,"activation_source":"UNAVAILABLE","sha":"cccccccccccccccccccccccccccccccccccccccc","mutation_id":"eab62578-83b0-449a-9b4c-d5620158bc9c","match_id":"2026-R1-6","operation_id":null,"job_id":null,"round":null,"target_count":null,"authority_revision":null,"authority_fingerprint":null,"latency_ms":35.364,"http_status":200,"query_family":null,"phase":null,"outcome":"NOT_APPLICABLE","error_class":null,"domain_error_code":null,"sqlstate":null,"canonical_readback":"NOT_OBSERVED","dropped_events":0}
{"schema_version":1,"timestamp":"2026-10-03T02:13:40.894Z","event":"RPC","request_id":"5217964e-96b9-464e-a8df-871ecf5807fc","correlation_id":"5217964e-96b9-464e-a8df-871ecf5807fc","route":"/api/director/canonical-odds","domain":"TOURNAMENT_READ","feature":"ODDS","release":null,"release_source":"UNAVAILABLE","activation":null,"activation_source":"UNAVAILABLE","sha":"cccccccccccccccccccccccccccccccccccccccc","operation_id":null,"mutation_id":null,"job_id":null,"match_id":null,"round":null,"target_count":null,"authority_revision":null,"authority_fingerprint":null,"latency_ms":9.755,"http_status":200,"query_family":"read_certification_runtime_context_v1","phase":"rpc_transport","outcome":"NOT_APPLICABLE","error_class":null,"domain_error_code":null,"sqlstate":null,"canonical_readback":"NOT_OBSERVED","dropped_events":0}
{"schema_version":1,"timestamp":"2026-10-03T02:13:40.904Z","event":"RPC","request_id":"5217964e-96b9-464e-a8df-871ecf5807fc","correlation_id":"5217964e-96b9-464e-a8df-871ecf5807fc","route":"/api/director/canonical-odds","domain":"TOURNAMENT_READ","feature":"ODDS","release":null,"release_source":"UNAVAILABLE","activation":null,"activation_source":"UNAVAILABLE","sha":"cccccccccccccccccccccccccccccccccccccccc","operation_id":null,"mutation_id":null,"job_id":null,"match_id":null,"round":null,"target_count":null,"authority_revision":null,"authority_fingerprint":null,"latency_ms":9.738,"http_status":200,"query_family":"read_certification_runtime_context_v1","phase":"rpc_transport","outcome":"NOT_APPLICABLE","error_class":null,"domain_error_code":null,"sqlstate":null,"canonical_readback":"NOT_OBSERVED","dropped_events":0}
{"schema_version":1,"timestamp":"2026-10-03T02:13:40.915Z","event":"RPC","request_id":"5217964e-96b9-464e-a8df-871ecf5807fc","correlation_id":"5217964e-96b9-464e-a8df-871ecf5807fc","route":"/api/director/canonical-odds","domain":"TOURNAMENT_READ","feature":"ODDS","release":null,"release_source":"UNAVAILABLE","activation":null,"activation_source":"UNAVAILABLE","sha":"cccccccccccccccccccccccccccccccccccccccc","operation_id":null,"mutation_id":null,"job_id":null,"match_id":null,"round":null,"target_count":null,"authority_revision":null,"authority_fingerprint":null,"latency_ms":11.219,"http_status":200,"query_family":"read_certification_projection_v1","phase":"rpc_transport","outcome":"NOT_APPLICABLE","error_class":null,"domain_error_code":null,"sqlstate":null,"canonical_readback":"NOT_OBSERVED","dropped_events":0}
{"schema_version":1,"timestamp":"2026-10-03T02:13:40.925Z","event":"RPC","request_id":"5217964e-96b9-464e-a8df-871ecf5807fc","correlation_id":"5217964e-96b9-464e-a8df-871ecf5807fc","route":"/api/director/canonical-odds","domain":"ROUND_CONTROL","feature":"ODDS","release":null,"release_source":"UNAVAILABLE","activation":null,"activation_source":"UNAVAILABLE","sha":"cccccccccccccccccccccccccccccccccccccccc","operation_id":null,"mutation_id":null,"job_id":null,"match_id":null,"round":null,"target_count":null,"authority_revision":null,"authority_fingerprint":null,"latency_ms":9.429,"http_status":200,"query_family":"read_certification_runtime_context_v1","phase":"rpc_transport","outcome":"NOT_APPLICABLE","error_class":null,"domain_error_code":null,"sqlstate":null,"canonical_readback":"NOT_OBSERVED","dropped_events":0}
{"schema_version":1,"timestamp":"2026-10-03T02:13:40.938Z","event":"RPC","request_id":"5217964e-96b9-464e-a8df-871ecf5807fc","correlation_id":"5217964e-96b9-464e-a8df-871ecf5807fc","route":"/api/director/canonical-odds","domain":"ROUND_CONTROL","feature":"ODDS","release":null,"release_source":"UNAVAILABLE","activation":null,"activation_source":"UNAVAILABLE","sha":"cccccccccccccccccccccccccccccccccccccccc","operation_id":null,"mutation_id":null,"job_id":null,"match_id":null,"round":null,"target_count":null,"authority_revision":null,"authority_fingerprint":null,"latency_ms":13.063,"http_status":200,"query_family":"dispatch_certification_odds_v1","phase":"rpc_transport","outcome":"COMMITTED","error_class":null,"domain_error_code":null,"sqlstate":null,"canonical_readback":"NOT_OBSERVED","dropped_events":0}
{"schema_version":1,"timestamp":"2026-10-03T02:13:40.950Z","event":"RPC","request_id":"5217964e-96b9-464e-a8df-871ecf5807fc","correlation_id":"5217964e-96b9-464e-a8df-871ecf5807fc","route":"/api/director/canonical-odds","domain":"ROUND_CONTROL","feature":"ODDS","release":null,"release_source":"UNAVAILABLE","activation":null,"activation_source":"UNAVAILABLE","sha":"cccccccccccccccccccccccccccccccccccccccc","operation_id":null,"mutation_id":null,"job_id":null,"match_id":null,"round":null,"target_count":null,"authority_revision":null,"authority_fingerprint":null,"latency_ms":12.171,"http_status":200,"query_family":"dispatch_certification_odds_v1","phase":"rpc_transport","outcome":"COMMITTED","error_class":null,"domain_error_code":null,"sqlstate":null,"canonical_readback":"NOT_OBSERVED","dropped_events":0}
{"schema_version":1,"timestamp":"2026-10-03T02:13:40.951Z","event":"REQUEST","request_id":"5217964e-96b9-464e-a8df-871ecf5807fc","correlation_id":"5217964e-96b9-464e-a8df-871ecf5807fc","route":"/api/director/canonical-odds","domain":"ODDS","feature":"ODDS","release":null,"release_source":"UNAVAILABLE","activation":null,"activation_source":"UNAVAILABLE","sha":"cccccccccccccccccccccccccccccccccccccccc","operation_id":null,"mutation_id":null,"job_id":null,"match_id":null,"round":null,"target_count":null,"authority_revision":null,"authority_fingerprint":null,"latency_ms":67.546,"http_status":200,"query_family":null,"phase":null,"outcome":"NOT_APPLICABLE","error_class":null,"domain_error_code":null,"sqlstate":null,"canonical_readback":"NOT_OBSERVED","dropped_events":0}
{"schema_version":1,"timestamp":"2026-10-03T02:13:40.962Z","event":"RPC","request_id":"a7b26cc7-592d-4ebd-af14-ca33bb013968","correlation_id":"a7b26cc7-592d-4ebd-af14-ca33bb013968","route":"/api/director/canonical-odds","domain":"TOURNAMENT_READ","feature":"ODDS","release":null,"release_source":"UNAVAILABLE","activation":null,"activation_source":"UNAVAILABLE","sha":"cccccccccccccccccccccccccccccccccccccccc","operation_id":null,"mutation_id":null,"job_id":null,"match_id":null,"round":null,"target_count":null,"authority_revision":null,"authority_fingerprint":null,"latency_ms":9.409,"http_status":200,"query_family":"read_certification_runtime_context_v1","phase":"rpc_transport","outcome":"NOT_APPLICABLE","error_class":null,"domain_error_code":null,"sqlstate":null,"canonical_readback":"NOT_OBSERVED","dropped_events":0}
{"schema_version":1,"timestamp":"2026-10-03T02:13:40.971Z","event":"RPC","request_id":"a7b26cc7-592d-4ebd-af14-ca33bb013968","correlation_id":"a7b26cc7-592d-4ebd-af14-ca33bb013968","route":"/api/director/canonical-odds","domain":"TOURNAMENT_READ","feature":"ODDS","release":null,"release_source":"UNAVAILABLE","activation":null,"activation_source":"UNAVAILABLE","sha":"cccccccccccccccccccccccccccccccccccccccc","operation_id":null,"mutation_id":null,"job_id":null,"match_id":null,"round":null,"target_count":null,"authority_revision":null,"authority_fingerprint":null,"latency_ms":9.15,"http_status":200,"query_family":"read_certification_runtime_context_v1","phase":"rpc_transport","outcome":"NOT_APPLICABLE","error_class":null,"domain_error_code":null,"sqlstate":null,"canonical_readback":"NOT_OBSERVED","dropped_events":0}
{"schema_version":1,"timestamp":"2026-10-03T02:13:40.982Z","event":"RPC","request_id":"a7b26cc7-592d-4ebd-af14-ca33bb013968","correlation_id":"a7b26cc7-592d-4ebd-af14-ca33bb013968","route":"/api/director/canonical-odds","domain":"TOURNAMENT_READ","feature":"ODDS","release":null,"release_source":"UNAVAILABLE","activation":null,"activation_source":"UNAVAILABLE","sha":"cccccccccccccccccccccccccccccccccccccccc","operation_id":null,"mutation_id":null,"job_id":null,"match_id":null,"round":null,"target_count":null,"authority_revision":null,"authority_fingerprint":null,"latency_ms":10.502,"http_status":200,"query_family":"read_certification_projection_v1","phase":"rpc_transport","outcome":"NOT_APPLICABLE","error_class":null,"domain_error_code":null,"sqlstate":null,"canonical_readback":"NOT_OBSERVED","dropped_events":0}
{"schema_version":1,"timestamp":"2026-10-03T02:13:40.992Z","event":"RPC","request_id":"a7b26cc7-592d-4ebd-af14-ca33bb013968","correlation_id":"a7b26cc7-592d-4ebd-af14-ca33bb013968","route":"/api/director/canonical-odds","domain":"ROUND_CONTROL","feature":"ODDS","release":null,"release_source":"UNAVAILABLE","activation":null,"activation_source":"UNAVAILABLE","sha":"cccccccccccccccccccccccccccccccccccccccc","operation_id":null,"mutation_id":null,"job_id":null,"match_id":null,"round":null,"target_count":null,"authority_revision":null,"authority_fingerprint":null,"latency_ms":8.969,"http_status":200,"query_family":"read_certification_runtime_context_v1","phase":"rpc_transport","outcome":"NOT_APPLICABLE","error_class":null,"domain_error_code":null,"sqlstate":null,"canonical_readback":"NOT_OBSERVED","dropped_events":0}
{"schema_version":1,"timestamp":"2026-10-03T02:13:41.013Z","event":"RPC","request_id":"a7b26cc7-592d-4ebd-af14-ca33bb013968","correlation_id":"a7b26cc7-592d-4ebd-af14-ca33bb013968","route":"/api/director/canonical-odds","domain":"ROUND_CONTROL","feature":"ODDS","release":null,"release_source":"UNAVAILABLE","activation":null,"activation_source":"UNAVAILABLE","sha":"cccccccccccccccccccccccccccccccccccccccc","operation_id":"b700be35-a37c-44f3-b973-793e2ddce7e5","mutation_id":null,"job_id":null,"match_id":null,"round":null,"target_count":null,"authority_revision":null,"authority_fingerprint":null,"latency_ms":21.062,"http_status":200,"query_family":"dispatch_certification_odds_v1","phase":"rpc_transport","outcome":"COMMITTED","error_class":null,"domain_error_code":null,"sqlstate":null,"canonical_readback":"NOT_OBSERVED","dropped_events":0}
{"schema_version":1,"timestamp":"2026-10-03T02:13:41.043Z","event":"RPC","request_id":"a7b26cc7-592d-4ebd-af14-ca33bb013968","correlation_id":"a7b26cc7-592d-4ebd-af14-ca33bb013968","route":"/api/director/canonical-odds","domain":"ROUND_CONTROL","feature":"ODDS","release":null,"release_source":"UNAVAILABLE","activation":null,"activation_source":"UNAVAILABLE","sha":"cccccccccccccccccccccccccccccccccccccccc","operation_id":"b700be35-a37c-44f3-b973-793e2ddce7e5","job_id":"e0c093ecc869fae0577e6cdf4d44f92a5e081a8e19c3d233bea29a7f0794061d","mutation_id":null,"match_id":null,"round":null,"target_count":null,"authority_revision":null,"authority_fingerprint":null,"latency_ms":25.908,"http_status":200,"query_family":"dispatch_certification_odds_v1","phase":"rpc_transport","outcome":"COMMITTED","error_class":null,"domain_error_code":null,"sqlstate":null,"canonical_readback":"NOT_OBSERVED","dropped_events":0}
{"schema_version":1,"timestamp":"2026-10-03T02:13:41.043Z","event":"REQUEST","request_id":"a7b26cc7-592d-4ebd-af14-ca33bb013968","correlation_id":"a7b26cc7-592d-4ebd-af14-ca33bb013968","route":"/api/director/canonical-odds","domain":"ODDS","feature":"ODDS","release":null,"release_source":"UNAVAILABLE","activation":null,"activation_source":"UNAVAILABLE","sha":"cccccccccccccccccccccccccccccccccccccccc","operation_id":"b700be35-a37c-44f3-b973-793e2ddce7e5","job_id":"e0c093ecc869fae0577e6cdf4d44f92a5e081a8e19c3d233bea29a7f0794061d","mutation_id":null,"match_id":null,"round":null,"target_count":null,"authority_revision":null,"authority_fingerprint":null,"latency_ms":90.816,"http_status":202,"query_family":null,"phase":null,"outcome":"NOT_APPLICABLE","error_class":null,"domain_error_code":null,"sqlstate":null,"canonical_readback":"NOT_OBSERVED","dropped_events":0}
{"schema_version":1,"timestamp":"2026-10-03T02:13:41.053Z","event":"RPC","request_id":"a7b26cc7-592d-4ebd-af14-ca33bb013968","correlation_id":"a7b26cc7-592d-4ebd-af14-ca33bb013968","route":"/api/director/canonical-odds","domain":"TOURNAMENT_READ","feature":"ODDS","release":null,"release_source":"UNAVAILABLE","activation":null,"activation_source":"UNAVAILABLE","sha":"cccccccccccccccccccccccccccccccccccccccc","operation_id":"b700be35-a37c-44f3-b973-793e2ddce7e5","job_id":"e0c093ecc869fae0577e6cdf4d44f92a5e081a8e19c3d233bea29a7f0794061d","mutation_id":null,"match_id":null,"round":null,"target_count":null,"authority_revision":null,"authority_fingerprint":null,"latency_ms":9.655,"http_status":200,"query_family":"read_certification_runtime_context_v1","phase":"rpc_transport","outcome":"NOT_APPLICABLE","error_class":null,"domain_error_code":null,"sqlstate":null,"canonical_readback":"NOT_OBSERVED","dropped_events":0}
{"schema_version":1,"timestamp":"2026-10-03T02:13:41.073Z","event":"RPC","request_id":"a7b26cc7-592d-4ebd-af14-ca33bb013968","correlation_id":"a7b26cc7-592d-4ebd-af14-ca33bb013968","route":"/api/director/canonical-odds","domain":"TOURNAMENT_READ","feature":"ODDS","release":null,"release_source":"UNAVAILABLE","activation":null,"activation_source":"UNAVAILABLE","sha":"cccccccccccccccccccccccccccccccccccccccc","operation_id":"ed0d5b22-a198-4b21-bf68-cedacc9c50a3","job_id":"e0c093ecc869fae0577e6cdf4d44f92a5e081a8e19c3d233bea29a7f0794061d","mutation_id":null,"match_id":null,"round":null,"target_count":null,"authority_revision":null,"authority_fingerprint":null,"latency_ms":19.308,"http_status":200,"query_family":"dispatch_certification_odds_v1","phase":"rpc_transport","outcome":"COMMITTED","error_class":null,"domain_error_code":null,"sqlstate":null,"canonical_readback":"NOT_OBSERVED","dropped_events":0}
{"schema_version":1,"timestamp":"2026-10-03T02:13:42.609Z","event":"RPC","request_id":"a7b26cc7-592d-4ebd-af14-ca33bb013968","correlation_id":"a7b26cc7-592d-4ebd-af14-ca33bb013968","route":"/api/director/canonical-odds","domain":"TOURNAMENT_READ","feature":"ODDS","release":null,"release_source":"UNAVAILABLE","activation":null,"activation_source":"UNAVAILABLE","sha":"cccccccccccccccccccccccccccccccccccccccc","operation_id":"e4139a29-acba-4d52-93a5-90ebfbdb09bb","job_id":"e0c093ecc869fae0577e6cdf4d44f92a5e081a8e19c3d233bea29a7f0794061d","mutation_id":null,"match_id":null,"round":null,"target_count":null,"authority_revision":null,"authority_fingerprint":null,"latency_ms":22.8,"http_status":200,"query_family":"dispatch_certification_odds_v1","phase":"rpc_transport","outcome":"COMMITTED","error_class":null,"domain_error_code":null,"sqlstate":null,"canonical_readback":"NOT_OBSERVED","dropped_events":0}
{"schema_version":1,"timestamp":"2026-10-03T02:13:44.187Z","event":"RPC","request_id":"a7b26cc7-592d-4ebd-af14-ca33bb013968","correlation_id":"a7b26cc7-592d-4ebd-af14-ca33bb013968","route":"/api/director/canonical-odds","domain":"TOURNAMENT_READ","feature":"ODDS","release":null,"release_source":"UNAVAILABLE","activation":null,"activation_source":"UNAVAILABLE","sha":"cccccccccccccccccccccccccccccccccccccccc","operation_id":"781743e1-378d-4955-bdbc-c362913ff587","job_id":"e0c093ecc869fae0577e6cdf4d44f92a5e081a8e19c3d233bea29a7f0794061d","mutation_id":null,"match_id":null,"round":null,"target_count":null,"authority_revision":null,"authority_fingerprint":null,"latency_ms":21.134,"http_status":200,"query_family":"dispatch_certification_odds_v1","phase":"rpc_transport","outcome":"COMMITTED","error_class":null,"domain_error_code":null,"sqlstate":null,"canonical_readback":"NOT_OBSERVED","dropped_events":0}
{"schema_version":1,"timestamp":"2026-10-03T02:13:45.705Z","event":"RPC","request_id":"a7b26cc7-592d-4ebd-af14-ca33bb013968","correlation_id":"a7b26cc7-592d-4ebd-af14-ca33bb013968","route":"/api/director/canonical-odds","domain":"TOURNAMENT_READ","feature":"ODDS","release":null,"release_source":"UNAVAILABLE","activation":null,"activation_source":"UNAVAILABLE","sha":"cccccccccccccccccccccccccccccccccccccccc","operation_id":"3f3cbd94-5f86-4066-b298-e06a816a5359","job_id":"e0c093ecc869fae0577e6cdf4d44f92a5e081a8e19c3d233bea29a7f0794061d","mutation_id":null,"match_id":null,"round":null,"target_count":null,"authority_revision":null,"authority_fingerprint":null,"latency_ms":24.526,"http_status":200,"query_family":"dispatch_certification_odds_v1","phase":"rpc_transport","outcome":"COMMITTED","error_class":null,"domain_error_code":null,"sqlstate":null,"canonical_readback":"NOT_OBSERVED","dropped_events":0}
{"schema_version":1,"timestamp":"2026-10-03T02:13:47.246Z","event":"RPC","request_id":"a7b26cc7-592d-4ebd-af14-ca33bb013968","correlation_id":"a7b26cc7-592d-4ebd-af14-ca33bb013968","route":"/api/director/canonical-odds","domain":"TOURNAMENT_READ","feature":"ODDS","release":null,"release_source":"UNAVAILABLE","activation":null,"activation_source":"UNAVAILABLE","sha":"cccccccccccccccccccccccccccccccccccccccc","operation_id":"63248715-d048-46ed-8a86-bc1464fa08f6","job_id":"e0c093ecc869fae0577e6cdf4d44f92a5e081a8e19c3d233bea29a7f0794061d","mutation_id":null,"match_id":null,"round":null,"target_count":null,"authority_revision":null,"authority_fingerprint":null,"latency_ms":21.152,"http_status":200,"query_family":"dispatch_certification_odds_v1","phase":"rpc_transport","outcome":"COMMITTED","error_class":null,"domain_error_code":null,"sqlstate":null,"canonical_readback":"NOT_OBSERVED","dropped_events":0}
{"schema_version":1,"timestamp":"2026-10-03T02:13:47.269Z","event":"RPC","request_id":"a7b26cc7-592d-4ebd-af14-ca33bb013968","correlation_id":"a7b26cc7-592d-4ebd-af14-ca33bb013968","route":"/api/director/canonical-odds","domain":"TOURNAMENT_READ","feature":"ODDS","release":null,"release_source":"UNAVAILABLE","activation":null,"activation_source":"UNAVAILABLE","sha":"cccccccccccccccccccccccccccccccccccccccc","operation_id":"2e6a8433-6641-483c-97a6-f4207f659df1","job_id":"e0c093ecc869fae0577e6cdf4d44f92a5e081a8e19c3d233bea29a7f0794061d","mutation_id":null,"match_id":null,"round":null,"target_count":null,"authority_revision":null,"authority_fingerprint":null,"latency_ms":21.58,"http_status":200,"query_family":"dispatch_certification_odds_v1","phase":"rpc_transport","outcome":"COMMITTED","error_class":null,"domain_error_code":null,"sqlstate":null,"canonical_readback":"NOT_OBSERVED","dropped_events":0}
{"schema_version":1,"timestamp":"2026-10-03T02:13:47.283Z","event":"RPC","request_id":"43da511e-ebd0-484f-9859-e5bd3a6413aa","correlation_id":"43da511e-ebd0-484f-9859-e5bd3a6413aa","route":"/api/scoring/current","domain":"TOURNAMENT_READ","feature":"SCORING","release":null,"release_source":"UNAVAILABLE","activation":1,"activation_source":"AUTHORITY_READ","sha":"cccccccccccccccccccccccccccccccccccccccc","mutation_id":"eab62578-83b0-449a-9b4c-d5620158bc9c","match_id":"2026-R1-6","operation_id":"ffa17270-5ecb-44d8-b3a5-3ad22e893837","job_id":null,"round":null,"target_count":null,"authority_revision":null,"authority_fingerprint":null,"latency_ms":13.469,"http_status":200,"query_family":"execute_certification_operation_v1","phase":"rpc_transport","outcome":"COMMITTED","error_class":null,"domain_error_code":null,"sqlstate":null,"canonical_readback":"NOT_OBSERVED","dropped_events":0}
{"schema_version":1,"timestamp":"2026-10-03T02:13:47.302Z","event":"RPC","request_id":"43da511e-ebd0-484f-9859-e5bd3a6413aa","correlation_id":"43da511e-ebd0-484f-9859-e5bd3a6413aa","route":"/api/scoring/current","domain":"TOURNAMENT_READ","feature":"SCORING","release":null,"release_source":"UNAVAILABLE","activation":1,"activation_source":"AUTHORITY_READ","sha":"cccccccccccccccccccccccccccccccccccccccc","mutation_id":"eab62578-83b0-449a-9b4c-d5620158bc9c","match_id":"2026-R1-6","operation_id":"ffa17270-5ecb-44d8-b3a5-3ad22e893837","job_id":null,"round":null,"target_count":null,"authority_revision":null,"authority_fingerprint":null,"latency_ms":18.8,"http_status":200,"query_family":"read_certification_runtime_context_v1","phase":"rpc_transport","outcome":"NOT_APPLICABLE","error_class":null,"domain_error_code":null,"sqlstate":null,"canonical_readback":"NOT_OBSERVED","dropped_events":0}
{"schema_version":1,"timestamp":"2026-10-03T02:13:47.302Z","event":"RPC","request_id":"43da511e-ebd0-484f-9859-e5bd3a6413aa","correlation_id":"43da511e-ebd0-484f-9859-e5bd3a6413aa","route":"/api/scoring/current","domain":"TOURNAMENT_READ","feature":"SCORING","release":null,"release_source":"UNAVAILABLE","activation":1,"activation_source":"AUTHORITY_READ","sha":"cccccccccccccccccccccccccccccccccccccccc","mutation_id":"eab62578-83b0-449a-9b4c-d5620158bc9c","match_id":"2026-R1-6","operation_id":"ffa17270-5ecb-44d8-b3a5-3ad22e893837","job_id":null,"round":null,"target_count":null,"authority_revision":null,"authority_fingerprint":null,"latency_ms":9.39,"http_status":200,"query_family":"read_certification_runtime_context_v1","phase":"rpc_transport","outcome":"NOT_APPLICABLE","error_class":null,"domain_error_code":null,"sqlstate":null,"canonical_readback":"NOT_OBSERVED","dropped_events":0}
{"schema_version":1,"timestamp":"2026-10-03T02:13:47.329Z","event":"RPC","request_id":"43da511e-ebd0-484f-9859-e5bd3a6413aa","correlation_id":"43da511e-ebd0-484f-9859-e5bd3a6413aa","route":"/api/scoring/current","domain":"TOURNAMENT_READ","feature":"SCORING","release":null,"release_source":"UNAVAILABLE","activation":1,"activation_source":"AUTHORITY_READ","sha":"cccccccccccccccccccccccccccccccccccccccc","mutation_id":"eab62578-83b0-449a-9b4c-d5620158bc9c","match_id":"2026-R1-6","operation_id":"ffa17270-5ecb-44d8-b3a5-3ad22e893837","job_id":null,"round":null,"target_count":null,"authority_revision":null,"authority_fingerprint":null,"latency_ms":26.529,"http_status":200,"query_family":"read_certification_projection_v1","phase":"rpc_transport","outcome":"NOT_APPLICABLE","error_class":null,"domain_error_code":null,"sqlstate":null,"canonical_readback":"NOT_OBSERVED","dropped_events":0}
{"schema_version":1,"timestamp":"2026-10-03T02:13:47.329Z","event":"RPC","request_id":"43da511e-ebd0-484f-9859-e5bd3a6413aa","correlation_id":"43da511e-ebd0-484f-9859-e5bd3a6413aa","route":"/api/scoring/current","domain":"TOURNAMENT_READ","feature":"SCORING","release":null,"release_source":"UNAVAILABLE","activation":1,"activation_source":"AUTHORITY_READ","sha":"cccccccccccccccccccccccccccccccccccccccc","mutation_id":"eab62578-83b0-449a-9b4c-d5620158bc9c","match_id":"2026-R1-6","operation_id":"ffa17270-5ecb-44d8-b3a5-3ad22e893837","job_id":null,"round":null,"target_count":null,"authority_revision":null,"authority_fingerprint":null,"latency_ms":10.853,"http_status":200,"query_family":"read_certification_projection_v1","phase":"rpc_transport","outcome":"NOT_APPLICABLE","error_class":null,"domain_error_code":null,"sqlstate":null,"canonical_readback":"NOT_OBSERVED","dropped_events":0}
{"schema_version":1,"timestamp":"2026-10-03T02:13:47.358Z","event":"RPC","request_id":"43da511e-ebd0-484f-9859-e5bd3a6413aa","correlation_id":"43da511e-ebd0-484f-9859-e5bd3a6413aa","route":"/api/scoring/current","domain":"TOURNAMENT_READ","feature":"SCORING","release":null,"release_source":"UNAVAILABLE","activation":1,"activation_source":"AUTHORITY_READ","sha":"cccccccccccccccccccccccccccccccccccccccc","mutation_id":"eab62578-83b0-449a-9b4c-d5620158bc9c","match_id":"2026-R1-6","operation_id":"a2864631-0be3-43da-bf38-798b307ea798","round":0,"job_id":null,"target_count":null,"authority_revision":null,"authority_fingerprint":null,"latency_ms":26.257,"http_status":200,"query_family":"execute_certification_operation_v1","phase":"rpc_transport","outcome":"COMMITTED","error_class":null,"domain_error_code":null,"sqlstate":null,"canonical_readback":"NOT_OBSERVED","dropped_events":0}
{"schema_version":1,"timestamp":"2026-10-03T02:13:47.358Z","event":"RPC","request_id":"43da511e-ebd0-484f-9859-e5bd3a6413aa","correlation_id":"43da511e-ebd0-484f-9859-e5bd3a6413aa","route":"/api/scoring/current","domain":"TOURNAMENT_READ","feature":"SCORING","release":null,"release_source":"UNAVAILABLE","activation":1,"activation_source":"AUTHORITY_READ","sha":"cccccccccccccccccccccccccccccccccccccccc","mutation_id":"eab62578-83b0-449a-9b4c-d5620158bc9c","match_id":"2026-R1-6","operation_id":"83dbe0d0-f65d-454b-bdd3-ee02c675b1d2","round":0,"job_id":null,"target_count":null,"authority_revision":null,"authority_fingerprint":null,"latency_ms":12.851,"http_status":200,"query_family":"execute_certification_operation_v1","phase":"rpc_transport","outcome":"COMMITTED","error_class":null,"domain_error_code":null,"sqlstate":null,"canonical_readback":"NOT_OBSERVED","dropped_events":0}
Calcutta recalculation remains pending { matchId: '2026-R1-6', code: 'CERTIFICATION_INPUT_INVALID' }
