   ▲ Next.js 15.5.18

   Creating an optimized production build ...
<w> [webpack.cache.PackFileCacheStrategy] Skipped not serializable cache item 'Compilation/modules|javascript/auto|/private/tmp/bagger-phase2d-staging-admission/node_modules/next/dist/build/webpack/loaders/next-flight-css-loader.js??ruleSet[1].rules[14].oneOf[5].use[0]!/private/tmp/bagger-phase2d-staging-admission/node_modules/next/dist/build/webpack/loaders/css-loader/src/index.js??ruleSet[1].rules[14].oneOf[5].use[1]!/private/tmp/bagger-phase2d-staging-admission/node_modules/next/dist/build/webpack/loaders/postcss-loader/src/index.js??ruleSet[1].rules[14].oneOf[5].use[2]!/private/var/folders/1l/c2bdsd7114l3tgslqq4np9qc0000gn/T/bagger-r2-application-llPcEO/app/historical.module.css|rsc': No serializer registered for Warning
<w> while serializing webpack/lib/cache/PackFileCacheStrategy.PackContentItems -> webpack/lib/NormalModule -> Array { 1 items } -> webpack/lib/ModuleWarning -> Warning
<w> [webpack.cache.PackFileCacheStrategy] Skipped not serializable cache item 'Compilation/modules|javascript/auto|/private/tmp/bagger-phase2d-staging-admission/node_modules/next/dist/build/webpack/loaders/next-flight-css-loader.js??ruleSet[1].rules[14].oneOf[5].use[0]!/private/tmp/bagger-phase2d-staging-admission/node_modules/next/dist/build/webpack/loaders/css-loader/src/index.js??ruleSet[1].rules[14].oneOf[5].use[1]!/private/tmp/bagger-phase2d-staging-admission/node_modules/next/dist/build/webpack/loaders/postcss-loader/src/index.js??ruleSet[1].rules[14].oneOf[5].use[2]!/private/var/folders/1l/c2bdsd7114l3tgslqq4np9qc0000gn/T/bagger-r2-application-llPcEO/app/draft/draft.module.css|rsc': No serializer registered for Warning
<w> while serializing webpack/lib/cache/PackFileCacheStrategy.PackContentItems -> webpack/lib/NormalModule -> Array { 1 items } -> webpack/lib/ModuleWarning -> Warning
<w> [webpack.cache.PackFileCacheStrategy] Skipped not serializable cache item 'Compilation/modules|javascript/auto|/private/tmp/bagger-phase2d-staging-admission/node_modules/next/dist/build/webpack/loaders/next-flight-css-loader.js??ruleSet[1].rules[14].oneOf[5].use[0]!/private/tmp/bagger-phase2d-staging-admission/node_modules/next/dist/build/webpack/loaders/css-loader/src/index.js??ruleSet[1].rules[14].oneOf[5].use[1]!/private/tmp/bagger-phase2d-staging-admission/node_modules/next/dist/build/webpack/loaders/postcss-loader/src/index.js??ruleSet[1].rules[14].oneOf[5].use[2]!/private/var/folders/1l/c2bdsd7114l3tgslqq4np9qc0000gn/T/bagger-r2-application-llPcEO/app/live/live.module.css|rsc': No serializer registered for Warning
<w> while serializing webpack/lib/cache/PackFileCacheStrategy.PackContentItems -> webpack/lib/NormalModule -> Array { 1 items } -> webpack/lib/ModuleWarning -> Warning
<w> [webpack.cache.PackFileCacheStrategy] Skipped not serializable cache item 'Compilation/modules|javascript/auto|/private/tmp/bagger-phase2d-staging-admission/node_modules/next/dist/build/webpack/loaders/next-flight-css-loader.js??ruleSet[1].rules[14].oneOf[5].use[0]!/private/tmp/bagger-phase2d-staging-admission/node_modules/next/dist/build/webpack/loaders/css-loader/src/index.js??ruleSet[1].rules[14].oneOf[5].use[1]!/private/tmp/bagger-phase2d-staging-admission/node_modules/next/dist/build/webpack/loaders/postcss-loader/src/index.js??ruleSet[1].rules[14].oneOf[5].use[2]!/private/var/folders/1l/c2bdsd7114l3tgslqq4np9qc0000gn/T/bagger-r2-application-llPcEO/app/history/historical-match-row.module.css|rsc': No serializer registered for Warning
<w> while serializing webpack/lib/cache/PackFileCacheStrategy.PackContentItems -> webpack/lib/NormalModule -> Array { 1 items } -> webpack/lib/ModuleWarning -> Warning
<w> [webpack.cache.PackFileCacheStrategy] Skipped not serializable cache item 'Compilation/modules|javascript/auto|/private/tmp/bagger-phase2d-staging-admission/node_modules/next/dist/build/webpack/loaders/next-flight-css-loader.js??ruleSet[1].rules[14].oneOf[5].use[0]!/private/tmp/bagger-phase2d-staging-admission/node_modules/next/dist/build/webpack/loaders/css-loader/src/index.js??ruleSet[1].rules[14].oneOf[5].use[1]!/private/tmp/bagger-phase2d-staging-admission/node_modules/next/dist/build/webpack/loaders/postcss-loader/src/index.js??ruleSet[1].rules[14].oneOf[5].use[2]!/private/var/folders/1l/c2bdsd7114l3tgslqq4np9qc0000gn/T/bagger-r2-application-llPcEO/app/draft/draft.module.css|ssr': No serializer registered for Warning
<w> while serializing webpack/lib/cache/PackFileCacheStrategy.PackContentItems -> webpack/lib/NormalModule -> Array { 1 items } -> webpack/lib/ModuleWarning -> Warning
<w> [webpack.cache.PackFileCacheStrategy] Skipped not serializable cache item 'Compilation/modules|javascript/auto|/private/tmp/bagger-phase2d-staging-admission/node_modules/next/dist/build/webpack/loaders/next-flight-css-loader.js??ruleSet[1].rules[14].oneOf[5].use[0]!/private/tmp/bagger-phase2d-staging-admission/node_modules/next/dist/build/webpack/loaders/css-loader/src/index.js??ruleSet[1].rules[14].oneOf[5].use[1]!/private/tmp/bagger-phase2d-staging-admission/node_modules/next/dist/build/webpack/loaders/postcss-loader/src/index.js??ruleSet[1].rules[14].oneOf[5].use[2]!/private/var/folders/1l/c2bdsd7114l3tgslqq4np9qc0000gn/T/bagger-r2-application-llPcEO/app/historical.module.css|ssr': No serializer registered for Warning
<w> while serializing webpack/lib/cache/PackFileCacheStrategy.PackContentItems -> webpack/lib/NormalModule -> Array { 1 items } -> webpack/lib/ModuleWarning -> Warning
<w> [webpack.cache.PackFileCacheStrategy] Skipped not serializable cache item 'Compilation/modules|javascript/auto|/private/tmp/bagger-phase2d-staging-admission/node_modules/next/dist/build/webpack/loaders/next-flight-css-loader.js??ruleSet[1].rules[14].oneOf[5].use[0]!/private/tmp/bagger-phase2d-staging-admission/node_modules/next/dist/build/webpack/loaders/css-loader/src/index.js??ruleSet[1].rules[14].oneOf[5].use[1]!/private/tmp/bagger-phase2d-staging-admission/node_modules/next/dist/build/webpack/loaders/postcss-loader/src/index.js??ruleSet[1].rules[14].oneOf[5].use[2]!/private/var/folders/1l/c2bdsd7114l3tgslqq4np9qc0000gn/T/bagger-r2-application-llPcEO/app/live/live.module.css|ssr': No serializer registered for Warning
<w> while serializing webpack/lib/cache/PackFileCacheStrategy.PackContentItems -> webpack/lib/NormalModule -> Array { 1 items } -> webpack/lib/ModuleWarning -> Warning
<w> [webpack.cache.PackFileCacheStrategy] Skipped not serializable cache item 'Compilation/modules|javascript/auto|/private/tmp/bagger-phase2d-staging-admission/node_modules/next/dist/build/webpack/loaders/next-flight-css-loader.js??ruleSet[1].rules[14].oneOf[5].use[0]!/private/tmp/bagger-phase2d-staging-admission/node_modules/next/dist/build/webpack/loaders/css-loader/src/index.js??ruleSet[1].rules[14].oneOf[5].use[1]!/private/tmp/bagger-phase2d-staging-admission/node_modules/next/dist/build/webpack/loaders/postcss-loader/src/index.js??ruleSet[1].rules[14].oneOf[5].use[2]!/private/var/folders/1l/c2bdsd7114l3tgslqq4np9qc0000gn/T/bagger-r2-application-llPcEO/app/odds-center/odds.module.css|ssr': No serializer registered for Warning
<w> while serializing webpack/lib/cache/PackFileCacheStrategy.PackContentItems -> webpack/lib/NormalModule -> Array { 1 items } -> webpack/lib/ModuleWarning -> Warning
<w> [webpack.cache.PackFileCacheStrategy] Skipped not serializable cache item 'Compilation/modules|javascript/auto|/private/tmp/bagger-phase2d-staging-admission/node_modules/next/dist/build/webpack/loaders/next-flight-css-loader.js??ruleSet[1].rules[14].oneOf[5].use[0]!/private/tmp/bagger-phase2d-staging-admission/node_modules/next/dist/build/webpack/loaders/css-loader/src/index.js??ruleSet[1].rules[14].oneOf[5].use[1]!/private/tmp/bagger-phase2d-staging-admission/node_modules/next/dist/build/webpack/loaders/postcss-loader/src/index.js??ruleSet[1].rules[14].oneOf[5].use[2]!/private/var/folders/1l/c2bdsd7114l3tgslqq4np9qc0000gn/T/bagger-r2-application-llPcEO/app/war-room/war-room.module.css|ssr': No serializer registered for Warning
<w> while serializing webpack/lib/cache/PackFileCacheStrategy.PackContentItems -> webpack/lib/NormalModule -> Array { 2 items } -> webpack/lib/ModuleWarning -> Warning
<w> [webpack.cache.PackFileCacheStrategy] Skipped not serializable cache item 'Compilation/modules|javascript/auto|/private/tmp/bagger-phase2d-staging-admission/node_modules/next/dist/build/webpack/loaders/next-flight-css-loader.js??ruleSet[1].rules[14].oneOf[5].use[0]!/private/tmp/bagger-phase2d-staging-admission/node_modules/next/dist/build/webpack/loaders/css-loader/src/index.js??ruleSet[1].rules[14].oneOf[5].use[1]!/private/tmp/bagger-phase2d-staging-admission/node_modules/next/dist/build/webpack/loaders/postcss-loader/src/index.js??ruleSet[1].rules[14].oneOf[5].use[2]!/private/var/folders/1l/c2bdsd7114l3tgslqq4np9qc0000gn/T/bagger-r2-application-llPcEO/app/admin/admin-center.module.css|ssr': No serializer registered for Warning
<w> while serializing webpack/lib/cache/PackFileCacheStrategy.PackContentItems -> webpack/lib/NormalModule -> Array { 1 items } -> webpack/lib/ModuleWarning -> Warning
<w> [webpack.cache.PackFileCacheStrategy] Skipped not serializable cache item 'Compilation/modules|javascript/auto|/private/tmp/bagger-phase2d-staging-admission/node_modules/next/dist/build/webpack/loaders/next-flight-css-loader.js??ruleSet[1].rules[14].oneOf[5].use[0]!/private/tmp/bagger-phase2d-staging-admission/node_modules/next/dist/build/webpack/loaders/css-loader/src/index.js??ruleSet[1].rules[14].oneOf[5].use[1]!/private/tmp/bagger-phase2d-staging-admission/node_modules/next/dist/build/webpack/loaders/postcss-loader/src/index.js??ruleSet[1].rules[14].oneOf[5].use[2]!/private/var/folders/1l/c2bdsd7114l3tgslqq4np9qc0000gn/T/bagger-r2-application-llPcEO/app/admin/director/ProductionFutureYearAdministrationPanel.module.css|ssr': No serializer registered for Warning
<w> while serializing webpack/lib/cache/PackFileCacheStrategy.PackContentItems -> webpack/lib/NormalModule -> Array { 1 items } -> webpack/lib/ModuleWarning -> Warning
<w> [webpack.cache.PackFileCacheStrategy] Skipped not serializable cache item 'Compilation/modules|javascript/auto|/private/tmp/bagger-phase2d-staging-admission/node_modules/next/dist/build/webpack/loaders/next-flight-css-loader.js??ruleSet[1].rules[14].oneOf[5].use[0]!/private/tmp/bagger-phase2d-staging-admission/node_modules/next/dist/build/webpack/loaders/css-loader/src/index.js??ruleSet[1].rules[14].oneOf[5].use[1]!/private/tmp/bagger-phase2d-staging-admission/node_modules/next/dist/build/webpack/loaders/postcss-loader/src/index.js??ruleSet[1].rules[14].oneOf[5].use[2]!/private/var/folders/1l/c2bdsd7114l3tgslqq4np9qc0000gn/T/bagger-r2-application-llPcEO/app/admin/player-passport-admin.module.css|ssr': No serializer registered for Warning
<w> while serializing webpack/lib/cache/PackFileCacheStrategy.PackContentItems -> webpack/lib/NormalModule -> Array { 1 items } -> webpack/lib/ModuleWarning -> Warning
<w> [webpack.cache.PackFileCacheStrategy] Skipped not serializable cache item 'Compilation/modules|javascript/auto|/private/tmp/bagger-phase2d-staging-admission/node_modules/next/dist/build/webpack/loaders/next-flight-css-loader.js??ruleSet[1].rules[14].oneOf[5].use[0]!/private/tmp/bagger-phase2d-staging-admission/node_modules/next/dist/build/webpack/loaders/css-loader/src/index.js??ruleSet[1].rules[14].oneOf[5].use[1]!/private/tmp/bagger-phase2d-staging-admission/node_modules/next/dist/build/webpack/loaders/postcss-loader/src/index.js??ruleSet[1].rules[14].oneOf[5].use[2]!/private/var/folders/1l/c2bdsd7114l3tgslqq4np9qc0000gn/T/bagger-r2-application-llPcEO/app/admin/cms-manager.module.css|ssr': No serializer registered for Warning
<w> while serializing webpack/lib/cache/PackFileCacheStrategy.PackContentItems -> webpack/lib/NormalModule -> Array { 1 items } -> webpack/lib/ModuleWarning -> Warning
<w> [webpack.cache.PackFileCacheStrategy] Skipped not serializable cache item 'Compilation/modules|javascript/auto|/private/tmp/bagger-phase2d-staging-admission/node_modules/next/dist/build/webpack/loaders/next-flight-css-loader.js??ruleSet[1].rules[14].oneOf[5].use[0]!/private/tmp/bagger-phase2d-staging-admission/node_modules/next/dist/build/webpack/loaders/css-loader/src/index.js??ruleSet[1].rules[14].oneOf[5].use[1]!/private/tmp/bagger-phase2d-staging-admission/node_modules/next/dist/build/webpack/loaders/postcss-loader/src/index.js??ruleSet[1].rules[14].oneOf[5].use[2]!/private/var/folders/1l/c2bdsd7114l3tgslqq4np9qc0000gn/T/bagger-r2-application-llPcEO/app/admin/director/net-skins-entries.module.css|ssr': No serializer registered for Warning
<w> while serializing webpack/lib/cache/PackFileCacheStrategy.PackContentItems -> webpack/lib/NormalModule -> Array { 1 items } -> webpack/lib/ModuleWarning -> Warning
 ⚠ Compiled with warnings in 7.0s

./app/admin/admin-center.module.css
Warning

(1:1045) autoprefixer: end value has mixed support, consider using flex-end instead

Import trace for requested module:
./app/admin/admin-center.module.css
./app/admin/AdminCenter.js

./app/admin/cms-manager.module.css
Warning

(1:674) autoprefixer: end value has mixed support, consider using flex-end instead

Import trace for requested module:
./app/admin/cms-manager.module.css
./app/admin/CmsManager.js
./app/admin/AdminCenter.js

./app/admin/director/ProductionFutureYearAdministrationPanel.module.css
Warning

(1:3693) autoprefixer: end value has mixed support, consider using flex-end instead

Import trace for requested module:
./app/admin/director/ProductionFutureYearAdministrationPanel.module.css
./app/admin/director/ProductionFutureYearAdministrationPanel.js
./app/admin/director/ProductionDirectorConsole.js

./app/admin/director/net-skins-entries.module.css
Warning

(24:53) autoprefixer: end value has mixed support, consider using flex-end instead

Import trace for requested module:
./app/admin/director/net-skins-entries.module.css
./app/admin/director/ProductionNetSkinsEntries.js
./app/admin/director/CanonicalDirectorOperations.js
./app/admin/director/CanonicalDirectorConsole.js

./app/admin/player-passport-admin.module.css
Warning

(1:108) autoprefixer: end value has mixed support, consider using flex-end instead

Import trace for requested module:
./app/admin/player-passport-admin.module.css
./app/admin/PlayerPassportAdmin.js
./app/admin/AdminCenter.js

./app/draft/draft.module.css
Warning

(1:1661) autoprefixer: end value has mixed support, consider using flex-end instead

Import trace for requested module:
./app/draft/draft.module.css
./app/draft/DraftExperience.js
./app/draft/page.js

./app/draft/draft.module.css
Warning

(1:1661) autoprefixer: end value has mixed support, consider using flex-end instead

Import trace for requested module:
./app/draft/draft.module.css
./app/draft/DraftAnalysisSummary.js

./app/historical.module.css
Warning

(2285:3) autoprefixer: end value has mixed support, consider using flex-end instead

Import trace for requested module:
./app/historical.module.css
./app/board-of-governors/page.js

./app/historical.module.css
Warning

(2285:3) autoprefixer: end value has mixed support, consider using flex-end instead

Import trace for requested module:
./app/historical.module.css
./app/history/HistoryBackToTop.js

./app/history/historical-match-row.module.css
Warning

(1:1188) autoprefixer: end value has mixed support, consider using flex-end instead

Import trace for requested module:
./app/history/historical-match-row.module.css
./app/history/HistoricalMatchRow.js
./app/history/[year]/round/[round]/page.js

./app/live/live.module.css
Warning

(155:3) autoprefixer: end value has mixed support, consider using flex-end instead

Import trace for requested module:
./app/live/live.module.css
./app/PublicMatchCard.js
./app/history/[year]/team/[side]/page.js

./app/live/live.module.css
Warning

(155:3) autoprefixer: end value has mixed support, consider using flex-end instead

Import trace for requested module:
./app/live/live.module.css
./app/live/TournamentSupabaseRead.js

./app/odds-center/odds.module.css
Warning

(1:1051) autoprefixer: end value has mixed support, consider using flex-end instead

Import trace for requested module:
./app/odds-center/odds.module.css
./app/odds-center/OddsCenter.js

./app/war-room/war-room.module.css
Warning

(5:240) autoprefixer: end value has mixed support, consider using flex-end instead

Import trace for requested module:
./app/war-room/war-room.module.css
./app/war-room/WarRoom.js

./app/war-room/war-room.module.css
Warning

(19:50) autoprefixer: end value has mixed support, consider using flex-end instead

Import trace for requested module:
./app/war-room/war-room.module.css
./app/war-room/WarRoom.js

<w> [webpack.cache.PackFileCacheStrategy] Skipped not serializable cache item 'Compilation/modules|/private/tmp/bagger-phase2d-staging-admission/node_modules/next/dist/build/webpack/loaders/css-loader/src/index.js??ruleSet[1].rules[14].oneOf[5].use[2]!/private/tmp/bagger-phase2d-staging-admission/node_modules/next/dist/build/webpack/loaders/postcss-loader/src/index.js??ruleSet[1].rules[14].oneOf[5].use[3]!/private/var/folders/1l/c2bdsd7114l3tgslqq4np9qc0000gn/T/bagger-r2-application-llPcEO/app/historical.module.css': No serializer registered for Warning
<w> while serializing webpack/lib/cache/PackFileCacheStrategy.PackContentItems -> webpack/lib/NormalModule -> Array { 1 items } -> webpack/lib/ModuleWarning -> Warning
<w> [webpack.cache.PackFileCacheStrategy] Skipped not serializable cache item 'Compilation/modules|/private/tmp/bagger-phase2d-staging-admission/node_modules/next/dist/build/webpack/loaders/css-loader/src/index.js??ruleSet[1].rules[14].oneOf[5].use[2]!/private/tmp/bagger-phase2d-staging-admission/node_modules/next/dist/build/webpack/loaders/postcss-loader/src/index.js??ruleSet[1].rules[14].oneOf[5].use[3]!/private/var/folders/1l/c2bdsd7114l3tgslqq4np9qc0000gn/T/bagger-r2-application-llPcEO/app/draft/draft.module.css': No serializer registered for Warning
<w> while serializing webpack/lib/cache/PackFileCacheStrategy.PackContentItems -> webpack/lib/NormalModule -> Array { 1 items } -> webpack/lib/ModuleWarning -> Warning
<w> [webpack.cache.PackFileCacheStrategy] Skipped not serializable cache item 'Compilation/modules|/private/tmp/bagger-phase2d-staging-admission/node_modules/next/dist/build/webpack/loaders/css-loader/src/index.js??ruleSet[1].rules[14].oneOf[5].use[2]!/private/tmp/bagger-phase2d-staging-admission/node_modules/next/dist/build/webpack/loaders/postcss-loader/src/index.js??ruleSet[1].rules[14].oneOf[5].use[3]!/private/var/folders/1l/c2bdsd7114l3tgslqq4np9qc0000gn/T/bagger-r2-application-llPcEO/app/history/historical-match-row.module.css': No serializer registered for Warning
<w> while serializing webpack/lib/cache/PackFileCacheStrategy.PackContentItems -> webpack/lib/NormalModule -> Array { 1 items } -> webpack/lib/ModuleWarning -> Warning
<w> [webpack.cache.PackFileCacheStrategy] Skipped not serializable cache item 'Compilation/modules|/private/tmp/bagger-phase2d-staging-admission/node_modules/next/dist/build/webpack/loaders/css-loader/src/index.js??ruleSet[1].rules[14].oneOf[5].use[2]!/private/tmp/bagger-phase2d-staging-admission/node_modules/next/dist/build/webpack/loaders/postcss-loader/src/index.js??ruleSet[1].rules[14].oneOf[5].use[3]!/private/var/folders/1l/c2bdsd7114l3tgslqq4np9qc0000gn/T/bagger-r2-application-llPcEO/app/live/live.module.css': No serializer registered for Warning
<w> while serializing webpack/lib/cache/PackFileCacheStrategy.PackContentItems -> webpack/lib/NormalModule -> Array { 1 items } -> webpack/lib/ModuleWarning -> Warning
<w> [webpack.cache.PackFileCacheStrategy] Skipped not serializable cache item 'Compilation/modules|/private/tmp/bagger-phase2d-staging-admission/node_modules/next/dist/build/webpack/loaders/css-loader/src/index.js??ruleSet[1].rules[14].oneOf[5].use[2]!/private/tmp/bagger-phase2d-staging-admission/node_modules/next/dist/build/webpack/loaders/postcss-loader/src/index.js??ruleSet[1].rules[14].oneOf[5].use[3]!/private/var/folders/1l/c2bdsd7114l3tgslqq4np9qc0000gn/T/bagger-r2-application-llPcEO/app/odds-center/odds.module.css': No serializer registered for Warning
<w> while serializing webpack/lib/cache/PackFileCacheStrategy.PackContentItems -> webpack/lib/NormalModule -> Array { 1 items } -> webpack/lib/ModuleWarning -> Warning
<w> [webpack.cache.PackFileCacheStrategy] Skipped not serializable cache item 'Compilation/modules|/private/tmp/bagger-phase2d-staging-admission/node_modules/next/dist/build/webpack/loaders/css-loader/src/index.js??ruleSet[1].rules[14].oneOf[5].use[2]!/private/tmp/bagger-phase2d-staging-admission/node_modules/next/dist/build/webpack/loaders/postcss-loader/src/index.js??ruleSet[1].rules[14].oneOf[5].use[3]!/private/var/folders/1l/c2bdsd7114l3tgslqq4np9qc0000gn/T/bagger-r2-application-llPcEO/app/war-room/war-room.module.css': No serializer registered for Warning
<w> while serializing webpack/lib/cache/PackFileCacheStrategy.PackContentItems -> webpack/lib/NormalModule -> Array { 2 items } -> webpack/lib/ModuleWarning -> Warning
<w> [webpack.cache.PackFileCacheStrategy] Skipped not serializable cache item 'Compilation/modules|/private/tmp/bagger-phase2d-staging-admission/node_modules/next/dist/build/webpack/loaders/css-loader/src/index.js??ruleSet[1].rules[14].oneOf[5].use[2]!/private/tmp/bagger-phase2d-staging-admission/node_modules/next/dist/build/webpack/loaders/postcss-loader/src/index.js??ruleSet[1].rules[14].oneOf[5].use[3]!/private/var/folders/1l/c2bdsd7114l3tgslqq4np9qc0000gn/T/bagger-r2-application-llPcEO/app/admin/admin-center.module.css': No serializer registered for Warning
<w> while serializing webpack/lib/cache/PackFileCacheStrategy.PackContentItems -> webpack/lib/NormalModule -> Array { 1 items } -> webpack/lib/ModuleWarning -> Warning
<w> [webpack.cache.PackFileCacheStrategy] Skipped not serializable cache item 'Compilation/modules|/private/tmp/bagger-phase2d-staging-admission/node_modules/next/dist/build/webpack/loaders/css-loader/src/index.js??ruleSet[1].rules[14].oneOf[5].use[2]!/private/tmp/bagger-phase2d-staging-admission/node_modules/next/dist/build/webpack/loaders/postcss-loader/src/index.js??ruleSet[1].rules[14].oneOf[5].use[3]!/private/var/folders/1l/c2bdsd7114l3tgslqq4np9qc0000gn/T/bagger-r2-application-llPcEO/app/admin/cms-manager.module.css': No serializer registered for Warning
<w> while serializing webpack/lib/cache/PackFileCacheStrategy.PackContentItems -> webpack/lib/NormalModule -> Array { 1 items } -> webpack/lib/ModuleWarning -> Warning
<w> [webpack.cache.PackFileCacheStrategy] Skipped not serializable cache item 'Compilation/modules|/private/tmp/bagger-phase2d-staging-admission/node_modules/next/dist/build/webpack/loaders/css-loader/src/index.js??ruleSet[1].rules[14].oneOf[5].use[2]!/private/tmp/bagger-phase2d-staging-admission/node_modules/next/dist/build/webpack/loaders/postcss-loader/src/index.js??ruleSet[1].rules[14].oneOf[5].use[3]!/private/var/folders/1l/c2bdsd7114l3tgslqq4np9qc0000gn/T/bagger-r2-application-llPcEO/app/admin/player-passport-admin.module.css': No serializer registered for Warning
<w> while serializing webpack/lib/cache/PackFileCacheStrategy.PackContentItems -> webpack/lib/NormalModule -> Array { 1 items } -> webpack/lib/ModuleWarning -> Warning
<w> [webpack.cache.PackFileCacheStrategy] Skipped not serializable cache item 'Compilation/modules|/private/tmp/bagger-phase2d-staging-admission/node_modules/next/dist/build/webpack/loaders/css-loader/src/index.js??ruleSet[1].rules[14].oneOf[5].use[2]!/private/tmp/bagger-phase2d-staging-admission/node_modules/next/dist/build/webpack/loaders/postcss-loader/src/index.js??ruleSet[1].rules[14].oneOf[5].use[3]!/private/var/folders/1l/c2bdsd7114l3tgslqq4np9qc0000gn/T/bagger-r2-application-llPcEO/app/admin/director/ProductionFutureYearAdministrationPanel.module.css': No serializer registered for Warning
<w> while serializing webpack/lib/cache/PackFileCacheStrategy.PackContentItems -> webpack/lib/NormalModule -> Array { 1 items } -> webpack/lib/ModuleWarning -> Warning
<w> [webpack.cache.PackFileCacheStrategy] Skipped not serializable cache item 'Compilation/modules|/private/tmp/bagger-phase2d-staging-admission/node_modules/next/dist/build/webpack/loaders/css-loader/src/index.js??ruleSet[1].rules[14].oneOf[5].use[2]!/private/tmp/bagger-phase2d-staging-admission/node_modules/next/dist/build/webpack/loaders/postcss-loader/src/index.js??ruleSet[1].rules[14].oneOf[5].use[3]!/private/var/folders/1l/c2bdsd7114l3tgslqq4np9qc0000gn/T/bagger-r2-application-llPcEO/app/admin/director/net-skins-entries.module.css': No serializer registered for Warning
<w> while serializing webpack/lib/cache/PackFileCacheStrategy.PackContentItems -> webpack/lib/NormalModule -> Array { 1 items } -> webpack/lib/ModuleWarning -> Warning
 ⚠ Compiled with warnings in 2.9s

./app/admin/admin-center.module.css.webpack[javascript/auto]!=!../../../../../../tmp/bagger-phase2d-staging-admission/node_modules/next/dist/build/webpack/loaders/css-loader/src/index.js??ruleSet[1].rules[14].oneOf[5].use[2]!../../../../../../tmp/bagger-phase2d-staging-admission/node_modules/next/dist/build/webpack/loaders/postcss-loader/src/index.js??ruleSet[1].rules[14].oneOf[5].use[3]!./app/admin/admin-center.module.css
Warning

(1:1045) autoprefixer: end value has mixed support, consider using flex-end instead

Import trace for requested module:
./app/admin/admin-center.module.css.webpack[javascript/auto]!=!../../../../../../tmp/bagger-phase2d-staging-admission/node_modules/next/dist/build/webpack/loaders/css-loader/src/index.js??ruleSet[1].rules[14].oneOf[5].use[2]!../../../../../../tmp/bagger-phase2d-staging-admission/node_modules/next/dist/build/webpack/loaders/postcss-loader/src/index.js??ruleSet[1].rules[14].oneOf[5].use[3]!./app/admin/admin-center.module.css
./app/admin/admin-center.module.css
./app/admin/AdminCenter.js

./app/admin/cms-manager.module.css.webpack[javascript/auto]!=!../../../../../../tmp/bagger-phase2d-staging-admission/node_modules/next/dist/build/webpack/loaders/css-loader/src/index.js??ruleSet[1].rules[14].oneOf[5].use[2]!../../../../../../tmp/bagger-phase2d-staging-admission/node_modules/next/dist/build/webpack/loaders/postcss-loader/src/index.js??ruleSet[1].rules[14].oneOf[5].use[3]!./app/admin/cms-manager.module.css
Warning

(1:674) autoprefixer: end value has mixed support, consider using flex-end instead

Import trace for requested module:
./app/admin/cms-manager.module.css.webpack[javascript/auto]!=!../../../../../../tmp/bagger-phase2d-staging-admission/node_modules/next/dist/build/webpack/loaders/css-loader/src/index.js??ruleSet[1].rules[14].oneOf[5].use[2]!../../../../../../tmp/bagger-phase2d-staging-admission/node_modules/next/dist/build/webpack/loaders/postcss-loader/src/index.js??ruleSet[1].rules[14].oneOf[5].use[3]!./app/admin/cms-manager.module.css
./app/admin/cms-manager.module.css
./app/admin/CmsManager.js
./app/admin/AdminCenter.js

./app/admin/director/ProductionFutureYearAdministrationPanel.module.css.webpack[javascript/auto]!=!../../../../../../tmp/bagger-phase2d-staging-admission/node_modules/next/dist/build/webpack/loaders/css-loader/src/index.js??ruleSet[1].rules[14].oneOf[5].use[2]!../../../../../../tmp/bagger-phase2d-staging-admission/node_modules/next/dist/build/webpack/loaders/postcss-loader/src/index.js??ruleSet[1].rules[14].oneOf[5].use[3]!./app/admin/director/ProductionFutureYearAdministrationPanel.module.css
Warning

(1:3693) autoprefixer: end value has mixed support, consider using flex-end instead

Import trace for requested module:
./app/admin/director/ProductionFutureYearAdministrationPanel.module.css.webpack[javascript/auto]!=!../../../../../../tmp/bagger-phase2d-staging-admission/node_modules/next/dist/build/webpack/loaders/css-loader/src/index.js??ruleSet[1].rules[14].oneOf[5].use[2]!../../../../../../tmp/bagger-phase2d-staging-admission/node_modules/next/dist/build/webpack/loaders/postcss-loader/src/index.js??ruleSet[1].rules[14].oneOf[5].use[3]!./app/admin/director/ProductionFutureYearAdministrationPanel.module.css
./app/admin/director/ProductionFutureYearAdministrationPanel.module.css
./app/admin/director/ProductionFutureYearAdministrationPanel.js
./app/admin/director/ProductionDirectorConsole.js

./app/admin/director/net-skins-entries.module.css.webpack[javascript/auto]!=!../../../../../../tmp/bagger-phase2d-staging-admission/node_modules/next/dist/build/webpack/loaders/css-loader/src/index.js??ruleSet[1].rules[14].oneOf[5].use[2]!../../../../../../tmp/bagger-phase2d-staging-admission/node_modules/next/dist/build/webpack/loaders/postcss-loader/src/index.js??ruleSet[1].rules[14].oneOf[5].use[3]!./app/admin/director/net-skins-entries.module.css
Warning

(24:53) autoprefixer: end value has mixed support, consider using flex-end instead

Import trace for requested module:
./app/admin/director/net-skins-entries.module.css.webpack[javascript/auto]!=!../../../../../../tmp/bagger-phase2d-staging-admission/node_modules/next/dist/build/webpack/loaders/css-loader/src/index.js??ruleSet[1].rules[14].oneOf[5].use[2]!../../../../../../tmp/bagger-phase2d-staging-admission/node_modules/next/dist/build/webpack/loaders/postcss-loader/src/index.js??ruleSet[1].rules[14].oneOf[5].use[3]!./app/admin/director/net-skins-entries.module.css
./app/admin/director/net-skins-entries.module.css
./app/admin/director/ProductionNetSkinsEntries.js
./app/admin/director/CanonicalDirectorOperations.js
./app/admin/director/CanonicalDirectorConsole.js

./app/admin/player-passport-admin.module.css.webpack[javascript/auto]!=!../../../../../../tmp/bagger-phase2d-staging-admission/node_modules/next/dist/build/webpack/loaders/css-loader/src/index.js??ruleSet[1].rules[14].oneOf[5].use[2]!../../../../../../tmp/bagger-phase2d-staging-admission/node_modules/next/dist/build/webpack/loaders/postcss-loader/src/index.js??ruleSet[1].rules[14].oneOf[5].use[3]!./app/admin/player-passport-admin.module.css
Warning

(1:108) autoprefixer: end value has mixed support, consider using flex-end instead

Import trace for requested module:
./app/admin/player-passport-admin.module.css.webpack[javascript/auto]!=!../../../../../../tmp/bagger-phase2d-staging-admission/node_modules/next/dist/build/webpack/loaders/css-loader/src/index.js??ruleSet[1].rules[14].oneOf[5].use[2]!../../../../../../tmp/bagger-phase2d-staging-admission/node_modules/next/dist/build/webpack/loaders/postcss-loader/src/index.js??ruleSet[1].rules[14].oneOf[5].use[3]!./app/admin/player-passport-admin.module.css
./app/admin/player-passport-admin.module.css
./app/admin/PlayerPassportAdmin.js
./app/admin/AdminCenter.js

./app/draft/draft.module.css.webpack[javascript/auto]!=!../../../../../../tmp/bagger-phase2d-staging-admission/node_modules/next/dist/build/webpack/loaders/css-loader/src/index.js??ruleSet[1].rules[14].oneOf[5].use[2]!../../../../../../tmp/bagger-phase2d-staging-admission/node_modules/next/dist/build/webpack/loaders/postcss-loader/src/index.js??ruleSet[1].rules[14].oneOf[5].use[3]!./app/draft/draft.module.css
Warning

(1:1661) autoprefixer: end value has mixed support, consider using flex-end instead

Import trace for requested module:
./app/draft/draft.module.css.webpack[javascript/auto]!=!../../../../../../tmp/bagger-phase2d-staging-admission/node_modules/next/dist/build/webpack/loaders/css-loader/src/index.js??ruleSet[1].rules[14].oneOf[5].use[2]!../../../../../../tmp/bagger-phase2d-staging-admission/node_modules/next/dist/build/webpack/loaders/postcss-loader/src/index.js??ruleSet[1].rules[14].oneOf[5].use[3]!./app/draft/draft.module.css
./app/draft/draft.module.css

./app/historical.module.css.webpack[javascript/auto]!=!../../../../../../tmp/bagger-phase2d-staging-admission/node_modules/next/dist/build/webpack/loaders/css-loader/src/index.js??ruleSet[1].rules[14].oneOf[5].use[2]!../../../../../../tmp/bagger-phase2d-staging-admission/node_modules/next/dist/build/webpack/loaders/postcss-loader/src/index.js??ruleSet[1].rules[14].oneOf[5].use[3]!./app/historical.module.css
Warning

(2285:3) autoprefixer: end value has mixed support, consider using flex-end instead

Import trace for requested module:
./app/historical.module.css.webpack[javascript/auto]!=!../../../../../../tmp/bagger-phase2d-staging-admission/node_modules/next/dist/build/webpack/loaders/css-loader/src/index.js??ruleSet[1].rules[14].oneOf[5].use[2]!../../../../../../tmp/bagger-phase2d-staging-admission/node_modules/next/dist/build/webpack/loaders/postcss-loader/src/index.js??ruleSet[1].rules[14].oneOf[5].use[3]!./app/historical.module.css
./app/historical.module.css

./app/history/historical-match-row.module.css.webpack[javascript/auto]!=!../../../../../../tmp/bagger-phase2d-staging-admission/node_modules/next/dist/build/webpack/loaders/css-loader/src/index.js??ruleSet[1].rules[14].oneOf[5].use[2]!../../../../../../tmp/bagger-phase2d-staging-admission/node_modules/next/dist/build/webpack/loaders/postcss-loader/src/index.js??ruleSet[1].rules[14].oneOf[5].use[3]!./app/history/historical-match-row.module.css
Warning

(1:1188) autoprefixer: end value has mixed support, consider using flex-end instead

Import trace for requested module:
./app/history/historical-match-row.module.css.webpack[javascript/auto]!=!../../../../../../tmp/bagger-phase2d-staging-admission/node_modules/next/dist/build/webpack/loaders/css-loader/src/index.js??ruleSet[1].rules[14].oneOf[5].use[2]!../../../../../../tmp/bagger-phase2d-staging-admission/node_modules/next/dist/build/webpack/loaders/postcss-loader/src/index.js??ruleSet[1].rules[14].oneOf[5].use[3]!./app/history/historical-match-row.module.css
./app/history/historical-match-row.module.css

./app/live/live.module.css.webpack[javascript/auto]!=!../../../../../../tmp/bagger-phase2d-staging-admission/node_modules/next/dist/build/webpack/loaders/css-loader/src/index.js??ruleSet[1].rules[14].oneOf[5].use[2]!../../../../../../tmp/bagger-phase2d-staging-admission/node_modules/next/dist/build/webpack/loaders/postcss-loader/src/index.js??ruleSet[1].rules[14].oneOf[5].use[3]!./app/live/live.module.css
Warning

(155:3) autoprefixer: end value has mixed support, consider using flex-end instead

Import trace for requested module:
./app/live/live.module.css.webpack[javascript/auto]!=!../../../../../../tmp/bagger-phase2d-staging-admission/node_modules/next/dist/build/webpack/loaders/css-loader/src/index.js??ruleSet[1].rules[14].oneOf[5].use[2]!../../../../../../tmp/bagger-phase2d-staging-admission/node_modules/next/dist/build/webpack/loaders/postcss-loader/src/index.js??ruleSet[1].rules[14].oneOf[5].use[3]!./app/live/live.module.css
./app/live/live.module.css

./app/odds-center/odds.module.css.webpack[javascript/auto]!=!../../../../../../tmp/bagger-phase2d-staging-admission/node_modules/next/dist/build/webpack/loaders/css-loader/src/index.js??ruleSet[1].rules[14].oneOf[5].use[2]!../../../../../../tmp/bagger-phase2d-staging-admission/node_modules/next/dist/build/webpack/loaders/postcss-loader/src/index.js??ruleSet[1].rules[14].oneOf[5].use[3]!./app/odds-center/odds.module.css
Warning

(1:1051) autoprefixer: end value has mixed support, consider using flex-end instead

Import trace for requested module:
./app/odds-center/odds.module.css.webpack[javascript/auto]!=!../../../../../../tmp/bagger-phase2d-staging-admission/node_modules/next/dist/build/webpack/loaders/css-loader/src/index.js??ruleSet[1].rules[14].oneOf[5].use[2]!../../../../../../tmp/bagger-phase2d-staging-admission/node_modules/next/dist/build/webpack/loaders/postcss-loader/src/index.js??ruleSet[1].rules[14].oneOf[5].use[3]!./app/odds-center/odds.module.css
./app/odds-center/odds.module.css
./app/odds-center/OddsCenter.js

./app/war-room/war-room.module.css.webpack[javascript/auto]!=!../../../../../../tmp/bagger-phase2d-staging-admission/node_modules/next/dist/build/webpack/loaders/css-loader/src/index.js??ruleSet[1].rules[14].oneOf[5].use[2]!../../../../../../tmp/bagger-phase2d-staging-admission/node_modules/next/dist/build/webpack/loaders/postcss-loader/src/index.js??ruleSet[1].rules[14].oneOf[5].use[3]!./app/war-room/war-room.module.css
Warning

(5:240) autoprefixer: end value has mixed support, consider using flex-end instead

Import trace for requested module:
./app/war-room/war-room.module.css.webpack[javascript/auto]!=!../../../../../../tmp/bagger-phase2d-staging-admission/node_modules/next/dist/build/webpack/loaders/css-loader/src/index.js??ruleSet[1].rules[14].oneOf[5].use[2]!../../../../../../tmp/bagger-phase2d-staging-admission/node_modules/next/dist/build/webpack/loaders/postcss-loader/src/index.js??ruleSet[1].rules[14].oneOf[5].use[3]!./app/war-room/war-room.module.css
./app/war-room/war-room.module.css
./app/war-room/lineup-optimizer/LineupOptimizer.js

./app/war-room/war-room.module.css.webpack[javascript/auto]!=!../../../../../../tmp/bagger-phase2d-staging-admission/node_modules/next/dist/build/webpack/loaders/css-loader/src/index.js??ruleSet[1].rules[14].oneOf[5].use[2]!../../../../../../tmp/bagger-phase2d-staging-admission/node_modules/next/dist/build/webpack/loaders/postcss-loader/src/index.js??ruleSet[1].rules[14].oneOf[5].use[3]!./app/war-room/war-room.module.css
Warning

(19:50) autoprefixer: end value has mixed support, consider using flex-end instead

Import trace for requested module:
./app/war-room/war-room.module.css.webpack[javascript/auto]!=!../../../../../../tmp/bagger-phase2d-staging-admission/node_modules/next/dist/build/webpack/loaders/css-loader/src/index.js??ruleSet[1].rules[14].oneOf[5].use[2]!../../../../../../tmp/bagger-phase2d-staging-admission/node_modules/next/dist/build/webpack/loaders/postcss-loader/src/index.js??ruleSet[1].rules[14].oneOf[5].use[3]!./app/war-room/war-room.module.css
./app/war-room/war-room.module.css
./app/war-room/lineup-optimizer/LineupOptimizer.js

 ✓ Compiled successfully in 10.0s
   Linting and checking validity of types ...
   Collecting page data ...
   Generating static pages (0/19) ...
   Generating static pages (4/19) 
   Generating static pages (9/19) 
   Generating static pages (14/19) 
 ✓ Generating static pages (19/19)
   Finalizing page optimization ...
   Collecting build traces ...

Route (app)                                                           Size  First Load JS
┌ ƒ /                                                              4.42 kB         115 kB
├ ○ /_not-found                                                    1.01 kB         104 kB
├ ○ /activate                                                      1.93 kB         108 kB
├ ƒ /admin                                                         24.6 kB         141 kB
├ ○ /admin/data-health                                               472 B         103 kB
├ ƒ /admin/director                                                 127 kB         278 kB
├ ƒ /admin/director/completed-history                              2.05 kB         113 kB
├ ƒ /admin/director/game-center-readiness                            415 B         151 kB
├ ƒ /admin/live-matches                                              472 B         103 kB
├ ○ /admin/publish-odds                                              472 B         103 kB
├ ƒ /admin/source-audit                                            1.01 kB         104 kB
├ ƒ /admin/step11-6-production-google-writer-fence                 6.51 kB         114 kB
├ ƒ /admin/step12-production-google-writer-provider-fence          5.24 kB         112 kB
├ ƒ /admin/tournament-guide                                          472 B         103 kB
├ ƒ /api/admin/cms                                                   472 B         103 kB
├ ƒ /api/admin/data-authority-certification                          472 B         103 kB
├ ƒ /api/admin/draft-projection                                      472 B         103 kB
├ ƒ /api/admin/production-calcutta-v1                                472 B         103 kB
├ ƒ /api/admin/production-director-synchronization                   472 B         103 kB
├ ƒ /api/admin/production-maintenance-precommit-deployment-rebind    472 B         103 kB
├ ƒ /api/admin/production-net-skins-v1                               472 B         103 kB
├ ƒ /api/admin/production-odds-calculations                          472 B         103 kB
├ ƒ /api/admin/scorecard-calibration                                 472 B         103 kB
├ ƒ /api/admin/session                                               472 B         103 kB
├ ƒ /api/admin/step11-6-production-google-writer-fence               472 B         103 kB
├ ƒ /api/admin/step11-production-google-certificate                  472 B         103 kB
├ ƒ /api/admin/step11-production-google-metadata                     472 B         103 kB
├ ƒ /api/admin/step11-scoring-rehearsal                              472 B         103 kB
├ ƒ /api/admin/tournament                                            472 B         103 kB
├ ƒ /api/admin/war-room-calculation-parity                           472 B         103 kB
├ ƒ /api/admin/war-room-input-parity                                 472 B         103 kB
├ ƒ /api/auth/hooks/send-sms                                         472 B         103 kB
├ ƒ /api/captains-briefing                                           472 B         103 kB
├ ƒ /api/cron/account-deletion                                       472 B         103 kB
├ ƒ /api/cron/future-match-google-compatibility                      472 B         103 kB
├ ƒ /api/cron/guide-sync                                             472 B         103 kB
├ ƒ /api/cron/guide-sync/diagnostics                                 472 B         103 kB
├ ƒ /api/cron/round-scorecards-archive                               472 B         103 kB
├ ƒ /api/cron/scoring-google-outbox                                  472 B         103 kB
├ ƒ /api/director                                                    472 B         103 kB
├ ƒ /api/director/access                                             472 B         103 kB
├ ƒ /api/director/canonical-odds                                     472 B         103 kB
├ ƒ /api/director/canonical-operations                               472 B         103 kB
├ ƒ /api/director/canonical-overview                                 472 B         103 kB
├ ƒ /api/director/completed-history                                  472 B         103 kB
├ ƒ /api/director/draft                                              472 B         103 kB
├ ƒ /api/director/entitlement                                        472 B         103 kB
├ ƒ /api/director/future-tournaments                                 472 B         103 kB
├ ƒ /api/director/future-tournaments/google-writer                   472 B         103 kB
├ ƒ /api/director/guide                                              472 B         103 kB
├ ƒ /api/director/guide-content                                      472 B         103 kB
├ ƒ /api/director/handicaps                                          472 B         103 kB
├ ƒ /api/director/identity-shadow-diagnostics                        472 B         103 kB
├ ƒ /api/director/impersonation                                      472 B         103 kB
├ ƒ /api/director/net-skins-entries                                  472 B         103 kB
├ ƒ /api/director/notifications/sandbox                              472 B         103 kB
├ ƒ /api/director/odds-publication                                   472 B         103 kB
├ ƒ /api/director/participant-identity                               472 B         103 kB
├ ƒ /api/director/players-access                                     472 B         103 kB
├ ƒ /api/director/prediction-settings                                472 B         103 kB
├ ƒ /api/director/production-overview                                472 B         103 kB
├ ƒ /api/director/reset-preview                                      472 B         103 kB
├ ƒ /api/director/round-scoring                                      472 B         103 kB
├ ƒ /api/director/scoring-authority                                  472 B         103 kB
├ ƒ /api/director/scoring-shadow                                     472 B         103 kB
├ ƒ /api/director/scoring-shadow/benchmark                           472 B         103 kB
├ ƒ /api/director/scoring-shadow/phase2-dry-run                      472 B         103 kB
├ ƒ /api/director/tournament-awards                                  472 B         103 kB
├ ƒ /api/director/tournament-setup                                   472 B         103 kB
├ ƒ /api/draft-analysis                                              472 B         103 kB
├ ƒ /api/draft-analytics                                             472 B         103 kB
├ ƒ /api/entry                                                       472 B         103 kB
├ ƒ /api/game-center/[matchId]                                       472 B         103 kB
├ ƒ /api/leaderboards/calcutta                                       472 B         103 kB
├ ƒ /api/leaderboards/core                                           472 B         103 kB
├ ƒ /api/leaderboards/insights                                       472 B         103 kB
├ ƒ /api/leaderboards/net-skins                                      472 B         103 kB
├ ƒ /api/live                                                        472 B         103 kB
├ ƒ /api/live-matches                                                472 B         103 kB
├ ƒ /api/mobile/v1/account/deletion                                  472 B         103 kB
├ ƒ /api/mobile/v1/auth/captcha                                      472 B         103 kB
├ ƒ /api/mobile/v1/auth/certification/renew                          472 B         103 kB
├ ƒ /api/mobile/v1/auth/otp/certify                                  472 B         103 kB
├ ƒ /api/mobile/v1/auth/otp/phone                                    472 B         103 kB
├ ƒ /api/mobile/v1/auth/otp/request                                  472 B         103 kB
├ ƒ /api/mobile/v1/calcutta                                          472 B         103 kB
├ ƒ /api/mobile/v1/guide                                             472 B         103 kB
├ ƒ /api/mobile/v1/health                                            472 B         103 kB
├ ƒ /api/mobile/v1/history                                           472 B         103 kB
├ ƒ /api/mobile/v1/history/[year]                                    472 B         103 kB
├ ƒ /api/mobile/v1/leaders                                           472 B         103 kB
├ ƒ /api/mobile/v1/matches                                           472 B         103 kB
├ ƒ /api/mobile/v1/matches/[matchId]                                 472 B         103 kB
├ ƒ /api/mobile/v1/net-skins                                         472 B         103 kB
├ ƒ /api/mobile/v1/odds                                              472 B         103 kB
├ ƒ /api/mobile/v1/passport                                          472 B         103 kB
├ ƒ /api/mobile/v1/portrait-policy                                   472 B         103 kB
├ ƒ /api/mobile/v1/records                                           472 B         103 kB
├ ƒ /api/mobile/v1/schedule                                          472 B         103 kB
├ ƒ /api/mobile/v1/scoring/current                                   472 B         103 kB
├ ƒ /api/mobile/v1/scoring/finalize                                  472 B         103 kB
├ ƒ /api/mobile/v1/scoring/hole                                      472 B         103 kB
├ ƒ /api/mobile/v1/scoring/mutation-status                           472 B         103 kB
├ ƒ /api/mobile/v1/session                                           472 B         103 kB
├ ƒ /api/mobile/v1/today                                             472 B         103 kB
├ ƒ /api/my-match                                                    472 B         103 kB
├ ƒ /api/odds/calculations                                           472 B         103 kB
├ ƒ /api/odds/inputs                                                 472 B         103 kB
├ ƒ /api/odds/prediction-settings                                    472 B         103 kB
├ ƒ /api/odds/publication-operations                                 472 B         103 kB
├ ƒ /api/odds/publish                                                472 B         103 kB
├ ƒ /api/odds/publish-preview                                        472 B         103 kB
├ ƒ /api/participant/auth/diagnostics                                472 B         103 kB
├ ƒ /api/participant/auth/otp/request                                472 B         103 kB
├ ƒ /api/participant/auth/otp/verify                                 472 B         103 kB
├ ƒ /api/participant/auth/phone                                      472 B         103 kB
├ ƒ /api/participant/auth/phone-enrollment                           472 B         103 kB
├ ƒ /api/participant/auth/phone-login-proof                          472 B         103 kB
├ ƒ /api/participant/auth/session                                    472 B         103 kB
├ ƒ /api/participant/context                                         472 B         103 kB
├ ƒ /api/participant/home                                            472 B         103 kB
├ ƒ /api/participant/tournament-guide                                472 B         103 kB
├ ƒ /api/player-passport/activation                                  472 B         103 kB
├ ƒ /api/player-passport/admin                                       472 B         103 kB
├ ƒ /api/player-passport/initialize                                  472 B         103 kB
├ ƒ /api/player-passport/matches                                     472 B         103 kB
├ ƒ /api/player-passport/notifications                               472 B         103 kB
├ ƒ /api/player-passport/readiness                                   472 B         103 kB
├ ƒ /api/player-passport/session                                     472 B         103 kB
├ ƒ /api/preview-environment                                         472 B         103 kB
├ ƒ /api/preview-reliability                                         472 B         103 kB
├ ƒ /api/scoring/access                                              472 B         103 kB
├ ƒ /api/scoring/current                                             472 B         103 kB
├ ƒ /api/scoring/diagnostics                                         472 B         103 kB
├ ƒ /api/scoring/matches                                             472 B         103 kB
├ ƒ /api/scoring/matches/[matchId]                                   472 B         103 kB
├ ƒ /api/scoring/mutation-status                                     472 B         103 kB
├ ƒ /api/scoring/session                                             472 B         103 kB
├ ƒ /api/spectator/[resource]                                        472 B         103 kB
├ ƒ /api/spectator/golf/[...path]                                    472 B         103 kB
├ ƒ /api/tournament-guide                                            472 B         103 kB
├ ƒ /api/tournament-guide/schema                                     472 B         103 kB
├ ƒ /api/tournament/foundation                                       472 B         103 kB
├ ƒ /api/tournament/live                                             472 B         103 kB
├ ƒ /api/tournament/secondary                                        472 B         103 kB
├ ○ /app                                                             472 B         103 kB
├ ƒ /app/courses                                                     145 B         118 kB
├ ƒ /app/courses/[courseId]                                        1.36 kB         118 kB
├ ƒ /app/courses/[courseId]/holes/[holeNumber]                      4.4 kB         115 kB
├ ƒ /app/guide                                                     4.17 kB         115 kB
├ ƒ /app/guide/[section]                                             143 B         121 kB
├ ƒ /app/history                                                     143 B         118 kB
├ ƒ /app/history/[year]                                             2.7 kB         119 kB
├ ƒ /app/history/[year]/round/[round]                                155 B         126 kB
├ ƒ /app/history/[year]/team/[side]                                4.04 kB         125 kB
├ ƒ /app/leaderboards                                                30 kB         146 kB
├ ƒ /app/odds                                                        136 B         117 kB
├ ƒ /app/players                                                     140 B         117 kB
├ ƒ /app/players/[slug]                                              151 B         127 kB
├ ƒ /app/tournament                                                  213 B         145 kB
├ ○ /apple-icon.png                                                    0 B            0 B
├ ƒ /board-of-governors                                              140 B         117 kB
├ ƒ /champions                                                     6.57 kB         117 kB
├ ƒ /champions/[year]                                              6.74 kB         118 kB
├ ƒ /compare                                                       11.4 kB         122 kB
├ ƒ /courses                                                         146 B         118 kB
├ ƒ /courses/[courseId]                                            1.36 kB         118 kB
├ ƒ /courses/[courseId]/holes/[holeNumber]                          4.4 kB         115 kB
├ ƒ /data-health                                                     638 B         111 kB
├ ƒ /draft                                                           911 B         118 kB
├ ƒ /draft/[year]                                                    911 B         118 kB
├ ƒ /draft/analytics                                               6.42 kB         123 kB
├ ƒ /enter                                                         1.73 kB         105 kB
├ ƒ /follow/[[...path]]                                            8.17 kB         117 kB
├ ƒ /game-center/[matchId]                                         11.3 kB         118 kB
├ ƒ /history                                                         142 B         118 kB
├ ƒ /history/[year]                                                 2.7 kB         119 kB
├ ƒ /history/[year]/round/[round]                                    155 B         126 kB
├ ƒ /history/[year]/team/[side]                                    4.04 kB         125 kB
├ ƒ /home                                                          18.2 kB         137 kB
├ ○ /icon.png                                                          0 B            0 B
├ ƒ /live                                                            232 B         149 kB
├ ○ /manifest.webmanifest                                            472 B         103 kB
├ ƒ /me                                                            8.81 kB         115 kB
├ ƒ /me/verify-mobile                                              2.92 kB         109 kB
├ ƒ /my-match                                                        146 B         141 kB
├ ƒ /odds-center                                                     136 B         117 kB
├ ○ /odds-center/admin                                               472 B         103 kB
├ ƒ /participant-auth                                              13.1 kB         116 kB
├ ƒ /players                                                         140 B         117 kB
├ ƒ /players/[slug]                                                  151 B         127 kB
├ ○ /privacy                                                         171 B         106 kB
├ ƒ /ratings                                                       1.31 kB         112 kB
├ ƒ /records                                                        4.4 kB         115 kB
├ ƒ /records/[slug]                                                8.57 kB         119 kB
├ ○ /robots.txt                                                      472 B         103 kB
├ ○ /rules                                                           472 B         103 kB
├ ƒ /score                                                           147 B         141 kB
├ ƒ /score/access/[token]                                            472 B         103 kB
├ ○ /sitemap.xml                                                     472 B         103 kB
├ ƒ /statistics                                                    4.25 kB         115 kB
├ ƒ /statistics/handicaps                                            140 B         117 kB
├ ƒ /statistics/partnerships                                         139 B         117 kB
├ ƒ /statistics/rivalries                                            139 B         117 kB
├ ○ /support                                                         171 B         106 kB
├ ƒ /tournament-guide                                              4.17 kB         115 kB
├ ƒ /tournament-guide/[section]                                      144 B         121 kB
├ ƒ /war-room                                                      18.6 kB         135 kB
├ ƒ /war-room/lineup-optimizer                                     5.25 kB         122 kB
├ ƒ /war-room/simulator                                              472 B         103 kB
└ ƒ /war-room/team-intelligence                                    8.57 kB         125 kB
+ First Load JS shared by all                                       103 kB
  ├ chunks/1547-c7ee97a2117cbca9.js                                  46 kB
  ├ chunks/7a57e81c-045bb389ab8ee4ac.js                            54.2 kB
  └ other shared chunks (total)                                    2.68 kB


○  (Static)   prerendered as static content
ƒ  (Dynamic)  server-rendered on demand


   ▲ Next.js 15.5.18
   - Local:        http://127.0.0.1:62144
   - Network:      http://127.0.0.1:62144

 ✓ Starting...
 ✓ Ready in 154ms
(node:73862) ExperimentalWarning: localStorage is not available because --localstorage-file was not provided.
(Use `node --trace-warnings ...` to show where the warning was created)
{"schema_version":1,"timestamp":"2026-10-03T02:22:14.654Z","event":"RPC","request_id":"bc4f4792-0ec5-4d9b-b2dd-55b1a4d2dcac","correlation_id":"bc4f4792-0ec5-4d9b-b2dd-55b1a4d2dcac","route":"/api/tournament/live","domain":"TOURNAMENT_READ","feature":"TOURNAMENT_READ","release":null,"release_source":"UNAVAILABLE","activation":null,"activation_source":"UNAVAILABLE","sha":"cccccccccccccccccccccccccccccccccccccccc","operation_id":null,"mutation_id":null,"job_id":null,"match_id":null,"round":null,"target_count":null,"authority_revision":null,"authority_fingerprint":null,"latency_ms":14.539,"http_status":200,"query_family":"read_certification_runtime_context_v1","phase":"rpc_transport","outcome":"NOT_APPLICABLE","error_class":null,"domain_error_code":null,"sqlstate":null,"canonical_readback":"NOT_OBSERVED","dropped_events":0}
{"schema_version":1,"timestamp":"2026-10-03T02:22:14.655Z","event":"RPC","request_id":"bc4f4792-0ec5-4d9b-b2dd-55b1a4d2dcac","correlation_id":"bc4f4792-0ec5-4d9b-b2dd-55b1a4d2dcac","route":"/api/tournament/live","domain":"TOURNAMENT_READ","feature":"TOURNAMENT_READ","release":null,"release_source":"UNAVAILABLE","activation":null,"activation_source":"UNAVAILABLE","sha":"cccccccccccccccccccccccccccccccccccccccc","operation_id":null,"mutation_id":null,"job_id":null,"match_id":null,"round":null,"target_count":null,"authority_revision":null,"authority_fingerprint":null,"latency_ms":13.31,"http_status":200,"query_family":"read_certification_runtime_context_v1","phase":"rpc_transport","outcome":"NOT_APPLICABLE","error_class":null,"domain_error_code":null,"sqlstate":null,"canonical_readback":"NOT_OBSERVED","dropped_events":0}
{"schema_version":1,"timestamp":"2026-10-03T02:22:14.666Z","event":"RPC","request_id":"bc4f4792-0ec5-4d9b-b2dd-55b1a4d2dcac","correlation_id":"bc4f4792-0ec5-4d9b-b2dd-55b1a4d2dcac","route":"/api/tournament/live","domain":"TOURNAMENT_READ","feature":"TOURNAMENT_READ","release":null,"release_source":"UNAVAILABLE","activation":null,"activation_source":"UNAVAILABLE","sha":"cccccccccccccccccccccccccccccccccccccccc","operation_id":null,"mutation_id":null,"job_id":null,"match_id":null,"round":null,"target_count":null,"authority_revision":null,"authority_fingerprint":null,"latency_ms":11.291,"http_status":200,"query_family":"read_certification_projection_v1","phase":"rpc_transport","outcome":"NOT_APPLICABLE","error_class":"INTERNAL_ERROR","domain_error_code":null,"sqlstate":null,"canonical_readback":"NOT_OBSERVED","dropped_events":0}
{"schema_version":1,"timestamp":"2026-10-03T02:22:14.672Z","event":"RPC","request_id":"bc4f4792-0ec5-4d9b-b2dd-55b1a4d2dcac","correlation_id":"bc4f4792-0ec5-4d9b-b2dd-55b1a4d2dcac","route":"/api/tournament/live","domain":"TOURNAMENT_READ","feature":"TOURNAMENT_READ","release":null,"release_source":"UNAVAILABLE","activation":1,"activation_source":"AUTHORITY_READ","sha":"cccccccccccccccccccccccccccccccccccccccc","operation_id":null,"mutation_id":null,"job_id":null,"match_id":null,"round":null,"target_count":null,"authority_revision":null,"authority_fingerprint":null,"latency_ms":17.775,"http_status":200,"query_family":"read_certification_projection_v1","phase":"rpc_transport","outcome":"NOT_APPLICABLE","error_class":null,"domain_error_code":null,"sqlstate":null,"canonical_readback":"NOT_OBSERVED","dropped_events":0}
{"schema_version":1,"timestamp":"2026-10-03T02:22:14.687Z","event":"RPC","request_id":"bc4f4792-0ec5-4d9b-b2dd-55b1a4d2dcac","correlation_id":"bc4f4792-0ec5-4d9b-b2dd-55b1a4d2dcac","route":"/api/tournament/live","domain":"TOURNAMENT_READ","feature":"TOURNAMENT_READ","release":null,"release_source":"UNAVAILABLE","activation":1,"activation_source":"AUTHORITY_READ","sha":"cccccccccccccccccccccccccccccccccccccccc","operation_id":null,"mutation_id":null,"job_id":null,"match_id":null,"round":null,"target_count":null,"authority_revision":null,"authority_fingerprint":null,"latency_ms":11.46,"http_status":200,"query_family":"read_certification_runtime_context_v1","phase":"rpc_transport","outcome":"NOT_APPLICABLE","error_class":null,"domain_error_code":null,"sqlstate":null,"canonical_readback":"NOT_OBSERVED","dropped_events":0}
{"schema_version":1,"timestamp":"2026-10-03T02:22:14.698Z","event":"RPC","request_id":"bc4f4792-0ec5-4d9b-b2dd-55b1a4d2dcac","correlation_id":"bc4f4792-0ec5-4d9b-b2dd-55b1a4d2dcac","route":"/api/tournament/live","domain":"TOURNAMENT_READ","feature":"TOURNAMENT_READ","release":null,"release_source":"UNAVAILABLE","activation":1,"activation_source":"AUTHORITY_READ","sha":"cccccccccccccccccccccccccccccccccccccccc","operation_id":null,"mutation_id":null,"job_id":null,"match_id":null,"round":null,"target_count":null,"authority_revision":null,"authority_fingerprint":null,"latency_ms":11.238,"http_status":200,"query_family":"read_certification_projection_v1","phase":"rpc_transport","outcome":"NOT_APPLICABLE","error_class":null,"domain_error_code":null,"sqlstate":null,"canonical_readback":"NOT_OBSERVED","dropped_events":0}
{"schema_version":1,"timestamp":"2026-10-03T02:22:14.699Z","event":"REQUEST","request_id":"bc4f4792-0ec5-4d9b-b2dd-55b1a4d2dcac","correlation_id":"bc4f4792-0ec5-4d9b-b2dd-55b1a4d2dcac","route":"/api/tournament/live","domain":"TOURNAMENT_READ","feature":"TOURNAMENT_READ","release":null,"release_source":"UNAVAILABLE","activation":1,"activation_source":"AUTHORITY_READ","sha":"cccccccccccccccccccccccccccccccccccccccc","operation_id":null,"mutation_id":null,"job_id":null,"match_id":null,"round":null,"target_count":null,"authority_revision":null,"authority_fingerprint":null,"latency_ms":61.161,"http_status":200,"query_family":null,"phase":null,"outcome":"NOT_APPLICABLE","error_class":null,"domain_error_code":null,"sqlstate":null,"canonical_readback":"NOT_OBSERVED","dropped_events":0}
Runtime performance {
  operation: 'GET /api/live',
  totalMs: 0,
  blocked: true,
  source: 'supabase'
}
{"schema_version":1,"timestamp":"2026-10-03T02:22:14.703Z","event":"REQUEST","request_id":"310c2673-5960-40bf-b85b-e5bd2a263677","correlation_id":"310c2673-5960-40bf-b85b-e5bd2a263677","route":"/api/live","domain":"TOURNAMENT_READ","feature":"TOURNAMENT_READ","release":null,"release_source":"UNAVAILABLE","activation":null,"activation_source":"UNAVAILABLE","sha":"cccccccccccccccccccccccccccccccccccccccc","operation_id":null,"mutation_id":null,"job_id":null,"match_id":null,"round":null,"target_count":null,"authority_revision":null,"authority_fingerprint":null,"latency_ms":0.616,"http_status":409,"query_family":null,"phase":null,"outcome":"NOT_APPLICABLE","error_class":"CONFLICT","domain_error_code":null,"sqlstate":null,"canonical_readback":"NOT_OBSERVED","dropped_events":0}
{"schema_version":1,"timestamp":"2026-10-03T02:22:14.709Z","event":"REQUEST","request_id":"ea665fee-24f5-4c43-8e09-d0b2a04c626f","correlation_id":"ea665fee-24f5-4c43-8e09-d0b2a04c626f","route":"/api/director/canonical-operations","domain":"DIRECTOR","feature":"DIRECTOR","release":null,"release_source":"UNAVAILABLE","activation":null,"activation_source":"UNAVAILABLE","sha":"cccccccccccccccccccccccccccccccccccccccc","operation_id":null,"mutation_id":null,"job_id":null,"match_id":null,"round":null,"target_count":null,"authority_revision":null,"authority_fingerprint":null,"latency_ms":2.671,"http_status":403,"query_family":null,"phase":null,"outcome":"NOT_APPLICABLE","error_class":"AUTHORIZATION_DENIED","domain_error_code":null,"sqlstate":null,"canonical_readback":"NOT_OBSERVED","dropped_events":0}
{"schema_version":1,"timestamp":"2026-10-03T02:22:14.725Z","event":"RPC","request_id":"27e161be-db03-4f5b-9a1b-4d483e21698c","correlation_id":"27e161be-db03-4f5b-9a1b-4d483e21698c","route":"/api/director/canonical-operations","domain":"TOURNAMENT_READ","feature":"DIRECTOR","release":null,"release_source":"UNAVAILABLE","activation":null,"activation_source":"UNAVAILABLE","sha":"cccccccccccccccccccccccccccccccccccccccc","operation_id":null,"mutation_id":null,"job_id":null,"match_id":null,"round":null,"target_count":null,"authority_revision":null,"authority_fingerprint":null,"latency_ms":10.079,"http_status":200,"query_family":"read_certification_runtime_context_v1","phase":"rpc_transport","outcome":"NOT_APPLICABLE","error_class":null,"domain_error_code":null,"sqlstate":null,"canonical_readback":"NOT_OBSERVED","dropped_events":0}
{"schema_version":1,"timestamp":"2026-10-03T02:22:14.734Z","event":"RPC","request_id":"27e161be-db03-4f5b-9a1b-4d483e21698c","correlation_id":"27e161be-db03-4f5b-9a1b-4d483e21698c","route":"/api/director/canonical-operations","domain":"TOURNAMENT_READ","feature":"DIRECTOR","release":null,"release_source":"UNAVAILABLE","activation":null,"activation_source":"UNAVAILABLE","sha":"cccccccccccccccccccccccccccccccccccccccc","operation_id":null,"mutation_id":null,"job_id":null,"match_id":null,"round":null,"target_count":null,"authority_revision":null,"authority_fingerprint":null,"latency_ms":8.994,"http_status":200,"query_family":"read_certification_runtime_context_v1","phase":"rpc_transport","outcome":"NOT_APPLICABLE","error_class":null,"domain_error_code":null,"sqlstate":null,"canonical_readback":"NOT_OBSERVED","dropped_events":0}
{"schema_version":1,"timestamp":"2026-10-03T02:22:14.745Z","event":"RPC","request_id":"27e161be-db03-4f5b-9a1b-4d483e21698c","correlation_id":"27e161be-db03-4f5b-9a1b-4d483e21698c","route":"/api/director/canonical-operations","domain":"TOURNAMENT_READ","feature":"DIRECTOR","release":null,"release_source":"UNAVAILABLE","activation":null,"activation_source":"UNAVAILABLE","sha":"cccccccccccccccccccccccccccccccccccccccc","operation_id":null,"mutation_id":null,"job_id":null,"match_id":null,"round":null,"target_count":null,"authority_revision":null,"authority_fingerprint":null,"latency_ms":10.987,"http_status":200,"query_family":"read_certification_projection_v1","phase":"rpc_transport","outcome":"NOT_APPLICABLE","error_class":null,"domain_error_code":null,"sqlstate":null,"canonical_readback":"NOT_OBSERVED","dropped_events":0}
{"schema_version":1,"timestamp":"2026-10-03T02:22:14.745Z","event":"REQUEST","request_id":"27e161be-db03-4f5b-9a1b-4d483e21698c","correlation_id":"27e161be-db03-4f5b-9a1b-4d483e21698c","route":"/api/director/canonical-operations","domain":"DIRECTOR","feature":"DIRECTOR","release":null,"release_source":"UNAVAILABLE","activation":null,"activation_source":"UNAVAILABLE","sha":"cccccccccccccccccccccccccccccccccccccccc","operation_id":null,"mutation_id":null,"job_id":null,"match_id":null,"round":null,"target_count":null,"authority_revision":null,"authority_fingerprint":null,"latency_ms":34.424,"http_status":403,"query_family":null,"phase":null,"outcome":"NOT_APPLICABLE","error_class":"AUTHORIZATION_DENIED","domain_error_code":null,"sqlstate":null,"canonical_readback":"NOT_OBSERVED","dropped_events":0}
{"schema_version":1,"timestamp":"2026-10-03T02:22:14.758Z","event":"RPC","request_id":"f395256d-327d-47c7-ac47-e20b36b9e810","correlation_id":"f395256d-327d-47c7-ac47-e20b36b9e810","route":"/api/director/canonical-operations","domain":"TOURNAMENT_READ","feature":"DIRECTOR","release":null,"release_source":"UNAVAILABLE","activation":null,"activation_source":"UNAVAILABLE","sha":"cccccccccccccccccccccccccccccccccccccccc","operation_id":null,"mutation_id":null,"job_id":null,"match_id":null,"round":null,"target_count":null,"authority_revision":null,"authority_fingerprint":null,"latency_ms":9.351,"http_status":200,"query_family":"read_certification_runtime_context_v1","phase":"rpc_transport","outcome":"NOT_APPLICABLE","error_class":null,"domain_error_code":null,"sqlstate":null,"canonical_readback":"NOT_OBSERVED","dropped_events":0}
{"schema_version":1,"timestamp":"2026-10-03T02:22:14.767Z","event":"RPC","request_id":"f395256d-327d-47c7-ac47-e20b36b9e810","correlation_id":"f395256d-327d-47c7-ac47-e20b36b9e810","route":"/api/director/canonical-operations","domain":"TOURNAMENT_READ","feature":"DIRECTOR","release":null,"release_source":"UNAVAILABLE","activation":null,"activation_source":"UNAVAILABLE","sha":"cccccccccccccccccccccccccccccccccccccccc","operation_id":null,"mutation_id":null,"job_id":null,"match_id":null,"round":null,"target_count":null,"authority_revision":null,"authority_fingerprint":null,"latency_ms":8.95,"http_status":200,"query_family":"read_certification_runtime_context_v1","phase":"rpc_transport","outcome":"NOT_APPLICABLE","error_class":null,"domain_error_code":null,"sqlstate":null,"canonical_readback":"NOT_OBSERVED","dropped_events":0}
{"schema_version":1,"timestamp":"2026-10-03T02:22:14.778Z","event":"RPC","request_id":"f395256d-327d-47c7-ac47-e20b36b9e810","correlation_id":"f395256d-327d-47c7-ac47-e20b36b9e810","route":"/api/director/canonical-operations","domain":"TOURNAMENT_READ","feature":"DIRECTOR","release":null,"release_source":"UNAVAILABLE","activation":null,"activation_source":"UNAVAILABLE","sha":"cccccccccccccccccccccccccccccccccccccccc","operation_id":null,"mutation_id":null,"job_id":null,"match_id":null,"round":null,"target_count":null,"authority_revision":null,"authority_fingerprint":null,"latency_ms":10.514,"http_status":200,"query_family":"read_certification_projection_v1","phase":"rpc_transport","outcome":"NOT_APPLICABLE","error_class":null,"domain_error_code":null,"sqlstate":null,"canonical_readback":"NOT_OBSERVED","dropped_events":0}
{"schema_version":1,"timestamp":"2026-10-03T02:22:14.787Z","event":"RPC","request_id":"f395256d-327d-47c7-ac47-e20b36b9e810","correlation_id":"f395256d-327d-47c7-ac47-e20b36b9e810","route":"/api/director/canonical-operations","domain":"ROUND_CONTROL","feature":"DIRECTOR","release":null,"release_source":"UNAVAILABLE","activation":null,"activation_source":"UNAVAILABLE","sha":"cccccccccccccccccccccccccccccccccccccccc","operation_id":null,"mutation_id":null,"job_id":null,"match_id":null,"round":null,"target_count":null,"authority_revision":null,"authority_fingerprint":null,"latency_ms":9.002,"http_status":200,"query_family":"read_certification_runtime_context_v1","phase":"rpc_transport","outcome":"NOT_APPLICABLE","error_class":null,"domain_error_code":null,"sqlstate":null,"canonical_readback":"NOT_OBSERVED","dropped_events":0}
{"schema_version":1,"timestamp":"2026-10-03T02:22:14.852Z","event":"RPC","request_id":"f395256d-327d-47c7-ac47-e20b36b9e810","correlation_id":"f395256d-327d-47c7-ac47-e20b36b9e810","route":"/api/director/canonical-operations","domain":"ROUND_CONTROL","feature":"DIRECTOR","release":null,"release_source":"UNAVAILABLE","activation":null,"activation_source":"UNAVAILABLE","sha":"cccccccccccccccccccccccccccccccccccccccc","operation_id":null,"mutation_id":null,"job_id":null,"match_id":null,"round":null,"target_count":null,"authority_revision":null,"authority_fingerprint":null,"latency_ms":63.847,"http_status":200,"query_family":"read_certification_operation_v1","phase":"rpc_transport","outcome":"NOT_APPLICABLE","error_class":null,"domain_error_code":null,"sqlstate":null,"canonical_readback":"NOT_OBSERVED","dropped_events":0}
{"schema_version":1,"timestamp":"2026-10-03T02:22:14.852Z","event":"REQUEST","request_id":"f395256d-327d-47c7-ac47-e20b36b9e810","correlation_id":"f395256d-327d-47c7-ac47-e20b36b9e810","route":"/api/director/canonical-operations","domain":"DIRECTOR","feature":"DIRECTOR","release":null,"release_source":"UNAVAILABLE","activation":null,"activation_source":"UNAVAILABLE","sha":"cccccccccccccccccccccccccccccccccccccccc","operation_id":null,"mutation_id":null,"job_id":null,"match_id":null,"round":null,"target_count":null,"authority_revision":null,"authority_fingerprint":null,"latency_ms":104.364,"http_status":200,"query_family":null,"phase":null,"outcome":"NOT_APPLICABLE","error_class":null,"domain_error_code":null,"sqlstate":null,"canonical_readback":"NOT_OBSERVED","dropped_events":0}
{"schema_version":1,"timestamp":"2026-10-03T02:22:14.865Z","event":"RPC","request_id":"4d80024e-cc5c-4d5d-aacc-917e98f772f9","correlation_id":"4d80024e-cc5c-4d5d-aacc-917e98f772f9","route":"/api/leaderboards/core","domain":"TOURNAMENT_READ","feature":"TOURNAMENT_READ","release":null,"release_source":"UNAVAILABLE","activation":null,"activation_source":"UNAVAILABLE","sha":"cccccccccccccccccccccccccccccccccccccccc","operation_id":null,"mutation_id":null,"job_id":null,"match_id":null,"round":null,"target_count":null,"authority_revision":null,"authority_fingerprint":null,"latency_ms":9.673,"http_status":200,"query_family":"read_certification_runtime_context_v1","phase":"rpc_transport","outcome":"NOT_APPLICABLE","error_class":null,"domain_error_code":null,"sqlstate":null,"canonical_readback":"NOT_OBSERVED","dropped_events":0}
{"schema_version":1,"timestamp":"2026-10-03T02:22:14.878Z","event":"RPC","request_id":"4d80024e-cc5c-4d5d-aacc-917e98f772f9","correlation_id":"4d80024e-cc5c-4d5d-aacc-917e98f772f9","route":"/api/leaderboards/core","domain":"TOURNAMENT_READ","feature":"TOURNAMENT_READ","release":null,"release_source":"UNAVAILABLE","activation":null,"activation_source":"UNAVAILABLE","sha":"cccccccccccccccccccccccccccccccccccccccc","operation_id":null,"mutation_id":null,"job_id":null,"match_id":null,"round":null,"target_count":null,"authority_revision":null,"authority_fingerprint":null,"latency_ms":12.159,"http_status":200,"query_family":"read_certification_projection_v1","phase":"rpc_transport","outcome":"NOT_APPLICABLE","error_class":null,"domain_error_code":null,"sqlstate":null,"canonical_readback":"NOT_OBSERVED","dropped_events":0}
{"schema_version":1,"timestamp":"2026-10-03T02:22:14.887Z","event":"RPC","request_id":"4d80024e-cc5c-4d5d-aacc-917e98f772f9","correlation_id":"4d80024e-cc5c-4d5d-aacc-917e98f772f9","route":"/api/leaderboards/core","domain":"TOURNAMENT_READ","feature":"TOURNAMENT_READ","release":null,"release_source":"UNAVAILABLE","activation":null,"activation_source":"UNAVAILABLE","sha":"cccccccccccccccccccccccccccccccccccccccc","operation_id":null,"mutation_id":null,"job_id":null,"match_id":null,"round":null,"target_count":null,"authority_revision":null,"authority_fingerprint":null,"latency_ms":9.143,"http_status":200,"query_family":"read_certification_runtime_context_v1","phase":"rpc_transport","outcome":"NOT_APPLICABLE","error_class":null,"domain_error_code":null,"sqlstate":null,"canonical_readback":"NOT_OBSERVED","dropped_events":0}
{"schema_version":1,"timestamp":"2026-10-03T02:22:14.903Z","event":"RPC","request_id":"4d80024e-cc5c-4d5d-aacc-917e98f772f9","correlation_id":"4d80024e-cc5c-4d5d-aacc-917e98f772f9","route":"/api/leaderboards/core","domain":"TOURNAMENT_READ","feature":"TOURNAMENT_READ","release":null,"release_source":"UNAVAILABLE","activation":1,"activation_source":"AUTHORITY_READ","sha":"cccccccccccccccccccccccccccccccccccccccc","operation_id":null,"mutation_id":null,"job_id":null,"match_id":null,"round":null,"target_count":null,"authority_revision":null,"authority_fingerprint":null,"latency_ms":15.756,"http_status":200,"query_family":"read_certification_projection_v1","phase":"rpc_transport","outcome":"NOT_APPLICABLE","error_class":null,"domain_error_code":null,"sqlstate":null,"canonical_readback":"NOT_OBSERVED","dropped_events":0}
{"schema_version":1,"timestamp":"2026-10-03T02:22:14.910Z","event":"REQUEST","request_id":"4d80024e-cc5c-4d5d-aacc-917e98f772f9","correlation_id":"4d80024e-cc5c-4d5d-aacc-917e98f772f9","route":"/api/leaderboards/core","domain":"TOURNAMENT_READ","feature":"TOURNAMENT_READ","release":null,"release_source":"UNAVAILABLE","activation":1,"activation_source":"AUTHORITY_READ","sha":"cccccccccccccccccccccccccccccccccccccccc","operation_id":null,"mutation_id":null,"job_id":null,"match_id":null,"round":null,"target_count":null,"authority_revision":null,"authority_fingerprint":null,"latency_ms":55.359,"http_status":200,"query_family":null,"phase":null,"outcome":"NOT_APPLICABLE","error_class":null,"domain_error_code":null,"sqlstate":null,"canonical_readback":"NOT_OBSERVED","dropped_events":0}
{"schema_version":1,"timestamp":"2026-10-03T02:22:14.923Z","event":"RPC","request_id":"a2eea0d5-1bf8-431c-858c-45dc2bc9b73a","correlation_id":"a2eea0d5-1bf8-431c-858c-45dc2bc9b73a","route":"/api/director/canonical-odds","domain":"TOURNAMENT_READ","feature":"ODDS","release":null,"release_source":"UNAVAILABLE","activation":null,"activation_source":"UNAVAILABLE","sha":"cccccccccccccccccccccccccccccccccccccccc","operation_id":null,"mutation_id":null,"job_id":null,"match_id":null,"round":null,"target_count":null,"authority_revision":null,"authority_fingerprint":null,"latency_ms":9.73,"http_status":200,"query_family":"read_certification_runtime_context_v1","phase":"rpc_transport","outcome":"NOT_APPLICABLE","error_class":null,"domain_error_code":null,"sqlstate":null,"canonical_readback":"NOT_OBSERVED","dropped_events":0}
{"schema_version":1,"timestamp":"2026-10-03T02:22:14.932Z","event":"RPC","request_id":"a2eea0d5-1bf8-431c-858c-45dc2bc9b73a","correlation_id":"a2eea0d5-1bf8-431c-858c-45dc2bc9b73a","route":"/api/director/canonical-odds","domain":"TOURNAMENT_READ","feature":"ODDS","release":null,"release_source":"UNAVAILABLE","activation":null,"activation_source":"UNAVAILABLE","sha":"cccccccccccccccccccccccccccccccccccccccc","operation_id":null,"mutation_id":null,"job_id":null,"match_id":null,"round":null,"target_count":null,"authority_revision":null,"authority_fingerprint":null,"latency_ms":8.832,"http_status":200,"query_family":"read_certification_runtime_context_v1","phase":"rpc_transport","outcome":"NOT_APPLICABLE","error_class":null,"domain_error_code":null,"sqlstate":null,"canonical_readback":"NOT_OBSERVED","dropped_events":0}
{"schema_version":1,"timestamp":"2026-10-03T02:22:14.943Z","event":"RPC","request_id":"a2eea0d5-1bf8-431c-858c-45dc2bc9b73a","correlation_id":"a2eea0d5-1bf8-431c-858c-45dc2bc9b73a","route":"/api/director/canonical-odds","domain":"TOURNAMENT_READ","feature":"ODDS","release":null,"release_source":"UNAVAILABLE","activation":null,"activation_source":"UNAVAILABLE","sha":"cccccccccccccccccccccccccccccccccccccccc","operation_id":null,"mutation_id":null,"job_id":null,"match_id":null,"round":null,"target_count":null,"authority_revision":null,"authority_fingerprint":null,"latency_ms":10.563,"http_status":200,"query_family":"read_certification_projection_v1","phase":"rpc_transport","outcome":"NOT_APPLICABLE","error_class":null,"domain_error_code":null,"sqlstate":null,"canonical_readback":"NOT_OBSERVED","dropped_events":0}
{"schema_version":1,"timestamp":"2026-10-03T02:22:14.952Z","event":"RPC","request_id":"a2eea0d5-1bf8-431c-858c-45dc2bc9b73a","correlation_id":"a2eea0d5-1bf8-431c-858c-45dc2bc9b73a","route":"/api/director/canonical-odds","domain":"ROUND_CONTROL","feature":"ODDS","release":null,"release_source":"UNAVAILABLE","activation":null,"activation_source":"UNAVAILABLE","sha":"cccccccccccccccccccccccccccccccccccccccc","operation_id":null,"mutation_id":null,"job_id":null,"match_id":null,"round":null,"target_count":null,"authority_revision":null,"authority_fingerprint":null,"latency_ms":8.66,"http_status":200,"query_family":"read_certification_runtime_context_v1","phase":"rpc_transport","outcome":"NOT_APPLICABLE","error_class":null,"domain_error_code":null,"sqlstate":null,"canonical_readback":"NOT_OBSERVED","dropped_events":0}
{"schema_version":1,"timestamp":"2026-10-03T02:22:14.965Z","event":"RPC","request_id":"a2eea0d5-1bf8-431c-858c-45dc2bc9b73a","correlation_id":"a2eea0d5-1bf8-431c-858c-45dc2bc9b73a","route":"/api/director/canonical-odds","domain":"ROUND_CONTROL","feature":"ODDS","release":null,"release_source":"UNAVAILABLE","activation":null,"activation_source":"UNAVAILABLE","sha":"cccccccccccccccccccccccccccccccccccccccc","operation_id":null,"mutation_id":null,"job_id":null,"match_id":null,"round":null,"target_count":null,"authority_revision":null,"authority_fingerprint":null,"latency_ms":12.912,"http_status":200,"query_family":"dispatch_certification_odds_v1","phase":"rpc_transport","outcome":"COMMITTED","error_class":null,"domain_error_code":null,"sqlstate":null,"canonical_readback":"NOT_OBSERVED","dropped_events":0}
{"schema_version":1,"timestamp":"2026-10-03T02:22:14.978Z","event":"RPC","request_id":"a2eea0d5-1bf8-431c-858c-45dc2bc9b73a","correlation_id":"a2eea0d5-1bf8-431c-858c-45dc2bc9b73a","route":"/api/director/canonical-odds","domain":"ROUND_CONTROL","feature":"ODDS","release":null,"release_source":"UNAVAILABLE","activation":null,"activation_source":"UNAVAILABLE","sha":"cccccccccccccccccccccccccccccccccccccccc","operation_id":null,"mutation_id":null,"job_id":null,"match_id":null,"round":null,"target_count":null,"authority_revision":null,"authority_fingerprint":null,"latency_ms":12.467,"http_status":200,"query_family":"dispatch_certification_odds_v1","phase":"rpc_transport","outcome":"COMMITTED","error_class":null,"domain_error_code":null,"sqlstate":null,"canonical_readback":"NOT_OBSERVED","dropped_events":0}
{"schema_version":1,"timestamp":"2026-10-03T02:22:14.978Z","event":"REQUEST","request_id":"a2eea0d5-1bf8-431c-858c-45dc2bc9b73a","correlation_id":"a2eea0d5-1bf8-431c-858c-45dc2bc9b73a","route":"/api/director/canonical-odds","domain":"ODDS","feature":"ODDS","release":null,"release_source":"UNAVAILABLE","activation":null,"activation_source":"UNAVAILABLE","sha":"cccccccccccccccccccccccccccccccccccccccc","operation_id":null,"mutation_id":null,"job_id":null,"match_id":null,"round":null,"target_count":null,"authority_revision":null,"authority_fingerprint":null,"latency_ms":65.689,"http_status":200,"query_family":null,"phase":null,"outcome":"NOT_APPLICABLE","error_class":null,"domain_error_code":null,"sqlstate":null,"canonical_readback":"NOT_OBSERVED","dropped_events":0}
{"schema_version":1,"timestamp":"2026-10-03T02:22:14.981Z","event":"REQUEST","request_id":"1919de4d-8ebc-41f3-b636-e6d8d22e6faa","correlation_id":"1919de4d-8ebc-41f3-b636-e6d8d22e6faa","route":"/api/director/canonical-odds","domain":"ODDS","feature":"ODDS","release":null,"release_source":"UNAVAILABLE","activation":null,"activation_source":"UNAVAILABLE","sha":"cccccccccccccccccccccccccccccccccccccccc","operation_id":null,"mutation_id":null,"job_id":null,"match_id":null,"round":null,"target_count":null,"authority_revision":null,"authority_fingerprint":null,"latency_ms":0.052,"http_status":403,"query_family":null,"phase":null,"outcome":"NOT_APPLICABLE","error_class":"AUTHORIZATION_DENIED","domain_error_code":null,"sqlstate":null,"canonical_readback":"NOT_OBSERVED","dropped_events":0}
{"schema_version":1,"timestamp":"2026-10-03T02:22:14.993Z","event":"RPC","request_id":"c561955f-1f8a-405f-b848-a7ebb049b0bc","correlation_id":"c561955f-1f8a-405f-b848-a7ebb049b0bc","route":"/api/director/canonical-operations","domain":"TOURNAMENT_READ","feature":"DIRECTOR","release":null,"release_source":"UNAVAILABLE","activation":null,"activation_source":"UNAVAILABLE","sha":"cccccccccccccccccccccccccccccccccccccccc","operation_id":null,"mutation_id":null,"job_id":null,"match_id":null,"round":null,"target_count":null,"authority_revision":null,"authority_fingerprint":null,"latency_ms":9.453,"http_status":200,"query_family":"read_certification_runtime_context_v1","phase":"rpc_transport","outcome":"NOT_APPLICABLE","error_class":null,"domain_error_code":null,"sqlstate":null,"canonical_readback":"NOT_OBSERVED","dropped_events":0}
{"schema_version":1,"timestamp":"2026-10-03T02:22:15.002Z","event":"RPC","request_id":"c561955f-1f8a-405f-b848-a7ebb049b0bc","correlation_id":"c561955f-1f8a-405f-b848-a7ebb049b0bc","route":"/api/director/canonical-operations","domain":"TOURNAMENT_READ","feature":"DIRECTOR","release":null,"release_source":"UNAVAILABLE","activation":null,"activation_source":"UNAVAILABLE","sha":"cccccccccccccccccccccccccccccccccccccccc","operation_id":null,"mutation_id":null,"job_id":null,"match_id":null,"round":null,"target_count":null,"authority_revision":null,"authority_fingerprint":null,"latency_ms":8.887,"http_status":200,"query_family":"read_certification_runtime_context_v1","phase":"rpc_transport","outcome":"NOT_APPLICABLE","error_class":null,"domain_error_code":null,"sqlstate":null,"canonical_readback":"NOT_OBSERVED","dropped_events":0}
{"schema_version":1,"timestamp":"2026-10-03T02:22:15.013Z","event":"RPC","request_id":"c561955f-1f8a-405f-b848-a7ebb049b0bc","correlation_id":"c561955f-1f8a-405f-b848-a7ebb049b0bc","route":"/api/director/canonical-operations","domain":"TOURNAMENT_READ","feature":"DIRECTOR","release":null,"release_source":"UNAVAILABLE","activation":null,"activation_source":"UNAVAILABLE","sha":"cccccccccccccccccccccccccccccccccccccccc","operation_id":null,"mutation_id":null,"job_id":null,"match_id":null,"round":null,"target_count":null,"authority_revision":null,"authority_fingerprint":null,"latency_ms":10.756,"http_status":200,"query_family":"read_certification_projection_v1","phase":"rpc_transport","outcome":"NOT_APPLICABLE","error_class":null,"domain_error_code":null,"sqlstate":null,"canonical_readback":"NOT_OBSERVED","dropped_events":0}
{"schema_version":1,"timestamp":"2026-10-03T02:22:15.022Z","event":"RPC","request_id":"c561955f-1f8a-405f-b848-a7ebb049b0bc","correlation_id":"c561955f-1f8a-405f-b848-a7ebb049b0bc","route":"/api/director/canonical-operations","domain":"ROUND_CONTROL","feature":"DIRECTOR","release":null,"release_source":"UNAVAILABLE","activation":null,"activation_source":"UNAVAILABLE","sha":"cccccccccccccccccccccccccccccccccccccccc","operation_id":null,"mutation_id":null,"job_id":null,"match_id":null,"round":null,"target_count":null,"authority_revision":null,"authority_fingerprint":null,"latency_ms":8.976,"http_status":200,"query_family":"read_certification_runtime_context_v1","phase":"rpc_transport","outcome":"NOT_APPLICABLE","error_class":null,"domain_error_code":null,"sqlstate":null,"canonical_readback":"NOT_OBSERVED","dropped_events":0}
{"schema_version":1,"timestamp":"2026-10-03T02:22:15.080Z","event":"RPC","request_id":"c561955f-1f8a-405f-b848-a7ebb049b0bc","correlation_id":"c561955f-1f8a-405f-b848-a7ebb049b0bc","route":"/api/director/canonical-operations","domain":"ROUND_CONTROL","feature":"DIRECTOR","release":null,"release_source":"UNAVAILABLE","activation":null,"activation_source":"UNAVAILABLE","sha":"cccccccccccccccccccccccccccccccccccccccc","operation_id":null,"mutation_id":null,"job_id":null,"match_id":null,"round":null,"target_count":null,"authority_revision":null,"authority_fingerprint":null,"latency_ms":57.382,"http_status":200,"query_family":"read_certification_operation_v1","phase":"rpc_transport","outcome":"NOT_APPLICABLE","error_class":null,"domain_error_code":null,"sqlstate":null,"canonical_readback":"NOT_OBSERVED","dropped_events":0}
{"schema_version":1,"timestamp":"2026-10-03T02:22:15.081Z","event":"REQUEST","request_id":"c561955f-1f8a-405f-b848-a7ebb049b0bc","correlation_id":"c561955f-1f8a-405f-b848-a7ebb049b0bc","route":"/api/director/canonical-operations","domain":"DIRECTOR","feature":"DIRECTOR","release":null,"release_source":"UNAVAILABLE","activation":null,"activation_source":"UNAVAILABLE","sha":"cccccccccccccccccccccccccccccccccccccccc","operation_id":null,"mutation_id":null,"job_id":null,"match_id":null,"round":null,"target_count":null,"authority_revision":null,"authority_fingerprint":null,"latency_ms":98.628,"http_status":200,"query_family":null,"phase":null,"outcome":"NOT_APPLICABLE","error_class":null,"domain_error_code":null,"sqlstate":null,"canonical_readback":"NOT_OBSERVED","dropped_events":0}
{"schema_version":1,"timestamp":"2026-10-03T02:22:15.094Z","event":"RPC","request_id":"222f0c67-a79f-4365-8ce4-08c9588b3a95","correlation_id":"222f0c67-a79f-4365-8ce4-08c9588b3a95","route":"/api/director/canonical-operations","domain":"TOURNAMENT_READ","feature":"DIRECTOR","release":null,"release_source":"UNAVAILABLE","activation":null,"activation_source":"UNAVAILABLE","sha":"cccccccccccccccccccccccccccccccccccccccc","operation_id":null,"mutation_id":null,"job_id":null,"match_id":null,"round":null,"target_count":null,"authority_revision":null,"authority_fingerprint":null,"latency_ms":9.754,"http_status":200,"query_family":"read_certification_runtime_context_v1","phase":"rpc_transport","outcome":"NOT_APPLICABLE","error_class":null,"domain_error_code":null,"sqlstate":null,"canonical_readback":"NOT_OBSERVED","dropped_events":0}
{"schema_version":1,"timestamp":"2026-10-03T02:22:15.103Z","event":"RPC","request_id":"222f0c67-a79f-4365-8ce4-08c9588b3a95","correlation_id":"222f0c67-a79f-4365-8ce4-08c9588b3a95","route":"/api/director/canonical-operations","domain":"TOURNAMENT_READ","feature":"DIRECTOR","release":null,"release_source":"UNAVAILABLE","activation":null,"activation_source":"UNAVAILABLE","sha":"cccccccccccccccccccccccccccccccccccccccc","operation_id":null,"mutation_id":null,"job_id":null,"match_id":null,"round":null,"target_count":null,"authority_revision":null,"authority_fingerprint":null,"latency_ms":8.894,"http_status":200,"query_family":"read_certification_runtime_context_v1","phase":"rpc_transport","outcome":"NOT_APPLICABLE","error_class":null,"domain_error_code":null,"sqlstate":null,"canonical_readback":"NOT_OBSERVED","dropped_events":0}
{"schema_version":1,"timestamp":"2026-10-03T02:22:15.114Z","event":"RPC","request_id":"222f0c67-a79f-4365-8ce4-08c9588b3a95","correlation_id":"222f0c67-a79f-4365-8ce4-08c9588b3a95","route":"/api/director/canonical-operations","domain":"TOURNAMENT_READ","feature":"DIRECTOR","release":null,"release_source":"UNAVAILABLE","activation":null,"activation_source":"UNAVAILABLE","sha":"cccccccccccccccccccccccccccccccccccccccc","operation_id":null,"mutation_id":null,"job_id":null,"match_id":null,"round":null,"target_count":null,"authority_revision":null,"authority_fingerprint":null,"latency_ms":10.501,"http_status":200,"query_family":"read_certification_projection_v1","phase":"rpc_transport","outcome":"NOT_APPLICABLE","error_class":null,"domain_error_code":null,"sqlstate":null,"canonical_readback":"NOT_OBSERVED","dropped_events":0}
{"schema_version":1,"timestamp":"2026-10-03T02:22:15.123Z","event":"RPC","request_id":"222f0c67-a79f-4365-8ce4-08c9588b3a95","correlation_id":"222f0c67-a79f-4365-8ce4-08c9588b3a95","route":"/api/director/canonical-operations","domain":"ROUND_CONTROL","feature":"DIRECTOR","release":null,"release_source":"UNAVAILABLE","activation":null,"activation_source":"UNAVAILABLE","sha":"cccccccccccccccccccccccccccccccccccccccc","operation_id":null,"mutation_id":null,"job_id":null,"match_id":null,"round":null,"target_count":null,"authority_revision":null,"authority_fingerprint":null,"latency_ms":9.153,"http_status":200,"query_family":"read_certification_runtime_context_v1","phase":"rpc_transport","outcome":"NOT_APPLICABLE","error_class":null,"domain_error_code":null,"sqlstate":null,"canonical_readback":"NOT_OBSERVED","dropped_events":0}
{"schema_version":1,"timestamp":"2026-10-03T02:22:15.133Z","event":"RPC","request_id":"222f0c67-a79f-4365-8ce4-08c9588b3a95","correlation_id":"222f0c67-a79f-4365-8ce4-08c9588b3a95","route":"/api/director/canonical-operations","domain":"ROUND_CONTROL","feature":"DIRECTOR","release":null,"release_source":"UNAVAILABLE","activation":null,"activation_source":"UNAVAILABLE","sha":"cccccccccccccccccccccccccccccccccccccccc","operation_id":null,"mutation_id":null,"job_id":null,"match_id":null,"round":null,"target_count":null,"authority_revision":null,"authority_fingerprint":null,"latency_ms":8.794,"http_status":200,"query_family":"read_certification_runtime_context_v1","phase":"rpc_transport","outcome":"NOT_APPLICABLE","error_class":null,"domain_error_code":null,"sqlstate":null,"canonical_readback":"NOT_OBSERVED","dropped_events":0}
{"schema_version":1,"timestamp":"2026-10-03T02:22:15.191Z","event":"RPC","request_id":"222f0c67-a79f-4365-8ce4-08c9588b3a95","correlation_id":"222f0c67-a79f-4365-8ce4-08c9588b3a95","route":"/api/director/canonical-operations","domain":"ROUND_CONTROL","feature":"DIRECTOR","release":null,"release_source":"UNAVAILABLE","activation":null,"activation_source":"UNAVAILABLE","sha":"cccccccccccccccccccccccccccccccccccccccc","operation_id":null,"mutation_id":null,"job_id":null,"match_id":null,"round":null,"target_count":null,"authority_revision":null,"authority_fingerprint":null,"latency_ms":57.792,"http_status":200,"query_family":"read_certification_operation_v1","phase":"rpc_transport","outcome":"NOT_APPLICABLE","error_class":null,"domain_error_code":null,"sqlstate":null,"canonical_readback":"NOT_OBSERVED","dropped_events":0}
{"schema_version":1,"timestamp":"2026-10-03T02:22:15.206Z","event":"RPC","request_id":"222f0c67-a79f-4365-8ce4-08c9588b3a95","correlation_id":"222f0c67-a79f-4365-8ce4-08c9588b3a95","route":"/api/director/canonical-operations","domain":"ROUND_CONTROL","feature":"DIRECTOR","release":null,"release_source":"UNAVAILABLE","activation":null,"activation_source":"UNAVAILABLE","sha":"cccccccccccccccccccccccccccccccccccccccc","operation_id":"23e6f90e-2dd9-4f1e-a606-8f683d5eeab4","match_id":"2026-R1-6","mutation_id":null,"job_id":null,"round":null,"target_count":null,"authority_revision":null,"authority_fingerprint":null,"latency_ms":14.706,"http_status":200,"query_family":"admit_certification_operation_v1","phase":"rpc_transport","outcome":"COMMITTED","error_class":null,"domain_error_code":null,"sqlstate":null,"canonical_readback":"NOT_OBSERVED","dropped_events":0}
{"schema_version":1,"timestamp":"2026-10-03T02:22:15.236Z","event":"RPC","request_id":"222f0c67-a79f-4365-8ce4-08c9588b3a95","correlation_id":"222f0c67-a79f-4365-8ce4-08c9588b3a95","route":"/api/director/canonical-operations","domain":"ROUND_CONTROL","feature":"DIRECTOR","release":null,"release_source":"UNAVAILABLE","activation":null,"activation_source":"UNAVAILABLE","sha":"cccccccccccccccccccccccccccccccccccccccc","operation_id":"23e6f90e-2dd9-4f1e-a606-8f683d5eeab4","match_id":"2026-R1-6","mutation_id":null,"job_id":null,"round":null,"target_count":null,"authority_revision":null,"authority_fingerprint":null,"latency_ms":29.98,"http_status":200,"query_family":"execute_certification_operation_v1","phase":"rpc_transport","outcome":"COMMITTED","error_class":null,"domain_error_code":null,"sqlstate":null,"canonical_readback":"NOT_OBSERVED","dropped_events":0}
{"schema_version":1,"timestamp":"2026-10-03T02:22:15.246Z","event":"RPC","request_id":"222f0c67-a79f-4365-8ce4-08c9588b3a95","correlation_id":"222f0c67-a79f-4365-8ce4-08c9588b3a95","route":"/api/director/canonical-operations","domain":"ROUND_CONTROL","feature":"DIRECTOR","release":null,"release_source":"UNAVAILABLE","activation":null,"activation_source":"UNAVAILABLE","sha":"cccccccccccccccccccccccccccccccccccccccc","operation_id":"23e6f90e-2dd9-4f1e-a606-8f683d5eeab4","match_id":"2026-R1-6","mutation_id":null,"job_id":null,"round":null,"target_count":null,"authority_revision":null,"authority_fingerprint":null,"latency_ms":9.339,"http_status":200,"query_family":"read_certification_runtime_context_v1","phase":"rpc_transport","outcome":"NOT_APPLICABLE","error_class":null,"domain_error_code":null,"sqlstate":null,"canonical_readback":"NOT_OBSERVED","dropped_events":0}
{"schema_version":1,"timestamp":"2026-10-03T02:22:15.307Z","event":"RPC","request_id":"222f0c67-a79f-4365-8ce4-08c9588b3a95","correlation_id":"222f0c67-a79f-4365-8ce4-08c9588b3a95","route":"/api/director/canonical-operations","domain":"ROUND_CONTROL","feature":"DIRECTOR","release":null,"release_source":"UNAVAILABLE","activation":null,"activation_source":"UNAVAILABLE","sha":"cccccccccccccccccccccccccccccccccccccccc","operation_id":"23e6f90e-2dd9-4f1e-a606-8f683d5eeab4","match_id":"2026-R1-6","mutation_id":null,"job_id":null,"round":null,"target_count":null,"authority_revision":null,"authority_fingerprint":null,"latency_ms":60.75,"http_status":200,"query_family":"read_certification_operation_v1","phase":"rpc_transport","outcome":"NOT_APPLICABLE","error_class":null,"domain_error_code":null,"sqlstate":null,"canonical_readback":"NOT_OBSERVED","dropped_events":0}
{"schema_version":1,"timestamp":"2026-10-03T02:22:15.307Z","event":"REQUEST","request_id":"222f0c67-a79f-4365-8ce4-08c9588b3a95","correlation_id":"222f0c67-a79f-4365-8ce4-08c9588b3a95","route":"/api/director/canonical-operations","domain":"DIRECTOR","feature":"DIRECTOR","release":null,"release_source":"UNAVAILABLE","activation":null,"activation_source":"UNAVAILABLE","sha":"cccccccccccccccccccccccccccccccccccccccc","operation_id":"23e6f90e-2dd9-4f1e-a606-8f683d5eeab4","match_id":"2026-R1-6","mutation_id":null,"job_id":null,"round":null,"target_count":null,"authority_revision":null,"authority_fingerprint":null,"latency_ms":224.344,"http_status":200,"query_family":null,"phase":null,"outcome":"NOT_APPLICABLE","error_class":null,"domain_error_code":null,"sqlstate":null,"canonical_readback":"NOT_OBSERVED","dropped_events":0}
{"schema_version":1,"timestamp":"2026-10-03T02:22:15.326Z","event":"RPC","request_id":"1cce2f83-bbc2-42e7-aa92-a3e350f369f9","correlation_id":"1cce2f83-bbc2-42e7-aa92-a3e350f369f9","route":"/api/director/canonical-operations","domain":"TOURNAMENT_READ","feature":"DIRECTOR","release":null,"release_source":"UNAVAILABLE","activation":null,"activation_source":"UNAVAILABLE","sha":"cccccccccccccccccccccccccccccccccccccccc","operation_id":null,"mutation_id":null,"job_id":null,"match_id":null,"round":null,"target_count":null,"authority_revision":null,"authority_fingerprint":null,"latency_ms":9.209,"http_status":200,"query_family":"read_certification_runtime_context_v1","phase":"rpc_transport","outcome":"NOT_APPLICABLE","error_class":null,"domain_error_code":null,"sqlstate":null,"canonical_readback":"NOT_OBSERVED","dropped_events":0}
{"schema_version":1,"timestamp":"2026-10-03T02:22:15.335Z","event":"RPC","request_id":"1cce2f83-bbc2-42e7-aa92-a3e350f369f9","correlation_id":"1cce2f83-bbc2-42e7-aa92-a3e350f369f9","route":"/api/director/canonical-operations","domain":"TOURNAMENT_READ","feature":"DIRECTOR","release":null,"release_source":"UNAVAILABLE","activation":null,"activation_source":"UNAVAILABLE","sha":"cccccccccccccccccccccccccccccccccccccccc","operation_id":null,"mutation_id":null,"job_id":null,"match_id":null,"round":null,"target_count":null,"authority_revision":null,"authority_fingerprint":null,"latency_ms":8.997,"http_status":200,"query_family":"read_certification_runtime_context_v1","phase":"rpc_transport","outcome":"NOT_APPLICABLE","error_class":null,"domain_error_code":null,"sqlstate":null,"canonical_readback":"NOT_OBSERVED","dropped_events":0}
{"schema_version":1,"timestamp":"2026-10-03T02:22:15.346Z","event":"RPC","request_id":"1cce2f83-bbc2-42e7-aa92-a3e350f369f9","correlation_id":"1cce2f83-bbc2-42e7-aa92-a3e350f369f9","route":"/api/director/canonical-operations","domain":"TOURNAMENT_READ","feature":"DIRECTOR","release":null,"release_source":"UNAVAILABLE","activation":null,"activation_source":"UNAVAILABLE","sha":"cccccccccccccccccccccccccccccccccccccccc","operation_id":null,"mutation_id":null,"job_id":null,"match_id":null,"round":null,"target_count":null,"authority_revision":null,"authority_fingerprint":null,"latency_ms":10.34,"http_status":200,"query_family":"read_certification_projection_v1","phase":"rpc_transport","outcome":"NOT_APPLICABLE","error_class":null,"domain_error_code":null,"sqlstate":null,"canonical_readback":"NOT_OBSERVED","dropped_events":0}
{"schema_version":1,"timestamp":"2026-10-03T02:22:15.355Z","event":"RPC","request_id":"1cce2f83-bbc2-42e7-aa92-a3e350f369f9","correlation_id":"1cce2f83-bbc2-42e7-aa92-a3e350f369f9","route":"/api/director/canonical-operations","domain":"ROUND_CONTROL","feature":"DIRECTOR","release":null,"release_source":"UNAVAILABLE","activation":null,"activation_source":"UNAVAILABLE","sha":"cccccccccccccccccccccccccccccccccccccccc","operation_id":null,"mutation_id":null,"job_id":null,"match_id":null,"round":null,"target_count":null,"authority_revision":null,"authority_fingerprint":null,"latency_ms":8.678,"http_status":200,"query_family":"read_certification_runtime_context_v1","phase":"rpc_transport","outcome":"NOT_APPLICABLE","error_class":null,"domain_error_code":null,"sqlstate":null,"canonical_readback":"NOT_OBSERVED","dropped_events":0}
{"schema_version":1,"timestamp":"2026-10-03T02:22:15.364Z","event":"RPC","request_id":"1cce2f83-bbc2-42e7-aa92-a3e350f369f9","correlation_id":"1cce2f83-bbc2-42e7-aa92-a3e350f369f9","route":"/api/director/canonical-operations","domain":"ROUND_CONTROL","feature":"DIRECTOR","release":null,"release_source":"UNAVAILABLE","activation":null,"activation_source":"UNAVAILABLE","sha":"cccccccccccccccccccccccccccccccccccccccc","operation_id":null,"mutation_id":null,"job_id":null,"match_id":null,"round":null,"target_count":null,"authority_revision":null,"authority_fingerprint":null,"latency_ms":8.655,"http_status":200,"query_family":"read_certification_runtime_context_v1","phase":"rpc_transport","outcome":"NOT_APPLICABLE","error_class":null,"domain_error_code":null,"sqlstate":null,"canonical_readback":"NOT_OBSERVED","dropped_events":0}
{"schema_version":1,"timestamp":"2026-10-03T02:22:15.423Z","event":"RPC","request_id":"1cce2f83-bbc2-42e7-aa92-a3e350f369f9","correlation_id":"1cce2f83-bbc2-42e7-aa92-a3e350f369f9","route":"/api/director/canonical-operations","domain":"ROUND_CONTROL","feature":"DIRECTOR","release":null,"release_source":"UNAVAILABLE","activation":null,"activation_source":"UNAVAILABLE","sha":"cccccccccccccccccccccccccccccccccccccccc","operation_id":null,"mutation_id":null,"job_id":null,"match_id":null,"round":null,"target_count":null,"authority_revision":null,"authority_fingerprint":null,"latency_ms":58.668,"http_status":200,"query_family":"read_certification_operation_v1","phase":"rpc_transport","outcome":"NOT_APPLICABLE","error_class":null,"domain_error_code":null,"sqlstate":null,"canonical_readback":"NOT_OBSERVED","dropped_events":0}
{"schema_version":1,"timestamp":"2026-10-03T02:22:15.437Z","event":"RPC","request_id":"1cce2f83-bbc2-42e7-aa92-a3e350f369f9","correlation_id":"1cce2f83-bbc2-42e7-aa92-a3e350f369f9","route":"/api/director/canonical-operations","domain":"ROUND_CONTROL","feature":"DIRECTOR","release":null,"release_source":"UNAVAILABLE","activation":null,"activation_source":"UNAVAILABLE","sha":"cccccccccccccccccccccccccccccccccccccccc","operation_id":"a0a78ea4-abc0-4f3b-9404-026f0af1398c","match_id":"2026-R1-6","mutation_id":null,"job_id":null,"round":null,"target_count":null,"authority_revision":null,"authority_fingerprint":null,"latency_ms":13.74,"http_status":200,"query_family":"admit_certification_operation_v1","phase":"rpc_transport","outcome":"COMMITTED","error_class":null,"domain_error_code":null,"sqlstate":null,"canonical_readback":"NOT_OBSERVED","dropped_events":0}
{"schema_version":1,"timestamp":"2026-10-03T02:22:15.459Z","event":"RPC","request_id":"1cce2f83-bbc2-42e7-aa92-a3e350f369f9","correlation_id":"1cce2f83-bbc2-42e7-aa92-a3e350f369f9","route":"/api/director/canonical-operations","domain":"ROUND_CONTROL","feature":"DIRECTOR","release":null,"release_source":"UNAVAILABLE","activation":null,"activation_source":"UNAVAILABLE","sha":"cccccccccccccccccccccccccccccccccccccccc","operation_id":"a0a78ea4-abc0-4f3b-9404-026f0af1398c","match_id":"2026-R1-6","mutation_id":null,"job_id":null,"round":null,"target_count":null,"authority_revision":null,"authority_fingerprint":null,"latency_ms":22.524,"http_status":200,"query_family":"execute_certification_operation_v1","phase":"rpc_transport","outcome":"COMMITTED","error_class":null,"domain_error_code":null,"sqlstate":null,"canonical_readback":"NOT_OBSERVED","dropped_events":0}
{"schema_version":1,"timestamp":"2026-10-03T02:22:15.469Z","event":"RPC","request_id":"1cce2f83-bbc2-42e7-aa92-a3e350f369f9","correlation_id":"1cce2f83-bbc2-42e7-aa92-a3e350f369f9","route":"/api/director/canonical-operations","domain":"ROUND_CONTROL","feature":"DIRECTOR","release":null,"release_source":"UNAVAILABLE","activation":null,"activation_source":"UNAVAILABLE","sha":"cccccccccccccccccccccccccccccccccccccccc","operation_id":"a0a78ea4-abc0-4f3b-9404-026f0af1398c","match_id":"2026-R1-6","mutation_id":null,"job_id":null,"round":null,"target_count":null,"authority_revision":null,"authority_fingerprint":null,"latency_ms":9.064,"http_status":200,"query_family":"read_certification_runtime_context_v1","phase":"rpc_transport","outcome":"NOT_APPLICABLE","error_class":null,"domain_error_code":null,"sqlstate":null,"canonical_readback":"NOT_OBSERVED","dropped_events":0}
{"schema_version":1,"timestamp":"2026-10-03T02:22:15.527Z","event":"RPC","request_id":"1cce2f83-bbc2-42e7-aa92-a3e350f369f9","correlation_id":"1cce2f83-bbc2-42e7-aa92-a3e350f369f9","route":"/api/director/canonical-operations","domain":"ROUND_CONTROL","feature":"DIRECTOR","release":null,"release_source":"UNAVAILABLE","activation":null,"activation_source":"UNAVAILABLE","sha":"cccccccccccccccccccccccccccccccccccccccc","operation_id":"a0a78ea4-abc0-4f3b-9404-026f0af1398c","match_id":"2026-R1-6","mutation_id":null,"job_id":null,"round":null,"target_count":null,"authority_revision":null,"authority_fingerprint":null,"latency_ms":58.409,"http_status":200,"query_family":"read_certification_operation_v1","phase":"rpc_transport","outcome":"NOT_APPLICABLE","error_class":null,"domain_error_code":null,"sqlstate":null,"canonical_readback":"NOT_OBSERVED","dropped_events":0}
{"schema_version":1,"timestamp":"2026-10-03T02:22:15.528Z","event":"REQUEST","request_id":"1cce2f83-bbc2-42e7-aa92-a3e350f369f9","correlation_id":"1cce2f83-bbc2-42e7-aa92-a3e350f369f9","route":"/api/director/canonical-operations","domain":"DIRECTOR","feature":"DIRECTOR","release":null,"release_source":"UNAVAILABLE","activation":null,"activation_source":"UNAVAILABLE","sha":"cccccccccccccccccccccccccccccccccccccccc","operation_id":"a0a78ea4-abc0-4f3b-9404-026f0af1398c","match_id":"2026-R1-6","mutation_id":null,"job_id":null,"round":null,"target_count":null,"authority_revision":null,"authority_fingerprint":null,"latency_ms":211.47,"http_status":200,"query_family":null,"phase":null,"outcome":"NOT_APPLICABLE","error_class":null,"domain_error_code":null,"sqlstate":null,"canonical_readback":"NOT_OBSERVED","dropped_events":0}
{"schema_version":1,"timestamp":"2026-10-03T02:22:15.548Z","event":"RPC","request_id":"d006dcf1-4ec9-4ca0-9f8c-5c23e2bbf672","correlation_id":"d006dcf1-4ec9-4ca0-9f8c-5c23e2bbf672","route":"/api/director/canonical-operations","domain":"TOURNAMENT_READ","feature":"DIRECTOR","release":null,"release_source":"UNAVAILABLE","activation":null,"activation_source":"UNAVAILABLE","sha":"cccccccccccccccccccccccccccccccccccccccc","operation_id":null,"mutation_id":null,"job_id":null,"match_id":null,"round":null,"target_count":null,"authority_revision":null,"authority_fingerprint":null,"latency_ms":9.694,"http_status":200,"query_family":"read_certification_runtime_context_v1","phase":"rpc_transport","outcome":"NOT_APPLICABLE","error_class":null,"domain_error_code":null,"sqlstate":null,"canonical_readback":"NOT_OBSERVED","dropped_events":0}
{"schema_version":1,"timestamp":"2026-10-03T02:22:15.557Z","event":"RPC","request_id":"d006dcf1-4ec9-4ca0-9f8c-5c23e2bbf672","correlation_id":"d006dcf1-4ec9-4ca0-9f8c-5c23e2bbf672","route":"/api/director/canonical-operations","domain":"TOURNAMENT_READ","feature":"DIRECTOR","release":null,"release_source":"UNAVAILABLE","activation":null,"activation_source":"UNAVAILABLE","sha":"cccccccccccccccccccccccccccccccccccccccc","operation_id":null,"mutation_id":null,"job_id":null,"match_id":null,"round":null,"target_count":null,"authority_revision":null,"authority_fingerprint":null,"latency_ms":9.005,"http_status":200,"query_family":"read_certification_runtime_context_v1","phase":"rpc_transport","outcome":"NOT_APPLICABLE","error_class":null,"domain_error_code":null,"sqlstate":null,"canonical_readback":"NOT_OBSERVED","dropped_events":0}
{"schema_version":1,"timestamp":"2026-10-03T02:22:15.568Z","event":"RPC","request_id":"d006dcf1-4ec9-4ca0-9f8c-5c23e2bbf672","correlation_id":"d006dcf1-4ec9-4ca0-9f8c-5c23e2bbf672","route":"/api/director/canonical-operations","domain":"TOURNAMENT_READ","feature":"DIRECTOR","release":null,"release_source":"UNAVAILABLE","activation":null,"activation_source":"UNAVAILABLE","sha":"cccccccccccccccccccccccccccccccccccccccc","operation_id":null,"mutation_id":null,"job_id":null,"match_id":null,"round":null,"target_count":null,"authority_revision":null,"authority_fingerprint":null,"latency_ms":10.453,"http_status":200,"query_family":"read_certification_projection_v1","phase":"rpc_transport","outcome":"NOT_APPLICABLE","error_class":null,"domain_error_code":null,"sqlstate":null,"canonical_readback":"NOT_OBSERVED","dropped_events":0}
{"schema_version":1,"timestamp":"2026-10-03T02:22:15.577Z","event":"RPC","request_id":"d006dcf1-4ec9-4ca0-9f8c-5c23e2bbf672","correlation_id":"d006dcf1-4ec9-4ca0-9f8c-5c23e2bbf672","route":"/api/director/canonical-operations","domain":"ROUND_CONTROL","feature":"DIRECTOR","release":null,"release_source":"UNAVAILABLE","activation":null,"activation_source":"UNAVAILABLE","sha":"cccccccccccccccccccccccccccccccccccccccc","operation_id":null,"mutation_id":null,"job_id":null,"match_id":null,"round":null,"target_count":null,"authority_revision":null,"authority_fingerprint":null,"latency_ms":9.033,"http_status":200,"query_family":"read_certification_runtime_context_v1","phase":"rpc_transport","outcome":"NOT_APPLICABLE","error_class":null,"domain_error_code":null,"sqlstate":null,"canonical_readback":"NOT_OBSERVED","dropped_events":0}
{"schema_version":1,"timestamp":"2026-10-03T02:22:15.587Z","event":"RPC","request_id":"d006dcf1-4ec9-4ca0-9f8c-5c23e2bbf672","correlation_id":"d006dcf1-4ec9-4ca0-9f8c-5c23e2bbf672","route":"/api/director/canonical-operations","domain":"ROUND_CONTROL","feature":"DIRECTOR","release":null,"release_source":"UNAVAILABLE","activation":null,"activation_source":"UNAVAILABLE","sha":"cccccccccccccccccccccccccccccccccccccccc","operation_id":null,"mutation_id":null,"job_id":null,"match_id":null,"round":null,"target_count":null,"authority_revision":null,"authority_fingerprint":null,"latency_ms":9.288,"http_status":200,"query_family":"read_certification_runtime_context_v1","phase":"rpc_transport","outcome":"NOT_APPLICABLE","error_class":null,"domain_error_code":null,"sqlstate":null,"canonical_readback":"NOT_OBSERVED","dropped_events":0}
{"schema_version":1,"timestamp":"2026-10-03T02:22:15.644Z","event":"RPC","request_id":"d006dcf1-4ec9-4ca0-9f8c-5c23e2bbf672","correlation_id":"d006dcf1-4ec9-4ca0-9f8c-5c23e2bbf672","route":"/api/director/canonical-operations","domain":"ROUND_CONTROL","feature":"DIRECTOR","release":null,"release_source":"UNAVAILABLE","activation":null,"activation_source":"UNAVAILABLE","sha":"cccccccccccccccccccccccccccccccccccccccc","operation_id":null,"mutation_id":null,"job_id":null,"match_id":null,"round":null,"target_count":null,"authority_revision":null,"authority_fingerprint":null,"latency_ms":57.066,"http_status":200,"query_family":"read_certification_operation_v1","phase":"rpc_transport","outcome":"NOT_APPLICABLE","error_class":null,"domain_error_code":null,"sqlstate":null,"canonical_readback":"NOT_OBSERVED","dropped_events":0}
{"schema_version":1,"timestamp":"2026-10-03T02:22:15.658Z","event":"RPC","request_id":"d006dcf1-4ec9-4ca0-9f8c-5c23e2bbf672","correlation_id":"d006dcf1-4ec9-4ca0-9f8c-5c23e2bbf672","route":"/api/director/canonical-operations","domain":"ROUND_CONTROL","feature":"DIRECTOR","release":null,"release_source":"UNAVAILABLE","activation":null,"activation_source":"UNAVAILABLE","sha":"cccccccccccccccccccccccccccccccccccccccc","operation_id":"b4587f20-06f0-4217-be31-e733378a9ffc","match_id":"2026-R1-6","mutation_id":null,"job_id":null,"round":null,"target_count":null,"authority_revision":null,"authority_fingerprint":null,"latency_ms":13.839,"http_status":200,"query_family":"admit_certification_operation_v1","phase":"rpc_transport","outcome":"COMMITTED","error_class":null,"domain_error_code":null,"sqlstate":null,"canonical_readback":"NOT_OBSERVED","dropped_events":0}
{"schema_version":1,"timestamp":"2026-10-03T02:22:15.681Z","event":"RPC","request_id":"d006dcf1-4ec9-4ca0-9f8c-5c23e2bbf672","correlation_id":"d006dcf1-4ec9-4ca0-9f8c-5c23e2bbf672","route":"/api/director/canonical-operations","domain":"ROUND_CONTROL","feature":"DIRECTOR","release":null,"release_source":"UNAVAILABLE","activation":null,"activation_source":"UNAVAILABLE","sha":"cccccccccccccccccccccccccccccccccccccccc","operation_id":"b4587f20-06f0-4217-be31-e733378a9ffc","match_id":"2026-R1-6","mutation_id":null,"job_id":null,"round":null,"target_count":null,"authority_revision":null,"authority_fingerprint":null,"latency_ms":22.884,"http_status":200,"query_family":"execute_certification_operation_v1","phase":"rpc_transport","outcome":"COMMITTED","error_class":null,"domain_error_code":null,"sqlstate":null,"canonical_readback":"NOT_OBSERVED","dropped_events":0}
{"schema_version":1,"timestamp":"2026-10-03T02:22:15.691Z","event":"RPC","request_id":"d006dcf1-4ec9-4ca0-9f8c-5c23e2bbf672","correlation_id":"d006dcf1-4ec9-4ca0-9f8c-5c23e2bbf672","route":"/api/director/canonical-operations","domain":"ROUND_CONTROL","feature":"DIRECTOR","release":null,"release_source":"UNAVAILABLE","activation":null,"activation_source":"UNAVAILABLE","sha":"cccccccccccccccccccccccccccccccccccccccc","operation_id":"b4587f20-06f0-4217-be31-e733378a9ffc","match_id":"2026-R1-6","mutation_id":null,"job_id":null,"round":null,"target_count":null,"authority_revision":null,"authority_fingerprint":null,"latency_ms":9.214,"http_status":200,"query_family":"read_certification_runtime_context_v1","phase":"rpc_transport","outcome":"NOT_APPLICABLE","error_class":null,"domain_error_code":null,"sqlstate":null,"canonical_readback":"NOT_OBSERVED","dropped_events":0}
{"schema_version":1,"timestamp":"2026-10-03T02:22:15.746Z","event":"RPC","request_id":"d006dcf1-4ec9-4ca0-9f8c-5c23e2bbf672","correlation_id":"d006dcf1-4ec9-4ca0-9f8c-5c23e2bbf672","route":"/api/director/canonical-operations","domain":"ROUND_CONTROL","feature":"DIRECTOR","release":null,"release_source":"UNAVAILABLE","activation":null,"activation_source":"UNAVAILABLE","sha":"cccccccccccccccccccccccccccccccccccccccc","operation_id":"b4587f20-06f0-4217-be31-e733378a9ffc","match_id":"2026-R1-6","mutation_id":null,"job_id":null,"round":null,"target_count":null,"authority_revision":null,"authority_fingerprint":null,"latency_ms":55.518,"http_status":200,"query_family":"read_certification_operation_v1","phase":"rpc_transport","outcome":"NOT_APPLICABLE","error_class":null,"domain_error_code":null,"sqlstate":null,"canonical_readback":"NOT_OBSERVED","dropped_events":0}
{"schema_version":1,"timestamp":"2026-10-03T02:22:15.747Z","event":"REQUEST","request_id":"d006dcf1-4ec9-4ca0-9f8c-5c23e2bbf672","correlation_id":"d006dcf1-4ec9-4ca0-9f8c-5c23e2bbf672","route":"/api/director/canonical-operations","domain":"DIRECTOR","feature":"DIRECTOR","release":null,"release_source":"UNAVAILABLE","activation":null,"activation_source":"UNAVAILABLE","sha":"cccccccccccccccccccccccccccccccccccccccc","operation_id":"b4587f20-06f0-4217-be31-e733378a9ffc","match_id":"2026-R1-6","mutation_id":null,"job_id":null,"round":null,"target_count":null,"authority_revision":null,"authority_fingerprint":null,"latency_ms":210.149,"http_status":200,"query_family":null,"phase":null,"outcome":"NOT_APPLICABLE","error_class":null,"domain_error_code":null,"sqlstate":null,"canonical_readback":"NOT_OBSERVED","dropped_events":0}
{"schema_version":1,"timestamp":"2026-10-03T02:22:15.773Z","event":"RPC","request_id":"1740845a-256e-449f-b3d3-cfed405afb77","correlation_id":"1740845a-256e-449f-b3d3-cfed405afb77","route":"/api/scoring/current","domain":"TOURNAMENT_READ","feature":"SCORING","release":null,"release_source":"UNAVAILABLE","activation":null,"activation_source":"UNAVAILABLE","sha":"cccccccccccccccccccccccccccccccccccccccc","operation_id":null,"mutation_id":null,"job_id":null,"match_id":null,"round":null,"target_count":null,"authority_revision":null,"authority_fingerprint":null,"latency_ms":9.4,"http_status":200,"query_family":"read_certification_runtime_context_v1","phase":"rpc_transport","outcome":"NOT_APPLICABLE","error_class":null,"domain_error_code":null,"sqlstate":null,"canonical_readback":"NOT_OBSERVED","dropped_events":0}
{"schema_version":1,"timestamp":"2026-10-03T02:22:15.785Z","event":"RPC","request_id":"1740845a-256e-449f-b3d3-cfed405afb77","correlation_id":"1740845a-256e-449f-b3d3-cfed405afb77","route":"/api/scoring/current","domain":"TOURNAMENT_READ","feature":"SCORING","release":null,"release_source":"UNAVAILABLE","activation":null,"activation_source":"UNAVAILABLE","sha":"cccccccccccccccccccccccccccccccccccccccc","operation_id":null,"mutation_id":null,"job_id":null,"match_id":null,"round":null,"target_count":null,"authority_revision":null,"authority_fingerprint":null,"latency_ms":12,"http_status":200,"query_family":"read_certification_projection_v1","phase":"rpc_transport","outcome":"NOT_APPLICABLE","error_class":null,"domain_error_code":null,"sqlstate":null,"canonical_readback":"NOT_OBSERVED","dropped_events":0}
{"schema_version":1,"timestamp":"2026-10-03T02:22:15.795Z","event":"RPC","request_id":"1740845a-256e-449f-b3d3-cfed405afb77","correlation_id":"1740845a-256e-449f-b3d3-cfed405afb77","route":"/api/scoring/current","domain":"TOURNAMENT_READ","feature":"SCORING","release":null,"release_source":"UNAVAILABLE","activation":null,"activation_source":"UNAVAILABLE","sha":"cccccccccccccccccccccccccccccccccccccccc","operation_id":null,"mutation_id":null,"job_id":null,"match_id":null,"round":null,"target_count":null,"authority_revision":null,"authority_fingerprint":null,"latency_ms":8.828,"http_status":200,"query_family":"read_certification_runtime_context_v1","phase":"rpc_transport","outcome":"NOT_APPLICABLE","error_class":null,"domain_error_code":null,"sqlstate":null,"canonical_readback":"NOT_OBSERVED","dropped_events":0}
{"schema_version":1,"timestamp":"2026-10-03T02:22:15.806Z","event":"RPC","request_id":"1740845a-256e-449f-b3d3-cfed405afb77","correlation_id":"1740845a-256e-449f-b3d3-cfed405afb77","route":"/api/scoring/current","domain":"TOURNAMENT_READ","feature":"SCORING","release":null,"release_source":"UNAVAILABLE","activation":null,"activation_source":"UNAVAILABLE","sha":"cccccccccccccccccccccccccccccccccccccccc","operation_id":null,"mutation_id":null,"job_id":null,"match_id":"2026-R1-6","round":null,"target_count":null,"authority_revision":null,"authority_fingerprint":null,"latency_ms":11.053,"http_status":200,"query_family":"read_certification_operation_v1","phase":"rpc_transport","outcome":"NOT_APPLICABLE","error_class":null,"domain_error_code":null,"sqlstate":null,"canonical_readback":"NOT_OBSERVED","dropped_events":0}
{"schema_version":1,"timestamp":"2026-10-03T02:22:15.806Z","event":"PHASE","request_id":"1740845a-256e-449f-b3d3-cfed405afb77","correlation_id":"1740845a-256e-449f-b3d3-cfed405afb77","route":"/api/scoring/current","domain":"AUTHORIZATION","feature":"SCORING","release":null,"release_source":"UNAVAILABLE","activation":null,"activation_source":"UNAVAILABLE","sha":"cccccccccccccccccccccccccccccccccccccccc","operation_id":null,"mutation_id":null,"job_id":null,"match_id":null,"round":null,"target_count":null,"authority_revision":null,"authority_fingerprint":null,"latency_ms":44,"http_status":null,"query_family":null,"phase":"authorization","outcome":"NOT_APPLICABLE","error_class":null,"domain_error_code":null,"sqlstate":null,"canonical_readback":"NOT_OBSERVED","dropped_events":0}
{"schema_version":1,"timestamp":"2026-10-03T02:22:15.815Z","event":"RPC","request_id":"1740845a-256e-449f-b3d3-cfed405afb77","correlation_id":"1740845a-256e-449f-b3d3-cfed405afb77","route":"/api/scoring/current","domain":"TOURNAMENT_READ","feature":"SCORING","release":null,"release_source":"UNAVAILABLE","activation":null,"activation_source":"UNAVAILABLE","sha":"cccccccccccccccccccccccccccccccccccccccc","mutation_id":"71b19ae1-1e97-4753-83f9-0e7777c18735","match_id":"2026-R1-6","operation_id":null,"job_id":null,"round":null,"target_count":null,"authority_revision":null,"authority_fingerprint":null,"latency_ms":8.651,"http_status":200,"query_family":"read_certification_runtime_context_v1","phase":"rpc_transport","outcome":"NOT_APPLICABLE","error_class":null,"domain_error_code":null,"sqlstate":null,"canonical_readback":"NOT_OBSERVED","dropped_events":0}
{"schema_version":1,"timestamp":"2026-10-03T02:22:15.825Z","event":"RPC","request_id":"1740845a-256e-449f-b3d3-cfed405afb77","correlation_id":"1740845a-256e-449f-b3d3-cfed405afb77","route":"/api/scoring/current","domain":"TOURNAMENT_READ","feature":"SCORING","release":null,"release_source":"UNAVAILABLE","activation":null,"activation_source":"UNAVAILABLE","sha":"cccccccccccccccccccccccccccccccccccccccc","mutation_id":"71b19ae1-1e97-4753-83f9-0e7777c18735","match_id":"2026-R1-6","operation_id":null,"job_id":null,"round":null,"target_count":null,"authority_revision":null,"authority_fingerprint":null,"latency_ms":10.006,"http_status":200,"query_family":"read_certification_operation_v1","phase":"rpc_transport","outcome":"NOT_APPLICABLE","error_class":null,"domain_error_code":null,"sqlstate":null,"canonical_readback":"NOT_OBSERVED","dropped_events":0}
{"schema_version":1,"timestamp":"2026-10-03T02:22:15.825Z","event":"PHASE","request_id":"1740845a-256e-449f-b3d3-cfed405afb77","correlation_id":"1740845a-256e-449f-b3d3-cfed405afb77","route":"/api/scoring/current","domain":"SCORING","feature":"SCORING","release":null,"release_source":"UNAVAILABLE","activation":null,"activation_source":"UNAVAILABLE","sha":"cccccccccccccccccccccccccccccccccccccccc","mutation_id":"71b19ae1-1e97-4753-83f9-0e7777c18735","match_id":"2026-R1-6","operation_id":null,"job_id":null,"round":null,"target_count":null,"authority_revision":null,"authority_fingerprint":null,"latency_ms":18.991,"http_status":null,"query_family":null,"phase":"scoring_context","outcome":"NOT_APPLICABLE","error_class":null,"domain_error_code":null,"sqlstate":null,"canonical_readback":"NOT_OBSERVED","dropped_events":0}
{"schema_version":1,"timestamp":"2026-10-03T02:22:15.834Z","event":"RPC","request_id":"1740845a-256e-449f-b3d3-cfed405afb77","correlation_id":"1740845a-256e-449f-b3d3-cfed405afb77","route":"/api/scoring/current","domain":"SCORING","feature":"SCORING","release":null,"release_source":"UNAVAILABLE","activation":null,"activation_source":"UNAVAILABLE","sha":"cccccccccccccccccccccccccccccccccccccccc","mutation_id":"71b19ae1-1e97-4753-83f9-0e7777c18735","match_id":"2026-R1-6","operation_id":null,"job_id":null,"round":null,"target_count":null,"authority_revision":null,"authority_fingerprint":null,"latency_ms":8.685,"http_status":200,"query_family":"read_certification_runtime_context_v1","phase":"rpc_transport","outcome":"NOT_APPLICABLE","error_class":null,"domain_error_code":null,"sqlstate":null,"canonical_readback":"NOT_OBSERVED","dropped_events":0}
{"schema_version":1,"timestamp":"2026-10-03T02:22:15.847Z","event":"RPC","request_id":"1740845a-256e-449f-b3d3-cfed405afb77","correlation_id":"1740845a-256e-449f-b3d3-cfed405afb77","route":"/api/scoring/current","domain":"SCORING","feature":"SCORING","release":null,"release_source":"UNAVAILABLE","activation":null,"activation_source":"UNAVAILABLE","sha":"cccccccccccccccccccccccccccccccccccccccc","mutation_id":"71b19ae1-1e97-4753-83f9-0e7777c18735","match_id":"2026-R1-6","operation_id":"71b19ae1-1e97-4753-83f9-0e7777c18735","job_id":null,"round":null,"target_count":null,"authority_revision":null,"authority_fingerprint":null,"latency_ms":12.527,"http_status":200,"query_family":"admit_certification_operation_v1","phase":"rpc_transport","outcome":"COMMITTED","error_class":null,"domain_error_code":null,"sqlstate":null,"canonical_readback":"NOT_OBSERVED","dropped_events":0}
{"schema_version":1,"timestamp":"2026-10-03T02:22:15.867Z","event":"RPC","request_id":"1740845a-256e-449f-b3d3-cfed405afb77","correlation_id":"1740845a-256e-449f-b3d3-cfed405afb77","route":"/api/scoring/current","domain":"SCORING","feature":"SCORING","release":null,"release_source":"UNAVAILABLE","activation":null,"activation_source":"UNAVAILABLE","sha":"cccccccccccccccccccccccccccccccccccccccc","mutation_id":"71b19ae1-1e97-4753-83f9-0e7777c18735","match_id":"2026-R1-6","operation_id":"71b19ae1-1e97-4753-83f9-0e7777c18735","job_id":null,"round":null,"target_count":null,"authority_revision":null,"authority_fingerprint":null,"latency_ms":19.985,"http_status":200,"query_family":"execute_certification_operation_v1","phase":"rpc_transport","outcome":"COMMITTED","error_class":null,"domain_error_code":null,"sqlstate":null,"canonical_readback":"NOT_OBSERVED","dropped_events":0}
{"schema_version":1,"timestamp":"2026-10-03T02:22:15.867Z","event":"OUTCOME","request_id":"1740845a-256e-449f-b3d3-cfed405afb77","correlation_id":"1740845a-256e-449f-b3d3-cfed405afb77","route":"/api/scoring/current","domain":"SCORING","feature":"SCORING","release":null,"release_source":"UNAVAILABLE","activation":null,"activation_source":"UNAVAILABLE","sha":"cccccccccccccccccccccccccccccccccccccccc","mutation_id":"71b19ae1-1e97-4753-83f9-0e7777c18735","match_id":"2026-R1-6","operation_id":"71b19ae1-1e97-4753-83f9-0e7777c18735","job_id":null,"round":null,"target_count":null,"authority_revision":null,"authority_fingerprint":null,"latency_ms":null,"http_status":null,"query_family":null,"phase":"score_acknowledgement","outcome":"COMMITTED","error_class":null,"domain_error_code":null,"sqlstate":null,"canonical_readback":"NOT_OBSERVED","dropped_events":0}
{"schema_version":1,"timestamp":"2026-10-03T02:22:15.867Z","event":"REQUEST","request_id":"1740845a-256e-449f-b3d3-cfed405afb77","correlation_id":"1740845a-256e-449f-b3d3-cfed405afb77","route":"/api/scoring/current","domain":"SCORING","feature":"SCORING","release":null,"release_source":"UNAVAILABLE","activation":null,"activation_source":"UNAVAILABLE","sha":"cccccccccccccccccccccccccccccccccccccccc","mutation_id":"71b19ae1-1e97-4753-83f9-0e7777c18735","match_id":"2026-R1-6","operation_id":"71b19ae1-1e97-4753-83f9-0e7777c18735","job_id":null,"round":null,"target_count":null,"authority_revision":null,"authority_fingerprint":null,"latency_ms":105.227,"http_status":200,"query_family":null,"phase":null,"outcome":"NOT_APPLICABLE","error_class":null,"domain_error_code":null,"sqlstate":null,"canonical_readback":"NOT_OBSERVED","dropped_events":0}
{"schema_version":1,"timestamp":"2026-10-03T02:22:15.879Z","event":"RPC","request_id":"1740845a-256e-449f-b3d3-cfed405afb77","correlation_id":"1740845a-256e-449f-b3d3-cfed405afb77","route":"/api/scoring/current","domain":"TOURNAMENT_READ","feature":"SCORING","release":null,"release_source":"UNAVAILABLE","activation":null,"activation_source":"UNAVAILABLE","sha":"cccccccccccccccccccccccccccccccccccccccc","mutation_id":"71b19ae1-1e97-4753-83f9-0e7777c18735","match_id":"2026-R1-6","operation_id":"71b19ae1-1e97-4753-83f9-0e7777c18735","job_id":null,"round":null,"target_count":null,"authority_revision":null,"authority_fingerprint":null,"latency_ms":10.023,"http_status":200,"query_family":"read_certification_runtime_context_v1","phase":"rpc_transport","outcome":"NOT_APPLICABLE","error_class":null,"domain_error_code":null,"sqlstate":null,"canonical_readback":"NOT_OBSERVED","dropped_events":0}
{"schema_version":1,"timestamp":"2026-10-03T02:22:15.880Z","event":"RPC","request_id":"1740845a-256e-449f-b3d3-cfed405afb77","correlation_id":"1740845a-256e-449f-b3d3-cfed405afb77","route":"/api/scoring/current","domain":"TOURNAMENT_READ","feature":"SCORING","release":null,"release_source":"UNAVAILABLE","activation":null,"activation_source":"UNAVAILABLE","sha":"cccccccccccccccccccccccccccccccccccccccc","mutation_id":"71b19ae1-1e97-4753-83f9-0e7777c18735","match_id":"2026-R1-6","operation_id":"71b19ae1-1e97-4753-83f9-0e7777c18735","job_id":null,"round":null,"target_count":null,"authority_revision":null,"authority_fingerprint":null,"latency_ms":10.968,"http_status":200,"query_family":"read_certification_runtime_context_v1","phase":"rpc_transport","outcome":"NOT_APPLICABLE","error_class":null,"domain_error_code":null,"sqlstate":null,"canonical_readback":"NOT_OBSERVED","dropped_events":0}
{"schema_version":1,"timestamp":"2026-10-03T02:22:15.881Z","event":"RPC","request_id":"1740845a-256e-449f-b3d3-cfed405afb77","correlation_id":"1740845a-256e-449f-b3d3-cfed405afb77","route":"/api/scoring/current","domain":"TOURNAMENT_READ","feature":"SCORING","release":null,"release_source":"UNAVAILABLE","activation":null,"activation_source":"UNAVAILABLE","sha":"cccccccccccccccccccccccccccccccccccccccc","mutation_id":"71b19ae1-1e97-4753-83f9-0e7777c18735","match_id":"2026-R1-6","operation_id":"ae8fee14-d585-4c42-9da2-da9a8537275e","job_id":null,"round":null,"target_count":null,"authority_revision":null,"authority_fingerprint":null,"latency_ms":12.772,"http_status":200,"query_family":"read_certification_runtime_context_v1","phase":"rpc_transport","outcome":"NOT_APPLICABLE","error_class":null,"domain_error_code":null,"sqlstate":null,"canonical_readback":"NOT_OBSERVED","dropped_events":0}
{"schema_version":1,"timestamp":"2026-10-03T02:22:15.881Z","event":"RPC","request_id":"52db3225-758c-47d9-aa2b-07752d6ce519","correlation_id":"52db3225-758c-47d9-aa2b-07752d6ce519","route":"/api/scoring/mutation-status","domain":"TOURNAMENT_READ","feature":"SCORING","release":null,"release_source":"UNAVAILABLE","activation":null,"activation_source":"UNAVAILABLE","sha":"cccccccccccccccccccccccccccccccccccccccc","operation_id":null,"mutation_id":null,"job_id":null,"match_id":null,"round":null,"target_count":null,"authority_revision":null,"authority_fingerprint":null,"latency_ms":9.923,"http_status":200,"query_family":"read_certification_runtime_context_v1","phase":"rpc_transport","outcome":"NOT_APPLICABLE","error_class":null,"domain_error_code":null,"sqlstate":null,"canonical_readback":"NOT_OBSERVED","dropped_events":0}
{"schema_version":1,"timestamp":"2026-10-03T02:22:15.889Z","event":"RPC","request_id":"1740845a-256e-449f-b3d3-cfed405afb77","correlation_id":"1740845a-256e-449f-b3d3-cfed405afb77","route":"/api/scoring/current","domain":"TOURNAMENT_READ","feature":"SCORING","release":null,"release_source":"UNAVAILABLE","activation":null,"activation_source":"UNAVAILABLE","sha":"cccccccccccccccccccccccccccccccccccccccc","mutation_id":"71b19ae1-1e97-4753-83f9-0e7777c18735","match_id":"2026-R1-6","operation_id":"ae8fee14-d585-4c42-9da2-da9a8537275e","job_id":null,"round":null,"target_count":null,"authority_revision":null,"authority_fingerprint":null,"latency_ms":9.726,"http_status":200,"query_family":"read_certification_runtime_context_v1","phase":"rpc_transport","outcome":"NOT_APPLICABLE","error_class":null,"domain_error_code":null,"sqlstate":null,"canonical_readback":"NOT_OBSERVED","dropped_events":0}
{"schema_version":1,"timestamp":"2026-10-03T02:22:15.890Z","event":"RPC","request_id":"1740845a-256e-449f-b3d3-cfed405afb77","correlation_id":"1740845a-256e-449f-b3d3-cfed405afb77","route":"/api/scoring/current","domain":"TOURNAMENT_READ","feature":"SCORING","release":null,"release_source":"UNAVAILABLE","activation":null,"activation_source":"UNAVAILABLE","sha":"cccccccccccccccccccccccccccccccccccccccc","mutation_id":"71b19ae1-1e97-4753-83f9-0e7777c18735","match_id":"2026-R1-6","operation_id":"ae8fee14-d585-4c42-9da2-da9a8537275e","job_id":null,"round":null,"target_count":null,"authority_revision":null,"authority_fingerprint":null,"latency_ms":10.895,"http_status":200,"query_family":"read_certification_runtime_context_v1","phase":"rpc_transport","outcome":"NOT_APPLICABLE","error_class":null,"domain_error_code":null,"sqlstate":null,"canonical_readback":"NOT_OBSERVED","dropped_events":0}
{"schema_version":1,"timestamp":"2026-10-03T02:22:15.894Z","event":"RPC","request_id":"52db3225-758c-47d9-aa2b-07752d6ce519","correlation_id":"52db3225-758c-47d9-aa2b-07752d6ce519","route":"/api/scoring/mutation-status","domain":"TOURNAMENT_READ","feature":"SCORING","release":null,"release_source":"UNAVAILABLE","activation":null,"activation_source":"UNAVAILABLE","sha":"cccccccccccccccccccccccccccccccccccccccc","operation_id":null,"mutation_id":null,"job_id":null,"match_id":null,"round":null,"target_count":null,"authority_revision":null,"authority_fingerprint":null,"latency_ms":12.603,"http_status":200,"query_family":"read_certification_projection_v1","phase":"rpc_transport","outcome":"NOT_APPLICABLE","error_class":null,"domain_error_code":null,"sqlstate":null,"canonical_readback":"NOT_OBSERVED","dropped_events":0}
{"schema_version":1,"timestamp":"2026-10-03T02:22:15.895Z","event":"RPC","request_id":"1740845a-256e-449f-b3d3-cfed405afb77","correlation_id":"1740845a-256e-449f-b3d3-cfed405afb77","route":"/api/scoring/current","domain":"TOURNAMENT_READ","feature":"SCORING","release":null,"release_source":"UNAVAILABLE","activation":null,"activation_source":"UNAVAILABLE","sha":"cccccccccccccccccccccccccccccccccccccccc","mutation_id":"71b19ae1-1e97-4753-83f9-0e7777c18735","match_id":"2026-R1-6","operation_id":"ae8fee14-d585-4c42-9da2-da9a8537275e","job_id":null,"round":null,"target_count":null,"authority_revision":null,"authority_fingerprint":null,"latency_ms":14.997,"http_status":200,"query_family":"execute_certification_operation_v1","phase":"rpc_transport","outcome":"COMMITTED","error_class":null,"domain_error_code":null,"sqlstate":null,"canonical_readback":"NOT_OBSERVED","dropped_events":0}
{"schema_version":1,"timestamp":"2026-10-03T02:22:15.903Z","event":"RPC","request_id":"1740845a-256e-449f-b3d3-cfed405afb77","correlation_id":"1740845a-256e-449f-b3d3-cfed405afb77","route":"/api/scoring/current","domain":"TOURNAMENT_READ","feature":"SCORING","release":null,"release_source":"UNAVAILABLE","activation":1,"activation_source":"AUTHORITY_READ","sha":"cccccccccccccccccccccccccccccccccccccccc","mutation_id":"71b19ae1-1e97-4753-83f9-0e7777c18735","match_id":"2026-R1-6","operation_id":"8ec33cc9-140d-42b0-9ce3-a5a588f07125","job_id":null,"round":null,"target_count":null,"authority_revision":null,"authority_fingerprint":null,"latency_ms":13.466,"http_status":200,"query_family":"read_certification_projection_v1","phase":"rpc_transport","outcome":"NOT_APPLICABLE","error_class":null,"domain_error_code":null,"sqlstate":null,"canonical_readback":"NOT_OBSERVED","dropped_events":0}
{"schema_version":1,"timestamp":"2026-10-03T02:22:15.906Z","event":"RPC","request_id":"52db3225-758c-47d9-aa2b-07752d6ce519","correlation_id":"52db3225-758c-47d9-aa2b-07752d6ce519","route":"/api/scoring/mutation-status","domain":"TOURNAMENT_READ","feature":"SCORING","release":null,"release_source":"UNAVAILABLE","activation":null,"activation_source":"UNAVAILABLE","sha":"cccccccccccccccccccccccccccccccccccccccc","mutation_id":"71b19ae1-1e97-4753-83f9-0e7777c18735","match_id":"2026-R1-6","operation_id":"71b19ae1-1e97-4753-83f9-0e7777c18735","job_id":null,"round":null,"target_count":null,"authority_revision":null,"authority_fingerprint":null,"latency_ms":11.008,"http_status":200,"query_family":"read_certification_operation_v1","phase":"rpc_transport","outcome":"NOT_APPLICABLE","error_class":null,"domain_error_code":null,"sqlstate":null,"canonical_readback":"NOT_OBSERVED","dropped_events":0}
{"schema_version":1,"timestamp":"2026-10-03T02:22:15.906Z","event":"OUTCOME","request_id":"52db3225-758c-47d9-aa2b-07752d6ce519","correlation_id":"52db3225-758c-47d9-aa2b-07752d6ce519","route":"/api/scoring/mutation-status","domain":"SCORING","feature":"SCORING","release":null,"release_source":"UNAVAILABLE","activation":null,"activation_source":"UNAVAILABLE","sha":"cccccccccccccccccccccccccccccccccccccccc","mutation_id":"71b19ae1-1e97-4753-83f9-0e7777c18735","match_id":"2026-R1-6","operation_id":null,"job_id":null,"round":null,"target_count":null,"authority_revision":null,"authority_fingerprint":null,"latency_ms":null,"http_status":null,"query_family":null,"phase":"mutation_recovery","outcome":"COMMITTED","error_class":null,"domain_error_code":null,"sqlstate":null,"canonical_readback":"NOT_OBSERVED","dropped_events":0}
{"schema_version":1,"timestamp":"2026-10-03T02:22:15.906Z","event":"REQUEST","request_id":"52db3225-758c-47d9-aa2b-07752d6ce519","correlation_id":"52db3225-758c-47d9-aa2b-07752d6ce519","route":"/api/scoring/mutation-status","domain":"SCORING","feature":"SCORING","release":null,"release_source":"UNAVAILABLE","activation":null,"activation_source":"UNAVAILABLE","sha":"cccccccccccccccccccccccccccccccccccccccc","mutation_id":"71b19ae1-1e97-4753-83f9-0e7777c18735","match_id":"2026-R1-6","operation_id":null,"job_id":null,"round":null,"target_count":null,"authority_revision":null,"authority_fingerprint":null,"latency_ms":35.615,"http_status":200,"query_family":null,"phase":null,"outcome":"NOT_APPLICABLE","error_class":null,"domain_error_code":null,"sqlstate":null,"canonical_readback":"NOT_OBSERVED","dropped_events":0}
{"schema_version":1,"timestamp":"2026-10-03T02:22:15.907Z","event":"RPC","request_id":"1740845a-256e-449f-b3d3-cfed405afb77","correlation_id":"1740845a-256e-449f-b3d3-cfed405afb77","route":"/api/scoring/current","domain":"TOURNAMENT_READ","feature":"SCORING","release":null,"release_source":"UNAVAILABLE","activation":1,"activation_source":"AUTHORITY_READ","sha":"cccccccccccccccccccccccccccccccccccccccc","mutation_id":"71b19ae1-1e97-4753-83f9-0e7777c18735","match_id":"2026-R1-6","operation_id":"8ec33cc9-140d-42b0-9ce3-a5a588f07125","job_id":null,"round":null,"target_count":null,"authority_revision":null,"authority_fingerprint":null,"latency_ms":17.234,"http_status":200,"query_family":"read_certification_projection_v1","phase":"rpc_transport","outcome":"NOT_APPLICABLE","error_class":null,"domain_error_code":null,"sqlstate":null,"canonical_readback":"NOT_OBSERVED","dropped_events":0}
{"schema_version":1,"timestamp":"2026-10-03T02:22:15.910Z","event":"RPC","request_id":"1740845a-256e-449f-b3d3-cfed405afb77","correlation_id":"1740845a-256e-449f-b3d3-cfed405afb77","route":"/api/scoring/current","domain":"TOURNAMENT_READ","feature":"SCORING","release":null,"release_source":"UNAVAILABLE","activation":1,"activation_source":"AUTHORITY_READ","sha":"cccccccccccccccccccccccccccccccccccccccc","mutation_id":"71b19ae1-1e97-4753-83f9-0e7777c18735","match_id":"2026-R1-6","operation_id":"8ec33cc9-140d-42b0-9ce3-a5a588f07125","job_id":null,"round":null,"target_count":null,"authority_revision":null,"authority_fingerprint":null,"latency_ms":14.201,"http_status":200,"query_family":"execute_certification_operation_v1","phase":"rpc_transport","outcome":"COMMITTED","error_class":null,"domain_error_code":null,"sqlstate":null,"canonical_readback":"NOT_OBSERVED","dropped_events":0}
{"schema_version":1,"timestamp":"2026-10-03T02:22:15.925Z","event":"RPC","request_id":"a0687c99-1720-4b88-8d88-01e9f009a7e6","correlation_id":"a0687c99-1720-4b88-8d88-01e9f009a7e6","route":"/api/director/canonical-odds","domain":"TOURNAMENT_READ","feature":"ODDS","release":null,"release_source":"UNAVAILABLE","activation":null,"activation_source":"UNAVAILABLE","sha":"cccccccccccccccccccccccccccccccccccccccc","operation_id":null,"mutation_id":null,"job_id":null,"match_id":null,"round":null,"target_count":null,"authority_revision":null,"authority_fingerprint":null,"latency_ms":9.734,"http_status":200,"query_family":"read_certification_runtime_context_v1","phase":"rpc_transport","outcome":"NOT_APPLICABLE","error_class":null,"domain_error_code":null,"sqlstate":null,"canonical_readback":"NOT_OBSERVED","dropped_events":0}
{"schema_version":1,"timestamp":"2026-10-03T02:22:15.926Z","event":"RPC","request_id":"1740845a-256e-449f-b3d3-cfed405afb77","correlation_id":"1740845a-256e-449f-b3d3-cfed405afb77","route":"/api/scoring/current","domain":"TOURNAMENT_READ","feature":"SCORING","release":null,"release_source":"UNAVAILABLE","activation":1,"activation_source":"AUTHORITY_READ","sha":"cccccccccccccccccccccccccccccccccccccccc","mutation_id":"71b19ae1-1e97-4753-83f9-0e7777c18735","match_id":"2026-R1-6","operation_id":"2a3aa6a9-3ab2-4967-9b6d-90bbdd4e78d9","job_id":null,"round":null,"target_count":null,"authority_revision":null,"authority_fingerprint":null,"latency_ms":17.038,"http_status":200,"query_family":"execute_certification_operation_v1","phase":"rpc_transport","outcome":"COMMITTED","error_class":null,"domain_error_code":null,"sqlstate":null,"canonical_readback":"NOT_OBSERVED","dropped_events":0}
{"schema_version":1,"timestamp":"2026-10-03T02:22:15.927Z","event":"RPC","request_id":"1740845a-256e-449f-b3d3-cfed405afb77","correlation_id":"1740845a-256e-449f-b3d3-cfed405afb77","route":"/api/scoring/current","domain":"TOURNAMENT_READ","feature":"SCORING","release":null,"release_source":"UNAVAILABLE","activation":1,"activation_source":"AUTHORITY_READ","sha":"cccccccccccccccccccccccccccccccccccccccc","mutation_id":"71b19ae1-1e97-4753-83f9-0e7777c18735","match_id":"2026-R1-6","operation_id":"78dbe4a7-4fb6-47a8-b7da-e863340d98d9","job_id":null,"round":null,"target_count":null,"authority_revision":null,"authority_fingerprint":null,"latency_ms":17.084,"http_status":200,"query_family":"execute_certification_operation_v1","phase":"rpc_transport","outcome":"COMMITTED","error_class":null,"domain_error_code":null,"sqlstate":null,"canonical_readback":"NOT_OBSERVED","dropped_events":0}
{"schema_version":1,"timestamp":"2026-10-03T02:22:15.936Z","event":"RPC","request_id":"a0687c99-1720-4b88-8d88-01e9f009a7e6","correlation_id":"a0687c99-1720-4b88-8d88-01e9f009a7e6","route":"/api/director/canonical-odds","domain":"TOURNAMENT_READ","feature":"ODDS","release":null,"release_source":"UNAVAILABLE","activation":null,"activation_source":"UNAVAILABLE","sha":"cccccccccccccccccccccccccccccccccccccccc","operation_id":null,"mutation_id":null,"job_id":null,"match_id":null,"round":null,"target_count":null,"authority_revision":null,"authority_fingerprint":null,"latency_ms":10.12,"http_status":200,"query_family":"read_certification_runtime_context_v1","phase":"rpc_transport","outcome":"NOT_APPLICABLE","error_class":null,"domain_error_code":null,"sqlstate":null,"canonical_readback":"NOT_OBSERVED","dropped_events":0}
{"schema_version":1,"timestamp":"2026-10-03T02:22:15.936Z","event":"RPC","request_id":"1740845a-256e-449f-b3d3-cfed405afb77","correlation_id":"1740845a-256e-449f-b3d3-cfed405afb77","route":"/api/scoring/current","domain":"TOURNAMENT_READ","feature":"SCORING","release":null,"release_source":"UNAVAILABLE","activation":1,"activation_source":"AUTHORITY_READ","sha":"cccccccccccccccccccccccccccccccccccccccc","mutation_id":"71b19ae1-1e97-4753-83f9-0e7777c18735","match_id":"2026-R1-6","operation_id":"78dbe4a7-4fb6-47a8-b7da-e863340d98d9","job_id":null,"round":null,"target_count":null,"authority_revision":null,"authority_fingerprint":null,"latency_ms":10.161,"http_status":200,"query_family":"read_certification_runtime_context_v1","phase":"rpc_transport","outcome":"NOT_APPLICABLE","error_class":null,"domain_error_code":null,"sqlstate":null,"canonical_readback":"NOT_OBSERVED","dropped_events":0}
{"schema_version":1,"timestamp":"2026-10-03T02:22:15.937Z","event":"RPC","request_id":"1740845a-256e-449f-b3d3-cfed405afb77","correlation_id":"1740845a-256e-449f-b3d3-cfed405afb77","route":"/api/scoring/current","domain":"TOURNAMENT_READ","feature":"SCORING","release":null,"release_source":"UNAVAILABLE","activation":1,"activation_source":"AUTHORITY_READ","sha":"cccccccccccccccccccccccccccccccccccccccc","mutation_id":"71b19ae1-1e97-4753-83f9-0e7777c18735","match_id":"2026-R1-6","operation_id":"78dbe4a7-4fb6-47a8-b7da-e863340d98d9","job_id":null,"round":null,"target_count":null,"authority_revision":null,"authority_fingerprint":null,"latency_ms":10.175,"http_status":200,"query_family":"read_certification_runtime_context_v1","phase":"rpc_transport","outcome":"NOT_APPLICABLE","error_class":null,"domain_error_code":null,"sqlstate":null,"canonical_readback":"NOT_OBSERVED","dropped_events":0}
{"schema_version":1,"timestamp":"2026-10-03T02:22:15.948Z","event":"RPC","request_id":"a0687c99-1720-4b88-8d88-01e9f009a7e6","correlation_id":"a0687c99-1720-4b88-8d88-01e9f009a7e6","route":"/api/director/canonical-odds","domain":"TOURNAMENT_READ","feature":"ODDS","release":null,"release_source":"UNAVAILABLE","activation":null,"activation_source":"UNAVAILABLE","sha":"cccccccccccccccccccccccccccccccccccccccc","operation_id":null,"mutation_id":null,"job_id":null,"match_id":null,"round":null,"target_count":null,"authority_revision":null,"authority_fingerprint":null,"latency_ms":11.687,"http_status":200,"query_family":"read_certification_projection_v1","phase":"rpc_transport","outcome":"NOT_APPLICABLE","error_class":null,"domain_error_code":null,"sqlstate":null,"canonical_readback":"NOT_OBSERVED","dropped_events":0}
{"schema_version":1,"timestamp":"2026-10-03T02:22:15.948Z","event":"RPC","request_id":"1740845a-256e-449f-b3d3-cfed405afb77","correlation_id":"1740845a-256e-449f-b3d3-cfed405afb77","route":"/api/scoring/current","domain":"TOURNAMENT_READ","feature":"SCORING","release":null,"release_source":"UNAVAILABLE","activation":1,"activation_source":"AUTHORITY_READ","sha":"cccccccccccccccccccccccccccccccccccccccc","mutation_id":"71b19ae1-1e97-4753-83f9-0e7777c18735","match_id":"2026-R1-6","operation_id":"78dbe4a7-4fb6-47a8-b7da-e863340d98d9","job_id":null,"round":null,"target_count":null,"authority_revision":null,"authority_fingerprint":null,"latency_ms":11.603,"http_status":200,"query_family":"read_certification_projection_v1","phase":"rpc_transport","outcome":"NOT_APPLICABLE","error_class":null,"domain_error_code":null,"sqlstate":null,"canonical_readback":"NOT_OBSERVED","dropped_events":0}
{"schema_version":1,"timestamp":"2026-10-03T02:22:15.953Z","event":"RPC","request_id":"1740845a-256e-449f-b3d3-cfed405afb77","correlation_id":"1740845a-256e-449f-b3d3-cfed405afb77","route":"/api/scoring/current","domain":"TOURNAMENT_READ","feature":"SCORING","release":null,"release_source":"UNAVAILABLE","activation":1,"activation_source":"AUTHORITY_READ","sha":"cccccccccccccccccccccccccccccccccccccccc","mutation_id":"71b19ae1-1e97-4753-83f9-0e7777c18735","match_id":"2026-R1-6","operation_id":"78dbe4a7-4fb6-47a8-b7da-e863340d98d9","job_id":null,"round":null,"target_count":null,"authority_revision":null,"authority_fingerprint":null,"latency_ms":16.343,"http_status":200,"query_family":"read_certification_projection_v1","phase":"rpc_transport","outcome":"NOT_APPLICABLE","error_class":null,"domain_error_code":null,"sqlstate":null,"canonical_readback":"NOT_OBSERVED","dropped_events":0}
{"schema_version":1,"timestamp":"2026-10-03T02:22:15.957Z","event":"RPC","request_id":"a0687c99-1720-4b88-8d88-01e9f009a7e6","correlation_id":"a0687c99-1720-4b88-8d88-01e9f009a7e6","route":"/api/director/canonical-odds","domain":"ROUND_CONTROL","feature":"ODDS","release":null,"release_source":"UNAVAILABLE","activation":null,"activation_source":"UNAVAILABLE","sha":"cccccccccccccccccccccccccccccccccccccccc","operation_id":null,"mutation_id":null,"job_id":null,"match_id":null,"round":null,"target_count":null,"authority_revision":null,"authority_fingerprint":null,"latency_ms":9.495,"http_status":200,"query_family":"read_certification_runtime_context_v1","phase":"rpc_transport","outcome":"NOT_APPLICABLE","error_class":null,"domain_error_code":null,"sqlstate":null,"canonical_readback":"NOT_OBSERVED","dropped_events":0}
{"schema_version":1,"timestamp":"2026-10-03T02:22:15.968Z","event":"RPC","request_id":"1740845a-256e-449f-b3d3-cfed405afb77","correlation_id":"1740845a-256e-449f-b3d3-cfed405afb77","route":"/api/scoring/current","domain":"TOURNAMENT_READ","feature":"SCORING","release":null,"release_source":"UNAVAILABLE","activation":1,"activation_source":"AUTHORITY_READ","sha":"cccccccccccccccccccccccccccccccccccccccc","mutation_id":"71b19ae1-1e97-4753-83f9-0e7777c18735","match_id":"2026-R1-6","operation_id":"9681da01-719b-4aa5-a323-7a4e9b052a20","job_id":null,"round":null,"target_count":null,"authority_revision":null,"authority_fingerprint":null,"latency_ms":14.539,"http_status":200,"query_family":"execute_certification_operation_v1","phase":"rpc_transport","outcome":"COMMITTED","error_class":null,"domain_error_code":null,"sqlstate":null,"canonical_readback":"NOT_OBSERVED","dropped_events":0}
{"schema_version":1,"timestamp":"2026-10-03T02:22:15.970Z","event":"RPC","request_id":"a0687c99-1720-4b88-8d88-01e9f009a7e6","correlation_id":"a0687c99-1720-4b88-8d88-01e9f009a7e6","route":"/api/director/canonical-odds","domain":"ROUND_CONTROL","feature":"ODDS","release":null,"release_source":"UNAVAILABLE","activation":null,"activation_source":"UNAVAILABLE","sha":"cccccccccccccccccccccccccccccccccccccccc","operation_id":null,"mutation_id":null,"job_id":null,"match_id":null,"round":null,"target_count":null,"authority_revision":null,"authority_fingerprint":null,"latency_ms":12.955,"http_status":200,"query_family":"dispatch_certification_odds_v1","phase":"rpc_transport","outcome":"COMMITTED","error_class":null,"domain_error_code":null,"sqlstate":null,"canonical_readback":"NOT_OBSERVED","dropped_events":0}
{"schema_version":1,"timestamp":"2026-10-03T02:22:15.983Z","event":"RPC","request_id":"a0687c99-1720-4b88-8d88-01e9f009a7e6","correlation_id":"a0687c99-1720-4b88-8d88-01e9f009a7e6","route":"/api/director/canonical-odds","domain":"ROUND_CONTROL","feature":"ODDS","release":null,"release_source":"UNAVAILABLE","activation":null,"activation_source":"UNAVAILABLE","sha":"cccccccccccccccccccccccccccccccccccccccc","operation_id":null,"mutation_id":null,"job_id":null,"match_id":null,"round":null,"target_count":null,"authority_revision":null,"authority_fingerprint":null,"latency_ms":12.241,"http_status":200,"query_family":"dispatch_certification_odds_v1","phase":"rpc_transport","outcome":"COMMITTED","error_class":null,"domain_error_code":null,"sqlstate":null,"canonical_readback":"NOT_OBSERVED","dropped_events":0}
{"schema_version":1,"timestamp":"2026-10-03T02:22:15.983Z","event":"REQUEST","request_id":"a0687c99-1720-4b88-8d88-01e9f009a7e6","correlation_id":"a0687c99-1720-4b88-8d88-01e9f009a7e6","route":"/api/director/canonical-odds","domain":"ODDS","feature":"ODDS","release":null,"release_source":"UNAVAILABLE","activation":null,"activation_source":"UNAVAILABLE","sha":"cccccccccccccccccccccccccccccccccccccccc","operation_id":null,"mutation_id":null,"job_id":null,"match_id":null,"round":null,"target_count":null,"authority_revision":null,"authority_fingerprint":null,"latency_ms":68.353,"http_status":200,"query_family":null,"phase":null,"outcome":"NOT_APPLICABLE","error_class":null,"domain_error_code":null,"sqlstate":null,"canonical_readback":"NOT_OBSERVED","dropped_events":0}
{"schema_version":1,"timestamp":"2026-10-03T02:22:15.994Z","event":"RPC","request_id":"a3e0610b-8890-413f-b08b-09f4d352b9ba","correlation_id":"a3e0610b-8890-413f-b08b-09f4d352b9ba","route":"/api/director/canonical-odds","domain":"TOURNAMENT_READ","feature":"ODDS","release":null,"release_source":"UNAVAILABLE","activation":null,"activation_source":"UNAVAILABLE","sha":"cccccccccccccccccccccccccccccccccccccccc","operation_id":null,"mutation_id":null,"job_id":null,"match_id":null,"round":null,"target_count":null,"authority_revision":null,"authority_fingerprint":null,"latency_ms":9.159,"http_status":200,"query_family":"read_certification_runtime_context_v1","phase":"rpc_transport","outcome":"NOT_APPLICABLE","error_class":null,"domain_error_code":null,"sqlstate":null,"canonical_readback":"NOT_OBSERVED","dropped_events":0}
{"schema_version":1,"timestamp":"2026-10-03T02:22:16.003Z","event":"RPC","request_id":"a3e0610b-8890-413f-b08b-09f4d352b9ba","correlation_id":"a3e0610b-8890-413f-b08b-09f4d352b9ba","route":"/api/director/canonical-odds","domain":"TOURNAMENT_READ","feature":"ODDS","release":null,"release_source":"UNAVAILABLE","activation":null,"activation_source":"UNAVAILABLE","sha":"cccccccccccccccccccccccccccccccccccccccc","operation_id":null,"mutation_id":null,"job_id":null,"match_id":null,"round":null,"target_count":null,"authority_revision":null,"authority_fingerprint":null,"latency_ms":8.676,"http_status":200,"query_family":"read_certification_runtime_context_v1","phase":"rpc_transport","outcome":"NOT_APPLICABLE","error_class":null,"domain_error_code":null,"sqlstate":null,"canonical_readback":"NOT_OBSERVED","dropped_events":0}
{"schema_version":1,"timestamp":"2026-10-03T02:22:16.014Z","event":"RPC","request_id":"a3e0610b-8890-413f-b08b-09f4d352b9ba","correlation_id":"a3e0610b-8890-413f-b08b-09f4d352b9ba","route":"/api/director/canonical-odds","domain":"TOURNAMENT_READ","feature":"ODDS","release":null,"release_source":"UNAVAILABLE","activation":null,"activation_source":"UNAVAILABLE","sha":"cccccccccccccccccccccccccccccccccccccccc","operation_id":null,"mutation_id":null,"job_id":null,"match_id":null,"round":null,"target_count":null,"authority_revision":null,"authority_fingerprint":null,"latency_ms":10.081,"http_status":200,"query_family":"read_certification_projection_v1","phase":"rpc_transport","outcome":"NOT_APPLICABLE","error_class":null,"domain_error_code":null,"sqlstate":null,"canonical_readback":"NOT_OBSERVED","dropped_events":0}
{"schema_version":1,"timestamp":"2026-10-03T02:22:16.023Z","event":"RPC","request_id":"a3e0610b-8890-413f-b08b-09f4d352b9ba","correlation_id":"a3e0610b-8890-413f-b08b-09f4d352b9ba","route":"/api/director/canonical-odds","domain":"ROUND_CONTROL","feature":"ODDS","release":null,"release_source":"UNAVAILABLE","activation":null,"activation_source":"UNAVAILABLE","sha":"cccccccccccccccccccccccccccccccccccccccc","operation_id":null,"mutation_id":null,"job_id":null,"match_id":null,"round":null,"target_count":null,"authority_revision":null,"authority_fingerprint":null,"latency_ms":8.896,"http_status":200,"query_family":"read_certification_runtime_context_v1","phase":"rpc_transport","outcome":"NOT_APPLICABLE","error_class":null,"domain_error_code":null,"sqlstate":null,"canonical_readback":"NOT_OBSERVED","dropped_events":0}
{"schema_version":1,"timestamp":"2026-10-03T02:22:16.043Z","event":"RPC","request_id":"a3e0610b-8890-413f-b08b-09f4d352b9ba","correlation_id":"a3e0610b-8890-413f-b08b-09f4d352b9ba","route":"/api/director/canonical-odds","domain":"ROUND_CONTROL","feature":"ODDS","release":null,"release_source":"UNAVAILABLE","activation":null,"activation_source":"UNAVAILABLE","sha":"cccccccccccccccccccccccccccccccccccccccc","operation_id":"8db3e8dd-3938-407e-ac0c-522c28d24981","mutation_id":null,"job_id":null,"match_id":null,"round":null,"target_count":null,"authority_revision":null,"authority_fingerprint":null,"latency_ms":20.001,"http_status":200,"query_family":"dispatch_certification_odds_v1","phase":"rpc_transport","outcome":"COMMITTED","error_class":null,"domain_error_code":null,"sqlstate":null,"canonical_readback":"NOT_OBSERVED","dropped_events":0}
{"schema_version":1,"timestamp":"2026-10-03T02:22:16.071Z","event":"RPC","request_id":"a3e0610b-8890-413f-b08b-09f4d352b9ba","correlation_id":"a3e0610b-8890-413f-b08b-09f4d352b9ba","route":"/api/director/canonical-odds","domain":"ROUND_CONTROL","feature":"ODDS","release":null,"release_source":"UNAVAILABLE","activation":null,"activation_source":"UNAVAILABLE","sha":"cccccccccccccccccccccccccccccccccccccccc","operation_id":"8db3e8dd-3938-407e-ac0c-522c28d24981","job_id":"1b34b08e0b2d8192bf285487da00d5c2ff5b4145aafea2b349cf963926a593bc","mutation_id":null,"match_id":null,"round":null,"target_count":null,"authority_revision":null,"authority_fingerprint":null,"latency_ms":24.123,"http_status":200,"query_family":"dispatch_certification_odds_v1","phase":"rpc_transport","outcome":"COMMITTED","error_class":null,"domain_error_code":null,"sqlstate":null,"canonical_readback":"NOT_OBSERVED","dropped_events":0}
{"schema_version":1,"timestamp":"2026-10-03T02:22:16.071Z","event":"REQUEST","request_id":"a3e0610b-8890-413f-b08b-09f4d352b9ba","correlation_id":"a3e0610b-8890-413f-b08b-09f4d352b9ba","route":"/api/director/canonical-odds","domain":"ODDS","feature":"ODDS","release":null,"release_source":"UNAVAILABLE","activation":null,"activation_source":"UNAVAILABLE","sha":"cccccccccccccccccccccccccccccccccccccccc","operation_id":"8db3e8dd-3938-407e-ac0c-522c28d24981","job_id":"1b34b08e0b2d8192bf285487da00d5c2ff5b4145aafea2b349cf963926a593bc","mutation_id":null,"match_id":null,"round":null,"target_count":null,"authority_revision":null,"authority_fingerprint":null,"latency_ms":86.475,"http_status":202,"query_family":null,"phase":null,"outcome":"NOT_APPLICABLE","error_class":null,"domain_error_code":null,"sqlstate":null,"canonical_readback":"NOT_OBSERVED","dropped_events":0}
{"schema_version":1,"timestamp":"2026-10-03T02:22:16.081Z","event":"RPC","request_id":"a3e0610b-8890-413f-b08b-09f4d352b9ba","correlation_id":"a3e0610b-8890-413f-b08b-09f4d352b9ba","route":"/api/director/canonical-odds","domain":"TOURNAMENT_READ","feature":"ODDS","release":null,"release_source":"UNAVAILABLE","activation":null,"activation_source":"UNAVAILABLE","sha":"cccccccccccccccccccccccccccccccccccccccc","operation_id":"8db3e8dd-3938-407e-ac0c-522c28d24981","job_id":"1b34b08e0b2d8192bf285487da00d5c2ff5b4145aafea2b349cf963926a593bc","mutation_id":null,"match_id":null,"round":null,"target_count":null,"authority_revision":null,"authority_fingerprint":null,"latency_ms":9.756,"http_status":200,"query_family":"read_certification_runtime_context_v1","phase":"rpc_transport","outcome":"NOT_APPLICABLE","error_class":null,"domain_error_code":null,"sqlstate":null,"canonical_readback":"NOT_OBSERVED","dropped_events":0}
{"schema_version":1,"timestamp":"2026-10-03T02:22:16.082Z","event":"RPC","request_id":"f00ef1c2-5f5d-472c-b7da-db7fdbf9bea8","correlation_id":"f00ef1c2-5f5d-472c-b7da-db7fdbf9bea8","route":"/api/director/canonical-odds","domain":"TOURNAMENT_READ","feature":"ODDS","release":null,"release_source":"UNAVAILABLE","activation":null,"activation_source":"UNAVAILABLE","sha":"cccccccccccccccccccccccccccccccccccccccc","operation_id":null,"mutation_id":null,"job_id":null,"match_id":null,"round":null,"target_count":null,"authority_revision":null,"authority_fingerprint":null,"latency_ms":8.955,"http_status":200,"query_family":"read_certification_runtime_context_v1","phase":"rpc_transport","outcome":"NOT_APPLICABLE","error_class":null,"domain_error_code":null,"sqlstate":null,"canonical_readback":"NOT_OBSERVED","dropped_events":0}
{"schema_version":1,"timestamp":"2026-10-03T02:22:16.091Z","event":"RPC","request_id":"f00ef1c2-5f5d-472c-b7da-db7fdbf9bea8","correlation_id":"f00ef1c2-5f5d-472c-b7da-db7fdbf9bea8","route":"/api/director/canonical-odds","domain":"TOURNAMENT_READ","feature":"ODDS","release":null,"release_source":"UNAVAILABLE","activation":null,"activation_source":"UNAVAILABLE","sha":"cccccccccccccccccccccccccccccccccccccccc","operation_id":null,"mutation_id":null,"job_id":null,"match_id":null,"round":null,"target_count":null,"authority_revision":null,"authority_fingerprint":null,"latency_ms":9.18,"http_status":200,"query_family":"read_certification_runtime_context_v1","phase":"rpc_transport","outcome":"NOT_APPLICABLE","error_class":null,"domain_error_code":null,"sqlstate":null,"canonical_readback":"NOT_OBSERVED","dropped_events":0}
{"schema_version":1,"timestamp":"2026-10-03T02:22:16.102Z","event":"RPC","request_id":"a3e0610b-8890-413f-b08b-09f4d352b9ba","correlation_id":"a3e0610b-8890-413f-b08b-09f4d352b9ba","route":"/api/director/canonical-odds","domain":"TOURNAMENT_READ","feature":"ODDS","release":null,"release_source":"UNAVAILABLE","activation":null,"activation_source":"UNAVAILABLE","sha":"cccccccccccccccccccccccccccccccccccccccc","operation_id":"94966ce0-37b3-4585-8b31-346e5d988a0f","job_id":"1b34b08e0b2d8192bf285487da00d5c2ff5b4145aafea2b349cf963926a593bc","mutation_id":null,"match_id":null,"round":null,"target_count":null,"authority_revision":null,"authority_fingerprint":null,"latency_ms":20.26,"http_status":200,"query_family":"dispatch_certification_odds_v1","phase":"rpc_transport","outcome":"COMMITTED","error_class":null,"domain_error_code":null,"sqlstate":null,"canonical_readback":"NOT_OBSERVED","dropped_events":0}
{"schema_version":1,"timestamp":"2026-10-03T02:22:17.602Z","event":"RPC","request_id":"f00ef1c2-5f5d-472c-b7da-db7fdbf9bea8","correlation_id":"f00ef1c2-5f5d-472c-b7da-db7fdbf9bea8","route":"/api/director/canonical-odds","domain":"TOURNAMENT_READ","feature":"ODDS","release":null,"release_source":"UNAVAILABLE","activation":null,"activation_source":"UNAVAILABLE","sha":"cccccccccccccccccccccccccccccccccccccccc","operation_id":null,"mutation_id":null,"job_id":null,"match_id":null,"round":null,"target_count":null,"authority_revision":null,"authority_fingerprint":null,"latency_ms":1510.917,"http_status":200,"query_family":"read_certification_projection_v1","phase":"rpc_transport","outcome":"NOT_APPLICABLE","error_class":null,"domain_error_code":null,"sqlstate":null,"canonical_readback":"NOT_OBSERVED","dropped_events":0}
{"schema_version":1,"timestamp":"2026-10-03T02:22:17.613Z","event":"RPC","request_id":"f00ef1c2-5f5d-472c-b7da-db7fdbf9bea8","correlation_id":"f00ef1c2-5f5d-472c-b7da-db7fdbf9bea8","route":"/api/director/canonical-odds","domain":"ROUND_CONTROL","feature":"ODDS","release":null,"release_source":"UNAVAILABLE","activation":null,"activation_source":"UNAVAILABLE","sha":"cccccccccccccccccccccccccccccccccccccccc","operation_id":null,"mutation_id":null,"job_id":null,"match_id":null,"round":null,"target_count":null,"authority_revision":null,"authority_fingerprint":null,"latency_ms":9.826,"http_status":200,"query_family":"read_certification_runtime_context_v1","phase":"rpc_transport","outcome":"NOT_APPLICABLE","error_class":null,"domain_error_code":null,"sqlstate":null,"canonical_readback":"NOT_OBSERVED","dropped_events":0}
{"schema_version":1,"timestamp":"2026-10-03T02:22:17.617Z","event":"RPC","request_id":"1740845a-256e-449f-b3d3-cfed405afb77","correlation_id":"1740845a-256e-449f-b3d3-cfed405afb77","route":"/api/scoring/current","domain":"TOURNAMENT_READ","feature":"SCORING","release":null,"release_source":"UNAVAILABLE","activation":1,"activation_source":"AUTHORITY_READ","sha":"cccccccccccccccccccccccccccccccccccccccc","mutation_id":"71b19ae1-1e97-4753-83f9-0e7777c18735","match_id":"2026-R1-6","operation_id":"2c7213bb-029b-461f-a7ec-f2a986b0a7dc","job_id":null,"round":null,"target_count":null,"authority_revision":null,"authority_fingerprint":null,"latency_ms":14.889,"http_status":200,"query_family":"execute_certification_operation_v1","phase":"rpc_transport","outcome":"COMMITTED","error_class":null,"domain_error_code":null,"sqlstate":null,"canonical_readback":"NOT_OBSERVED","dropped_events":0}
{"schema_version":1,"timestamp":"2026-10-03T02:22:17.624Z","event":"RPC","request_id":"a3e0610b-8890-413f-b08b-09f4d352b9ba","correlation_id":"a3e0610b-8890-413f-b08b-09f4d352b9ba","route":"/api/director/canonical-odds","domain":"TOURNAMENT_READ","feature":"ODDS","release":null,"release_source":"UNAVAILABLE","activation":null,"activation_source":"UNAVAILABLE","sha":"cccccccccccccccccccccccccccccccccccccccc","operation_id":"861f13a8-c4c9-4235-aa46-5a23c8882eaa","job_id":"1b34b08e0b2d8192bf285487da00d5c2ff5b4145aafea2b349cf963926a593bc","mutation_id":null,"match_id":null,"round":null,"target_count":null,"authority_revision":null,"authority_fingerprint":null,"latency_ms":23.119,"http_status":200,"query_family":"dispatch_certification_odds_v1","phase":"rpc_transport","outcome":"COMMITTED","error_class":null,"domain_error_code":null,"sqlstate":null,"canonical_readback":"NOT_OBSERVED","dropped_events":0}
{"schema_version":1,"timestamp":"2026-10-03T02:22:19.296Z","event":"RPC","request_id":"f00ef1c2-5f5d-472c-b7da-db7fdbf9bea8","correlation_id":"f00ef1c2-5f5d-472c-b7da-db7fdbf9bea8","route":"/api/director/canonical-odds","domain":"ROUND_CONTROL","feature":"ODDS","release":null,"release_source":"UNAVAILABLE","activation":null,"activation_source":"UNAVAILABLE","sha":"cccccccccccccccccccccccccccccccccccccccc","job_id":"1b34b08e0b2d8192bf285487da00d5c2ff5b4145aafea2b349cf963926a593bc","operation_id":null,"mutation_id":null,"match_id":null,"round":null,"target_count":null,"authority_revision":null,"authority_fingerprint":null,"latency_ms":1683.606,"http_status":200,"query_family":"dispatch_certification_odds_v1","phase":"rpc_transport","outcome":"COMMITTED","error_class":null,"domain_error_code":null,"sqlstate":null,"canonical_readback":"NOT_OBSERVED","dropped_events":0}
{"schema_version":1,"timestamp":"2026-10-03T02:22:19.297Z","event":"RPC","request_id":"1740845a-256e-449f-b3d3-cfed405afb77","correlation_id":"1740845a-256e-449f-b3d3-cfed405afb77","route":"/api/scoring/current","domain":"TOURNAMENT_READ","feature":"SCORING","release":null,"release_source":"UNAVAILABLE","activation":1,"activation_source":"AUTHORITY_READ","sha":"cccccccccccccccccccccccccccccccccccccccc","mutation_id":"71b19ae1-1e97-4753-83f9-0e7777c18735","match_id":"2026-R1-6","operation_id":"2c7213bb-029b-461f-a7ec-f2a986b0a7dc","job_id":null,"round":null,"target_count":null,"authority_revision":null,"authority_fingerprint":null,"latency_ms":1679.688,"http_status":200,"query_family":"read_certification_runtime_context_v1","phase":"rpc_transport","outcome":"NOT_APPLICABLE","error_class":null,"domain_error_code":null,"sqlstate":null,"canonical_readback":"NOT_OBSERVED","dropped_events":0}
{"schema_version":1,"timestamp":"2026-10-03T02:22:19.298Z","event":"RPC","request_id":"1740845a-256e-449f-b3d3-cfed405afb77","correlation_id":"1740845a-256e-449f-b3d3-cfed405afb77","route":"/api/scoring/current","domain":"TOURNAMENT_READ","feature":"SCORING","release":null,"release_source":"UNAVAILABLE","activation":1,"activation_source":"AUTHORITY_READ","sha":"cccccccccccccccccccccccccccccccccccccccc","mutation_id":"71b19ae1-1e97-4753-83f9-0e7777c18735","match_id":"2026-R1-6","operation_id":"2c7213bb-029b-461f-a7ec-f2a986b0a7dc","job_id":null,"round":null,"target_count":null,"authority_revision":null,"authority_fingerprint":null,"latency_ms":1680.556,"http_status":200,"query_family":"read_certification_runtime_context_v1","phase":"rpc_transport","outcome":"NOT_APPLICABLE","error_class":null,"domain_error_code":null,"sqlstate":null,"canonical_readback":"NOT_OBSERVED","dropped_events":0}
{"schema_version":1,"timestamp":"2026-10-03T02:22:19.311Z","event":"RPC","request_id":"1740845a-256e-449f-b3d3-cfed405afb77","correlation_id":"1740845a-256e-449f-b3d3-cfed405afb77","route":"/api/scoring/current","domain":"TOURNAMENT_READ","feature":"SCORING","release":null,"release_source":"UNAVAILABLE","activation":1,"activation_source":"AUTHORITY_READ","sha":"cccccccccccccccccccccccccccccccccccccccc","mutation_id":"71b19ae1-1e97-4753-83f9-0e7777c18735","match_id":"2026-R1-6","operation_id":"2c7213bb-029b-461f-a7ec-f2a986b0a7dc","job_id":null,"round":null,"target_count":null,"authority_revision":null,"authority_fingerprint":null,"latency_ms":13.616,"http_status":200,"query_family":"read_certification_projection_v1","phase":"rpc_transport","outcome":"NOT_APPLICABLE","error_class":null,"domain_error_code":null,"sqlstate":null,"canonical_readback":"NOT_OBSERVED","dropped_events":0}
{"schema_version":1,"timestamp":"2026-10-03T02:22:19.315Z","event":"RPC","request_id":"f00ef1c2-5f5d-472c-b7da-db7fdbf9bea8","correlation_id":"f00ef1c2-5f5d-472c-b7da-db7fdbf9bea8","route":"/api/director/canonical-odds","domain":"ROUND_CONTROL","feature":"ODDS","release":null,"release_source":"UNAVAILABLE","activation":null,"activation_source":"UNAVAILABLE","sha":"cccccccccccccccccccccccccccccccccccccccc","job_id":"1b34b08e0b2d8192bf285487da00d5c2ff5b4145aafea2b349cf963926a593bc","operation_id":null,"mutation_id":null,"match_id":null,"round":null,"target_count":null,"authority_revision":null,"authority_fingerprint":null,"latency_ms":18.069,"http_status":200,"query_family":"dispatch_certification_odds_v1","phase":"rpc_transport","outcome":"COMMITTED","error_class":null,"domain_error_code":null,"sqlstate":null,"canonical_readback":"NOT_OBSERVED","dropped_events":0}
{"schema_version":1,"timestamp":"2026-10-03T02:22:19.315Z","event":"REQUEST","request_id":"f00ef1c2-5f5d-472c-b7da-db7fdbf9bea8","correlation_id":"f00ef1c2-5f5d-472c-b7da-db7fdbf9bea8","route":"/api/director/canonical-odds","domain":"ODDS","feature":"ODDS","release":null,"release_source":"UNAVAILABLE","activation":null,"activation_source":"UNAVAILABLE","sha":"cccccccccccccccccccccccccccccccccccccccc","job_id":"1b34b08e0b2d8192bf285487da00d5c2ff5b4145aafea2b349cf963926a593bc","operation_id":null,"mutation_id":null,"match_id":null,"round":null,"target_count":null,"authority_revision":null,"authority_fingerprint":null,"latency_ms":3242.766,"http_status":200,"query_family":null,"phase":null,"outcome":"NOT_APPLICABLE","error_class":null,"domain_error_code":null,"sqlstate":null,"canonical_readback":"NOT_OBSERVED","dropped_events":0}
{"schema_version":1,"timestamp":"2026-10-03T02:22:19.318Z","event":"RPC","request_id":"1740845a-256e-449f-b3d3-cfed405afb77","correlation_id":"1740845a-256e-449f-b3d3-cfed405afb77","route":"/api/scoring/current","domain":"TOURNAMENT_READ","feature":"SCORING","release":null,"release_source":"UNAVAILABLE","activation":1,"activation_source":"AUTHORITY_READ","sha":"cccccccccccccccccccccccccccccccccccccccc","mutation_id":"71b19ae1-1e97-4753-83f9-0e7777c18735","match_id":"2026-R1-6","operation_id":"2c7213bb-029b-461f-a7ec-f2a986b0a7dc","job_id":null,"round":null,"target_count":null,"authority_revision":null,"authority_fingerprint":null,"latency_ms":20.383,"http_status":200,"query_family":"read_certification_projection_v1","phase":"rpc_transport","outcome":"NOT_APPLICABLE","error_class":null,"domain_error_code":null,"sqlstate":null,"canonical_readback":"NOT_OBSERVED","dropped_events":0}
{"schema_version":1,"timestamp":"2026-10-03T02:22:19.322Z","event":"RPC","request_id":"a3e0610b-8890-413f-b08b-09f4d352b9ba","correlation_id":"a3e0610b-8890-413f-b08b-09f4d352b9ba","route":"/api/director/canonical-odds","domain":"TOURNAMENT_READ","feature":"ODDS","release":null,"release_source":"UNAVAILABLE","activation":null,"activation_source":"UNAVAILABLE","sha":"cccccccccccccccccccccccccccccccccccccccc","operation_id":"79e1b60f-4aa8-4985-ae91-064a0b1840bd","job_id":"1b34b08e0b2d8192bf285487da00d5c2ff5b4145aafea2b349cf963926a593bc","mutation_id":null,"match_id":null,"round":null,"target_count":null,"authority_revision":null,"authority_fingerprint":null,"latency_ms":27.629,"http_status":200,"query_family":"dispatch_certification_odds_v1","phase":"rpc_transport","outcome":"COMMITTED","error_class":null,"domain_error_code":null,"sqlstate":null,"canonical_readback":"NOT_OBSERVED","dropped_events":0}
{"schema_version":1,"timestamp":"2026-10-03T02:22:20.847Z","event":"RPC","request_id":"1740845a-256e-449f-b3d3-cfed405afb77","correlation_id":"1740845a-256e-449f-b3d3-cfed405afb77","route":"/api/scoring/current","domain":"TOURNAMENT_READ","feature":"SCORING","release":null,"release_source":"UNAVAILABLE","activation":1,"activation_source":"AUTHORITY_READ","sha":"cccccccccccccccccccccccccccccccccccccccc","mutation_id":"71b19ae1-1e97-4753-83f9-0e7777c18735","match_id":"2026-R1-6","operation_id":"595fc51f-3dec-4a0b-bec1-1e616e20280b","round":0,"job_id":null,"target_count":null,"authority_revision":null,"authority_fingerprint":null,"latency_ms":1525.592,"http_status":200,"query_family":"execute_certification_operation_v1","phase":"rpc_transport","outcome":"COMMITTED","error_class":null,"domain_error_code":null,"sqlstate":null,"canonical_readback":"NOT_OBSERVED","dropped_events":0}
{"schema_version":1,"timestamp":"2026-10-03T02:22:20.848Z","event":"RPC","request_id":"1740845a-256e-449f-b3d3-cfed405afb77","correlation_id":"1740845a-256e-449f-b3d3-cfed405afb77","route":"/api/scoring/current","domain":"TOURNAMENT_READ","feature":"SCORING","release":null,"release_source":"UNAVAILABLE","activation":1,"activation_source":"AUTHORITY_READ","sha":"cccccccccccccccccccccccccccccccccccccccc","mutation_id":"71b19ae1-1e97-4753-83f9-0e7777c18735","match_id":"2026-R1-6","operation_id":"7eff4a33-b019-47e9-b882-ab881d99f714","round":0,"job_id":null,"target_count":null,"authority_revision":null,"authority_fingerprint":null,"latency_ms":1526.378,"http_status":200,"query_family":"execute_certification_operation_v1","phase":"rpc_transport","outcome":"COMMITTED","error_class":null,"domain_error_code":null,"sqlstate":null,"canonical_readback":"NOT_OBSERVED","dropped_events":0}
{"schema_version":1,"timestamp":"2026-10-03T02:22:20.857Z","event":"RPC","request_id":"d9fcb29e-6379-48fb-ab43-e53aa5b2cbc2","correlation_id":"d9fcb29e-6379-48fb-ab43-e53aa5b2cbc2","route":"/api/director/canonical-odds","domain":"TOURNAMENT_READ","feature":"ODDS","release":null,"release_source":"UNAVAILABLE","activation":null,"activation_source":"UNAVAILABLE","sha":"cccccccccccccccccccccccccccccccccccccccc","operation_id":null,"mutation_id":null,"job_id":null,"match_id":null,"round":null,"target_count":null,"authority_revision":null,"authority_fingerprint":null,"latency_ms":9.454,"http_status":200,"query_family":"read_certification_runtime_context_v1","phase":"rpc_transport","outcome":"NOT_APPLICABLE","error_class":null,"domain_error_code":null,"sqlstate":null,"canonical_readback":"NOT_OBSERVED","dropped_events":0}
{"schema_version":1,"timestamp":"2026-10-03T02:22:20.865Z","event":"RPC","request_id":"a3e0610b-8890-413f-b08b-09f4d352b9ba","correlation_id":"a3e0610b-8890-413f-b08b-09f4d352b9ba","route":"/api/director/canonical-odds","domain":"TOURNAMENT_READ","feature":"ODDS","release":null,"release_source":"UNAVAILABLE","activation":null,"activation_source":"UNAVAILABLE","sha":"cccccccccccccccccccccccccccccccccccccccc","operation_id":"e37305ce-a854-4a7c-ab40-9ff0f4bb3e35","job_id":"1b34b08e0b2d8192bf285487da00d5c2ff5b4145aafea2b349cf963926a593bc","mutation_id":null,"match_id":null,"round":null,"target_count":null,"authority_revision":null,"authority_fingerprint":null,"latency_ms":20.5,"http_status":200,"query_family":"dispatch_certification_odds_v1","phase":"rpc_transport","outcome":"COMMITTED","error_class":null,"domain_error_code":null,"sqlstate":null,"canonical_readback":"NOT_OBSERVED","dropped_events":0}
{"schema_version":1,"timestamp":"2026-10-03T02:22:22.367Z","event":"RPC","request_id":"d9fcb29e-6379-48fb-ab43-e53aa5b2cbc2","correlation_id":"d9fcb29e-6379-48fb-ab43-e53aa5b2cbc2","route":"/api/director/canonical-odds","domain":"TOURNAMENT_READ","feature":"ODDS","release":null,"release_source":"UNAVAILABLE","activation":null,"activation_source":"UNAVAILABLE","sha":"cccccccccccccccccccccccccccccccccccccccc","operation_id":null,"mutation_id":null,"job_id":null,"match_id":null,"round":null,"target_count":null,"authority_revision":null,"authority_fingerprint":null,"latency_ms":1509.577,"http_status":200,"query_family":"read_certification_runtime_context_v1","phase":"rpc_transport","outcome":"NOT_APPLICABLE","error_class":null,"domain_error_code":null,"sqlstate":null,"canonical_readback":"NOT_OBSERVED","dropped_events":0}
{"schema_version":1,"timestamp":"2026-10-03T02:22:22.383Z","event":"RPC","request_id":"d9fcb29e-6379-48fb-ab43-e53aa5b2cbc2","correlation_id":"d9fcb29e-6379-48fb-ab43-e53aa5b2cbc2","route":"/api/director/canonical-odds","domain":"TOURNAMENT_READ","feature":"ODDS","release":null,"release_source":"UNAVAILABLE","activation":null,"activation_source":"UNAVAILABLE","sha":"cccccccccccccccccccccccccccccccccccccccc","operation_id":null,"mutation_id":null,"job_id":null,"match_id":null,"round":null,"target_count":null,"authority_revision":null,"authority_fingerprint":null,"latency_ms":15.481,"http_status":200,"query_family":"read_certification_projection_v1","phase":"rpc_transport","outcome":"NOT_APPLICABLE","error_class":null,"domain_error_code":null,"sqlstate":null,"canonical_readback":"NOT_OBSERVED","dropped_events":0}
{"schema_version":1,"timestamp":"2026-10-03T02:22:22.392Z","event":"RPC","request_id":"a3e0610b-8890-413f-b08b-09f4d352b9ba","correlation_id":"a3e0610b-8890-413f-b08b-09f4d352b9ba","route":"/api/director/canonical-odds","domain":"TOURNAMENT_READ","feature":"ODDS","release":null,"release_source":"UNAVAILABLE","activation":null,"activation_source":"UNAVAILABLE","sha":"cccccccccccccccccccccccccccccccccccccccc","operation_id":"bc5affa0-7fca-4522-bcff-eee0ea1fa999","job_id":"1b34b08e0b2d8192bf285487da00d5c2ff5b4145aafea2b349cf963926a593bc","mutation_id":null,"match_id":null,"round":null,"target_count":null,"authority_revision":null,"authority_fingerprint":null,"latency_ms":25.738,"http_status":200,"query_family":"dispatch_certification_odds_v1","phase":"rpc_transport","outcome":"COMMITTED","error_class":null,"domain_error_code":null,"sqlstate":null,"canonical_readback":"NOT_OBSERVED","dropped_events":0}
{"schema_version":1,"timestamp":"2026-10-03T02:22:22.394Z","event":"RPC","request_id":"d9fcb29e-6379-48fb-ab43-e53aa5b2cbc2","correlation_id":"d9fcb29e-6379-48fb-ab43-e53aa5b2cbc2","route":"/api/director/canonical-odds","domain":"ROUND_CONTROL","feature":"ODDS","release":null,"release_source":"UNAVAILABLE","activation":null,"activation_source":"UNAVAILABLE","sha":"cccccccccccccccccccccccccccccccccccccccc","operation_id":null,"mutation_id":null,"job_id":null,"match_id":null,"round":null,"target_count":null,"authority_revision":null,"authority_fingerprint":null,"latency_ms":11.212,"http_status":200,"query_family":"read_certification_runtime_context_v1","phase":"rpc_transport","outcome":"NOT_APPLICABLE","error_class":null,"domain_error_code":null,"sqlstate":null,"canonical_readback":"NOT_OBSERVED","dropped_events":0}
{"schema_version":1,"timestamp":"2026-10-03T02:22:22.412Z","event":"RPC","request_id":"d9fcb29e-6379-48fb-ab43-e53aa5b2cbc2","correlation_id":"d9fcb29e-6379-48fb-ab43-e53aa5b2cbc2","route":"/api/director/canonical-odds","domain":"ROUND_CONTROL","feature":"ODDS","release":null,"release_source":"UNAVAILABLE","activation":null,"activation_source":"UNAVAILABLE","sha":"cccccccccccccccccccccccccccccccccccccccc","job_id":"1b34b08e0b2d8192bf285487da00d5c2ff5b4145aafea2b349cf963926a593bc","operation_id":null,"mutation_id":null,"match_id":null,"round":null,"target_count":null,"authority_revision":null,"authority_fingerprint":null,"latency_ms":17.035,"http_status":200,"query_family":"dispatch_certification_odds_v1","phase":"rpc_transport","outcome":"COMMITTED","error_class":null,"domain_error_code":null,"sqlstate":null,"canonical_readback":"NOT_OBSERVED","dropped_events":0}
{"schema_version":1,"timestamp":"2026-10-03T02:22:22.418Z","event":"RPC","request_id":"a3e0610b-8890-413f-b08b-09f4d352b9ba","correlation_id":"a3e0610b-8890-413f-b08b-09f4d352b9ba","route":"/api/director/canonical-odds","domain":"TOURNAMENT_READ","feature":"ODDS","release":null,"release_source":"UNAVAILABLE","activation":null,"activation_source":"UNAVAILABLE","sha":"cccccccccccccccccccccccccccccccccccccccc","operation_id":"9e79e9cc-890f-496d-a03d-2227df7947e0","job_id":"1b34b08e0b2d8192bf285487da00d5c2ff5b4145aafea2b349cf963926a593bc","mutation_id":null,"match_id":null,"round":null,"target_count":null,"authority_revision":null,"authority_fingerprint":null,"latency_ms":24.587,"http_status":200,"query_family":"dispatch_certification_odds_v1","phase":"rpc_transport","outcome":"COMMITTED","error_class":null,"domain_error_code":null,"sqlstate":null,"canonical_readback":"NOT_OBSERVED","dropped_events":0}
{"schema_version":1,"timestamp":"2026-10-03T02:22:22.425Z","event":"RPC","request_id":"d9fcb29e-6379-48fb-ab43-e53aa5b2cbc2","correlation_id":"d9fcb29e-6379-48fb-ab43-e53aa5b2cbc2","route":"/api/director/canonical-odds","domain":"ROUND_CONTROL","feature":"ODDS","release":null,"release_source":"UNAVAILABLE","activation":null,"activation_source":"UNAVAILABLE","sha":"cccccccccccccccccccccccccccccccccccccccc","job_id":"1b34b08e0b2d8192bf285487da00d5c2ff5b4145aafea2b349cf963926a593bc","operation_id":null,"mutation_id":null,"match_id":null,"round":null,"target_count":null,"authority_revision":null,"authority_fingerprint":null,"latency_ms":13.58,"http_status":200,"query_family":"dispatch_certification_odds_v1","phase":"rpc_transport","outcome":"COMMITTED","error_class":null,"domain_error_code":null,"sqlstate":null,"canonical_readback":"NOT_OBSERVED","dropped_events":0}
{"schema_version":1,"timestamp":"2026-10-03T02:22:22.426Z","event":"REQUEST","request_id":"d9fcb29e-6379-48fb-ab43-e53aa5b2cbc2","correlation_id":"d9fcb29e-6379-48fb-ab43-e53aa5b2cbc2","route":"/api/director/canonical-odds","domain":"ODDS","feature":"ODDS","release":null,"release_source":"UNAVAILABLE","activation":null,"activation_source":"UNAVAILABLE","sha":"cccccccccccccccccccccccccccccccccccccccc","job_id":"1b34b08e0b2d8192bf285487da00d5c2ff5b4145aafea2b349cf963926a593bc","operation_id":null,"mutation_id":null,"match_id":null,"round":null,"target_count":null,"authority_revision":null,"authority_fingerprint":null,"latency_ms":1579.352,"http_status":200,"query_family":null,"phase":null,"outcome":"NOT_APPLICABLE","error_class":null,"domain_error_code":null,"sqlstate":null,"canonical_readback":"NOT_OBSERVED","dropped_events":0}
{"schema_version":1,"timestamp":"2026-10-03T02:22:22.849Z","event":"RPC","request_id":"c43392fa-d591-4176-92a2-e8f8f8455ce6","correlation_id":"c43392fa-d591-4176-92a2-e8f8f8455ce6","route":"/api/director/canonical-odds","domain":"TOURNAMENT_READ","feature":"ODDS","release":null,"release_source":"UNAVAILABLE","activation":null,"activation_source":"UNAVAILABLE","sha":"cccccccccccccccccccccccccccccccccccccccc","operation_id":null,"mutation_id":null,"job_id":null,"match_id":null,"round":null,"target_count":null,"authority_revision":null,"authority_fingerprint":null,"latency_ms":21.819,"http_status":200,"query_family":"read_certification_runtime_context_v1","phase":"rpc_transport","outcome":"NOT_APPLICABLE","error_class":null,"domain_error_code":null,"sqlstate":null,"canonical_readback":"NOT_OBSERVED","dropped_events":0}
{"schema_version":1,"timestamp":"2026-10-03T02:22:22.865Z","event":"RPC","request_id":"c43392fa-d591-4176-92a2-e8f8f8455ce6","correlation_id":"c43392fa-d591-4176-92a2-e8f8f8455ce6","route":"/api/director/canonical-odds","domain":"TOURNAMENT_READ","feature":"ODDS","release":null,"release_source":"UNAVAILABLE","activation":null,"activation_source":"UNAVAILABLE","sha":"cccccccccccccccccccccccccccccccccccccccc","operation_id":null,"mutation_id":null,"job_id":null,"match_id":null,"round":null,"target_count":null,"authority_revision":null,"authority_fingerprint":null,"latency_ms":15.594,"http_status":200,"query_family":"read_certification_runtime_context_v1","phase":"rpc_transport","outcome":"NOT_APPLICABLE","error_class":null,"domain_error_code":null,"sqlstate":null,"canonical_readback":"NOT_OBSERVED","dropped_events":0}
{"schema_version":1,"timestamp":"2026-10-03T02:22:22.880Z","event":"RPC","request_id":"c43392fa-d591-4176-92a2-e8f8f8455ce6","correlation_id":"c43392fa-d591-4176-92a2-e8f8f8455ce6","route":"/api/director/canonical-odds","domain":"TOURNAMENT_READ","feature":"ODDS","release":null,"release_source":"UNAVAILABLE","activation":null,"activation_source":"UNAVAILABLE","sha":"cccccccccccccccccccccccccccccccccccccccc","operation_id":null,"mutation_id":null,"job_id":null,"match_id":null,"round":null,"target_count":null,"authority_revision":null,"authority_fingerprint":null,"latency_ms":14.983,"http_status":200,"query_family":"read_certification_projection_v1","phase":"rpc_transport","outcome":"NOT_APPLICABLE","error_class":null,"domain_error_code":null,"sqlstate":null,"canonical_readback":"NOT_OBSERVED","dropped_events":0}
{"schema_version":1,"timestamp":"2026-10-03T02:22:22.892Z","event":"RPC","request_id":"c43392fa-d591-4176-92a2-e8f8f8455ce6","correlation_id":"c43392fa-d591-4176-92a2-e8f8f8455ce6","route":"/api/director/canonical-odds","domain":"ROUND_CONTROL","feature":"ODDS","release":null,"release_source":"UNAVAILABLE","activation":null,"activation_source":"UNAVAILABLE","sha":"cccccccccccccccccccccccccccccccccccccccc","operation_id":null,"mutation_id":null,"job_id":null,"match_id":null,"round":null,"target_count":null,"authority_revision":null,"authority_fingerprint":null,"latency_ms":11.128,"http_status":200,"query_family":"read_certification_runtime_context_v1","phase":"rpc_transport","outcome":"NOT_APPLICABLE","error_class":null,"domain_error_code":null,"sqlstate":null,"canonical_readback":"NOT_OBSERVED","dropped_events":0}
{"schema_version":1,"timestamp":"2026-10-03T02:22:22.907Z","event":"RPC","request_id":"c43392fa-d591-4176-92a2-e8f8f8455ce6","correlation_id":"c43392fa-d591-4176-92a2-e8f8f8455ce6","route":"/api/director/canonical-odds","domain":"ROUND_CONTROL","feature":"ODDS","release":null,"release_source":"UNAVAILABLE","activation":null,"activation_source":"UNAVAILABLE","sha":"cccccccccccccccccccccccccccccccccccccccc","job_id":"1b34b08e0b2d8192bf285487da00d5c2ff5b4145aafea2b349cf963926a593bc","operation_id":null,"mutation_id":null,"match_id":null,"round":null,"target_count":null,"authority_revision":null,"authority_fingerprint":null,"latency_ms":15.413,"http_status":200,"query_family":"dispatch_certification_odds_v1","phase":"rpc_transport","outcome":"COMMITTED","error_class":null,"domain_error_code":null,"sqlstate":null,"canonical_readback":"NOT_OBSERVED","dropped_events":0}
{"schema_version":1,"timestamp":"2026-10-03T02:22:22.926Z","event":"RPC","request_id":"c43392fa-d591-4176-92a2-e8f8f8455ce6","correlation_id":"c43392fa-d591-4176-92a2-e8f8f8455ce6","route":"/api/director/canonical-odds","domain":"ROUND_CONTROL","feature":"ODDS","release":null,"release_source":"UNAVAILABLE","activation":null,"activation_source":"UNAVAILABLE","sha":"cccccccccccccccccccccccccccccccccccccccc","job_id":"1b34b08e0b2d8192bf285487da00d5c2ff5b4145aafea2b349cf963926a593bc","operation_id":null,"mutation_id":null,"match_id":null,"round":null,"target_count":null,"authority_revision":null,"authority_fingerprint":null,"latency_ms":18.307,"http_status":200,"query_family":"dispatch_certification_odds_v1","phase":"rpc_transport","outcome":"COMMITTED","error_class":null,"domain_error_code":null,"sqlstate":null,"canonical_readback":"NOT_OBSERVED","dropped_events":0}
{"schema_version":1,"timestamp":"2026-10-03T02:22:22.926Z","event":"REQUEST","request_id":"c43392fa-d591-4176-92a2-e8f8f8455ce6","correlation_id":"c43392fa-d591-4176-92a2-e8f8f8455ce6","route":"/api/director/canonical-odds","domain":"ODDS","feature":"ODDS","release":null,"release_source":"UNAVAILABLE","activation":null,"activation_source":"UNAVAILABLE","sha":"cccccccccccccccccccccccccccccccccccccccc","job_id":"1b34b08e0b2d8192bf285487da00d5c2ff5b4145aafea2b349cf963926a593bc","operation_id":null,"mutation_id":null,"match_id":null,"round":null,"target_count":null,"authority_revision":null,"authority_fingerprint":null,"latency_ms":101.629,"http_status":200,"query_family":null,"phase":null,"outcome":"NOT_APPLICABLE","error_class":null,"domain_error_code":null,"sqlstate":null,"canonical_readback":"NOT_OBSERVED","dropped_events":0}
{"schema_version":1,"timestamp":"2026-10-03T02:22:22.946Z","event":"RPC","request_id":"7dd2795b-a02d-49b3-8bd1-5d8a07998ec7","correlation_id":"7dd2795b-a02d-49b3-8bd1-5d8a07998ec7","route":"/api/director/canonical-odds","domain":"TOURNAMENT_READ","feature":"ODDS","release":null,"release_source":"UNAVAILABLE","activation":null,"activation_source":"UNAVAILABLE","sha":"cccccccccccccccccccccccccccccccccccccccc","operation_id":null,"mutation_id":null,"job_id":null,"match_id":null,"round":null,"target_count":null,"authority_revision":null,"authority_fingerprint":null,"latency_ms":16.843,"http_status":200,"query_family":"read_certification_runtime_context_v1","phase":"rpc_transport","outcome":"NOT_APPLICABLE","error_class":null,"domain_error_code":null,"sqlstate":null,"canonical_readback":"NOT_OBSERVED","dropped_events":0}
{"schema_version":1,"timestamp":"2026-10-03T02:22:22.979Z","event":"RPC","request_id":"7dd2795b-a02d-49b3-8bd1-5d8a07998ec7","correlation_id":"7dd2795b-a02d-49b3-8bd1-5d8a07998ec7","route":"/api/director/canonical-odds","domain":"TOURNAMENT_READ","feature":"ODDS","release":null,"release_source":"UNAVAILABLE","activation":null,"activation_source":"UNAVAILABLE","sha":"cccccccccccccccccccccccccccccccccccccccc","operation_id":null,"mutation_id":null,"job_id":null,"match_id":null,"round":null,"target_count":null,"authority_revision":null,"authority_fingerprint":null,"latency_ms":32.46,"http_status":200,"query_family":"read_certification_runtime_context_v1","phase":"rpc_transport","outcome":"NOT_APPLICABLE","error_class":null,"domain_error_code":null,"sqlstate":null,"canonical_readback":"NOT_OBSERVED","dropped_events":0}
{"schema_version":1,"timestamp":"2026-10-03T02:22:23.004Z","event":"RPC","request_id":"7dd2795b-a02d-49b3-8bd1-5d8a07998ec7","correlation_id":"7dd2795b-a02d-49b3-8bd1-5d8a07998ec7","route":"/api/director/canonical-odds","domain":"TOURNAMENT_READ","feature":"ODDS","release":null,"release_source":"UNAVAILABLE","activation":null,"activation_source":"UNAVAILABLE","sha":"cccccccccccccccccccccccccccccccccccccccc","operation_id":null,"mutation_id":null,"job_id":null,"match_id":null,"round":null,"target_count":null,"authority_revision":null,"authority_fingerprint":null,"latency_ms":24.296,"http_status":200,"query_family":"read_certification_projection_v1","phase":"rpc_transport","outcome":"NOT_APPLICABLE","error_class":null,"domain_error_code":null,"sqlstate":null,"canonical_readback":"NOT_OBSERVED","dropped_events":0}
{"schema_version":1,"timestamp":"2026-10-03T02:22:23.026Z","event":"RPC","request_id":"7dd2795b-a02d-49b3-8bd1-5d8a07998ec7","correlation_id":"7dd2795b-a02d-49b3-8bd1-5d8a07998ec7","route":"/api/director/canonical-odds","domain":"ROUND_CONTROL","feature":"ODDS","release":null,"release_source":"UNAVAILABLE","activation":null,"activation_source":"UNAVAILABLE","sha":"cccccccccccccccccccccccccccccccccccccccc","operation_id":null,"mutation_id":null,"job_id":null,"match_id":null,"round":null,"target_count":null,"authority_revision":null,"authority_fingerprint":null,"latency_ms":21.57,"http_status":200,"query_family":"read_certification_runtime_context_v1","phase":"rpc_transport","outcome":"NOT_APPLICABLE","error_class":null,"domain_error_code":null,"sqlstate":null,"canonical_readback":"NOT_OBSERVED","dropped_events":0}
{"schema_version":1,"timestamp":"2026-10-03T02:22:23.042Z","event":"RPC","request_id":"7dd2795b-a02d-49b3-8bd1-5d8a07998ec7","correlation_id":"7dd2795b-a02d-49b3-8bd1-5d8a07998ec7","route":"/api/director/canonical-odds","domain":"ROUND_CONTROL","feature":"ODDS","release":null,"release_source":"UNAVAILABLE","activation":null,"activation_source":"UNAVAILABLE","sha":"cccccccccccccccccccccccccccccccccccccccc","operation_id":"52ea9e69-64f1-4e23-a63e-90ce446d6d11","job_id":"1b34b08e0b2d8192bf285487da00d5c2ff5b4145aafea2b349cf963926a593bc","mutation_id":null,"match_id":null,"round":null,"target_count":null,"authority_revision":null,"authority_fingerprint":null,"latency_ms":15.527,"http_status":200,"query_family":"dispatch_certification_odds_v1","phase":"rpc_transport","outcome":"COMMITTED","error_class":null,"domain_error_code":null,"sqlstate":null,"canonical_readback":"NOT_OBSERVED","dropped_events":0}
{"schema_version":1,"timestamp":"2026-10-03T02:22:23.080Z","event":"RPC","request_id":"7dd2795b-a02d-49b3-8bd1-5d8a07998ec7","correlation_id":"7dd2795b-a02d-49b3-8bd1-5d8a07998ec7","route":"/api/director/canonical-odds","domain":"ROUND_CONTROL","feature":"ODDS","release":null,"release_source":"UNAVAILABLE","activation":null,"activation_source":"UNAVAILABLE","sha":"cccccccccccccccccccccccccccccccccccccccc","operation_id":"52ea9e69-64f1-4e23-a63e-90ce446d6d11","job_id":"1b34b08e0b2d8192bf285487da00d5c2ff5b4145aafea2b349cf963926a593bc","mutation_id":null,"match_id":null,"round":null,"target_count":null,"authority_revision":null,"authority_fingerprint":null,"latency_ms":37.721,"http_status":200,"query_family":"dispatch_certification_odds_v1","phase":"rpc_transport","outcome":"COMMITTED","error_class":null,"domain_error_code":null,"sqlstate":null,"canonical_readback":"NOT_OBSERVED","dropped_events":0}
{"schema_version":1,"timestamp":"2026-10-03T02:22:23.081Z","event":"REQUEST","request_id":"7dd2795b-a02d-49b3-8bd1-5d8a07998ec7","correlation_id":"7dd2795b-a02d-49b3-8bd1-5d8a07998ec7","route":"/api/director/canonical-odds","domain":"ODDS","feature":"ODDS","release":null,"release_source":"UNAVAILABLE","activation":null,"activation_source":"UNAVAILABLE","sha":"cccccccccccccccccccccccccccccccccccccccc","operation_id":"52ea9e69-64f1-4e23-a63e-90ce446d6d11","job_id":"1b34b08e0b2d8192bf285487da00d5c2ff5b4145aafea2b349cf963926a593bc","mutation_id":null,"match_id":null,"round":null,"target_count":null,"authority_revision":null,"authority_fingerprint":null,"latency_ms":152.171,"http_status":200,"query_family":null,"phase":null,"outcome":"NOT_APPLICABLE","error_class":null,"domain_error_code":null,"sqlstate":null,"canonical_readback":"NOT_OBSERVED","dropped_events":0}
{"schema_version":1,"timestamp":"2026-10-03T02:22:23.095Z","event":"RPC","request_id":"7f38fe8b-127a-4fd5-b3fc-ae6e82b5dbcd","correlation_id":"7f38fe8b-127a-4fd5-b3fc-ae6e82b5dbcd","route":"/api/director/canonical-odds","domain":"TOURNAMENT_READ","feature":"ODDS","release":null,"release_source":"UNAVAILABLE","activation":null,"activation_source":"UNAVAILABLE","sha":"cccccccccccccccccccccccccccccccccccccccc","operation_id":null,"mutation_id":null,"job_id":null,"match_id":null,"round":null,"target_count":null,"authority_revision":null,"authority_fingerprint":null,"latency_ms":10.055,"http_status":200,"query_family":"read_certification_runtime_context_v1","phase":"rpc_transport","outcome":"NOT_APPLICABLE","error_class":null,"domain_error_code":null,"sqlstate":null,"canonical_readback":"NOT_OBSERVED","dropped_events":0}
{"schema_version":1,"timestamp":"2026-10-03T02:22:23.104Z","event":"RPC","request_id":"7f38fe8b-127a-4fd5-b3fc-ae6e82b5dbcd","correlation_id":"7f38fe8b-127a-4fd5-b3fc-ae6e82b5dbcd","route":"/api/director/canonical-odds","domain":"TOURNAMENT_READ","feature":"ODDS","release":null,"release_source":"UNAVAILABLE","activation":null,"activation_source":"UNAVAILABLE","sha":"cccccccccccccccccccccccccccccccccccccccc","operation_id":null,"mutation_id":null,"job_id":null,"match_id":null,"round":null,"target_count":null,"authority_revision":null,"authority_fingerprint":null,"latency_ms":8.913,"http_status":200,"query_family":"read_certification_runtime_context_v1","phase":"rpc_transport","outcome":"NOT_APPLICABLE","error_class":null,"domain_error_code":null,"sqlstate":null,"canonical_readback":"NOT_OBSERVED","dropped_events":0}
{"schema_version":1,"timestamp":"2026-10-03T02:22:23.115Z","event":"RPC","request_id":"7f38fe8b-127a-4fd5-b3fc-ae6e82b5dbcd","correlation_id":"7f38fe8b-127a-4fd5-b3fc-ae6e82b5dbcd","route":"/api/director/canonical-odds","domain":"TOURNAMENT_READ","feature":"ODDS","release":null,"release_source":"UNAVAILABLE","activation":null,"activation_source":"UNAVAILABLE","sha":"cccccccccccccccccccccccccccccccccccccccc","operation_id":null,"mutation_id":null,"job_id":null,"match_id":null,"round":null,"target_count":null,"authority_revision":null,"authority_fingerprint":null,"latency_ms":10.266,"http_status":200,"query_family":"read_certification_projection_v1","phase":"rpc_transport","outcome":"NOT_APPLICABLE","error_class":null,"domain_error_code":null,"sqlstate":null,"canonical_readback":"NOT_OBSERVED","dropped_events":0}
{"schema_version":1,"timestamp":"2026-10-03T02:22:23.124Z","event":"RPC","request_id":"7f38fe8b-127a-4fd5-b3fc-ae6e82b5dbcd","correlation_id":"7f38fe8b-127a-4fd5-b3fc-ae6e82b5dbcd","route":"/api/director/canonical-odds","domain":"ROUND_CONTROL","feature":"ODDS","release":null,"release_source":"UNAVAILABLE","activation":null,"activation_source":"UNAVAILABLE","sha":"cccccccccccccccccccccccccccccccccccccccc","operation_id":"52ea9e69-64f1-4e23-a63e-90ce446d6d11","mutation_id":null,"job_id":null,"match_id":null,"round":null,"target_count":null,"authority_revision":null,"authority_fingerprint":null,"latency_ms":9.05,"http_status":200,"query_family":"read_certification_odds_operation_v1","phase":"rpc_transport","outcome":"NOT_APPLICABLE","error_class":null,"domain_error_code":null,"sqlstate":null,"canonical_readback":"NOT_OBSERVED","dropped_events":0}
{"schema_version":1,"timestamp":"2026-10-03T02:22:23.124Z","event":"REQUEST","request_id":"7f38fe8b-127a-4fd5-b3fc-ae6e82b5dbcd","correlation_id":"7f38fe8b-127a-4fd5-b3fc-ae6e82b5dbcd","route":"/api/director/canonical-odds","domain":"ODDS","feature":"ODDS","release":null,"release_source":"UNAVAILABLE","activation":null,"activation_source":"UNAVAILABLE","sha":"cccccccccccccccccccccccccccccccccccccccc","operation_id":null,"mutation_id":null,"job_id":null,"match_id":null,"round":null,"target_count":null,"authority_revision":null,"authority_fingerprint":null,"latency_ms":40.797,"http_status":200,"query_family":null,"phase":null,"outcome":"NOT_APPLICABLE","error_class":null,"domain_error_code":null,"sqlstate":null,"canonical_readback":"NOT_OBSERVED","dropped_events":0}
{"schema_version":1,"timestamp":"2026-10-03T02:22:23.135Z","event":"RPC","request_id":"5067402b-dce3-444d-83c0-32e34f999d97","correlation_id":"5067402b-dce3-444d-83c0-32e34f999d97","route":"/api/director/canonical-odds","domain":"TOURNAMENT_READ","feature":"ODDS","release":null,"release_source":"UNAVAILABLE","activation":null,"activation_source":"UNAVAILABLE","sha":"cccccccccccccccccccccccccccccccccccccccc","operation_id":null,"mutation_id":null,"job_id":null,"match_id":null,"round":null,"target_count":null,"authority_revision":null,"authority_fingerprint":null,"latency_ms":9.171,"http_status":200,"query_family":"read_certification_runtime_context_v1","phase":"rpc_transport","outcome":"NOT_APPLICABLE","error_class":null,"domain_error_code":null,"sqlstate":null,"canonical_readback":"NOT_OBSERVED","dropped_events":0}
{"schema_version":1,"timestamp":"2026-10-03T02:22:23.144Z","event":"RPC","request_id":"5067402b-dce3-444d-83c0-32e34f999d97","correlation_id":"5067402b-dce3-444d-83c0-32e34f999d97","route":"/api/director/canonical-odds","domain":"TOURNAMENT_READ","feature":"ODDS","release":null,"release_source":"UNAVAILABLE","activation":null,"activation_source":"UNAVAILABLE","sha":"cccccccccccccccccccccccccccccccccccccccc","operation_id":null,"mutation_id":null,"job_id":null,"match_id":null,"round":null,"target_count":null,"authority_revision":null,"authority_fingerprint":null,"latency_ms":8.935,"http_status":200,"query_family":"read_certification_runtime_context_v1","phase":"rpc_transport","outcome":"NOT_APPLICABLE","error_class":null,"domain_error_code":null,"sqlstate":null,"canonical_readback":"NOT_OBSERVED","dropped_events":0}
{"schema_version":1,"timestamp":"2026-10-03T02:22:23.155Z","event":"RPC","request_id":"5067402b-dce3-444d-83c0-32e34f999d97","correlation_id":"5067402b-dce3-444d-83c0-32e34f999d97","route":"/api/director/canonical-odds","domain":"TOURNAMENT_READ","feature":"ODDS","release":null,"release_source":"UNAVAILABLE","activation":null,"activation_source":"UNAVAILABLE","sha":"cccccccccccccccccccccccccccccccccccccccc","operation_id":null,"mutation_id":null,"job_id":null,"match_id":null,"round":null,"target_count":null,"authority_revision":null,"authority_fingerprint":null,"latency_ms":10.103,"http_status":200,"query_family":"read_certification_projection_v1","phase":"rpc_transport","outcome":"NOT_APPLICABLE","error_class":null,"domain_error_code":null,"sqlstate":null,"canonical_readback":"NOT_OBSERVED","dropped_events":0}
{"schema_version":1,"timestamp":"2026-10-03T02:22:23.164Z","event":"RPC","request_id":"5067402b-dce3-444d-83c0-32e34f999d97","correlation_id":"5067402b-dce3-444d-83c0-32e34f999d97","route":"/api/director/canonical-odds","domain":"ROUND_CONTROL","feature":"ODDS","release":null,"release_source":"UNAVAILABLE","activation":null,"activation_source":"UNAVAILABLE","sha":"cccccccccccccccccccccccccccccccccccccccc","operation_id":null,"mutation_id":null,"job_id":null,"match_id":null,"round":null,"target_count":null,"authority_revision":null,"authority_fingerprint":null,"latency_ms":8.997,"http_status":200,"query_family":"read_certification_runtime_context_v1","phase":"rpc_transport","outcome":"NOT_APPLICABLE","error_class":null,"domain_error_code":null,"sqlstate":null,"canonical_readback":"NOT_OBSERVED","dropped_events":0}
{"schema_version":1,"timestamp":"2026-10-03T02:22:23.178Z","event":"RPC","request_id":"5067402b-dce3-444d-83c0-32e34f999d97","correlation_id":"5067402b-dce3-444d-83c0-32e34f999d97","route":"/api/director/canonical-odds","domain":"ROUND_CONTROL","feature":"ODDS","release":null,"release_source":"UNAVAILABLE","activation":null,"activation_source":"UNAVAILABLE","sha":"cccccccccccccccccccccccccccccccccccccccc","operation_id":null,"mutation_id":null,"job_id":null,"match_id":null,"round":null,"target_count":null,"authority_revision":null,"authority_fingerprint":null,"latency_ms":13.4,"http_status":200,"query_family":"dispatch_certification_odds_v1","phase":"rpc_transport","outcome":"COMMITTED","error_class":null,"domain_error_code":null,"sqlstate":null,"canonical_readback":"NOT_OBSERVED","dropped_events":0}
{"schema_version":1,"timestamp":"2026-10-03T02:22:23.190Z","event":"RPC","request_id":"5067402b-dce3-444d-83c0-32e34f999d97","correlation_id":"5067402b-dce3-444d-83c0-32e34f999d97","route":"/api/director/canonical-odds","domain":"ROUND_CONTROL","feature":"ODDS","release":null,"release_source":"UNAVAILABLE","activation":null,"activation_source":"UNAVAILABLE","sha":"cccccccccccccccccccccccccccccccccccccccc","operation_id":null,"mutation_id":null,"job_id":null,"match_id":null,"round":null,"target_count":null,"authority_revision":null,"authority_fingerprint":null,"latency_ms":12.07,"http_status":200,"query_family":"dispatch_certification_odds_v1","phase":"rpc_transport","outcome":"COMMITTED","error_class":null,"domain_error_code":null,"sqlstate":null,"canonical_readback":"NOT_OBSERVED","dropped_events":0}
{"schema_version":1,"timestamp":"2026-10-03T02:22:23.190Z","event":"REQUEST","request_id":"5067402b-dce3-444d-83c0-32e34f999d97","correlation_id":"5067402b-dce3-444d-83c0-32e34f999d97","route":"/api/director/canonical-odds","domain":"ODDS","feature":"ODDS","release":null,"release_source":"UNAVAILABLE","activation":null,"activation_source":"UNAVAILABLE","sha":"cccccccccccccccccccccccccccccccccccccccc","operation_id":null,"mutation_id":null,"job_id":null,"match_id":null,"round":null,"target_count":null,"authority_revision":null,"authority_fingerprint":null,"latency_ms":64.73,"http_status":200,"query_family":null,"phase":null,"outcome":"NOT_APPLICABLE","error_class":null,"domain_error_code":null,"sqlstate":null,"canonical_readback":"NOT_OBSERVED","dropped_events":0}
